clave,nombre,latitud,longitud,altitud,estado,municipio,region_hidrologica,cuenca,downloaded,readable,n_valid_window,cobertura,principal
C01001,Aguascalientes,21.850278,-102.290833,1891,Aguascalientes,Aguascalientes,12,Presa El Niágara,True,True,2678,0.45824777549623547,False
C01030,Aguascalientes,21.895556,-102.308611,1889,Aguascalientes,Aguascalientes,12,Presa El Niágara,True,True,4292,0.7344284736481862,False
C01097,Aguascalientes 2,21.905556,-102.265,1946,Aguascalientes,Aguascalientes,12,Presa El Niágara,True,True,3856,0.6598220396988365,False
AGSAG,"Aguascalientes, Ags.",21.895,-102.309722,1865,Aguascalientes,Aguascalientes,12,Presa El Niágara,True,True,5611,0.9601300479123888,True
C01062,Arellano,21.801944,-102.273056,1911,Aguascalientes,Aguascalientes,12,Presa Ajojucar,True,True,4259,0.7287816563997263,False
C01096,Calvillito,21.835278,-102.1825,1970,Aguascalientes,Aguascalientes,12,Presa El Niágara,True,True,4291,0.7342573579739904,False
CLVAG,"Calvillo, Ags.",21.826667,-102.189167,1950,Aguascalientes,Aguascalientes,12,Presa El Niágara,True,True,4014,0.686858316221766,False
C01004,Cañada Honda,22.000833,-102.198889,1925,Aguascalientes,Aguascalientes,12,Presa El Niágara,True,True,4295,0.7349418206707734,False
CHOAG,"Cañada Honda, Ags.",22.007222,-102.197222,1925,Aguascalientes,Aguascalientes,12,Presa El Niágara,True,True,4002,0.6848049281314168,False
C01074,Cieneguilla,21.731111,-102.452778,1839,Aguascalientes,Aguascalientes,12,Presa Ajojucar,True,True,4300,0.7357973990417522,False
C01043,E.T.A. 127 Aguascalientes,21.883333,-102.3,1855,Aguascalientes,Aguascalientes,12,Presa El Niágara,True,True,0,0.0,False
CDZAG,"El Cedazo, Ags.",21.866667,-102.2625,0,Aguascalientes,Aguascalientes,12,Presa El Niágara,True,True,59,0.010095824777549623,False
NGRAG,"El Niágara, Ags.",21.78,-102.371667,1828,Aguascalientes,Aguascalientes,12,Presa El Niágara,True,True,5841,0.9994866529774127,True
C01077,El Ocote,21.782778,-102.5175,2045,Aguascalientes,Aguascalientes,12,Presa Ajojucar,True,True,3710,0.634839151266256,False
C01016,Ganadería Peñuelas,21.710556,-102.282222,1850,Aguascalientes,Aguascalientes,12,Río Encarnación,True,True,0,0.0,False
C01076,Los Negritos,21.870556,-102.349167,1887,Aguascalientes,Aguascalientes,12,Presa El Niágara,True,True,2725,0.466290212183436,False
LNGAG,"Los Negritos, Ags.",21.870278,-102.349167,1845,Aguascalientes,Aguascalientes,12,Presa El Niágara,True,True,1021,0.17470910335386722,False
C01075,Montoro,21.757222,-102.302222,1871,Aguascalientes,Aguascalientes,12,Presa Ajojucar,True,True,4261,0.7291238877481178,False
OBSAG,"Observatorio de Aguascalientes, Ags.",21.850833,-102.290556,1874,Aguascalientes,Aguascalientes,12,Presa El Niágara,True,True,5831,0.9977754962354551,True
C01063,Peñuelas,21.725,-102.275,1870,Aguascalientes,Aguascalientes,12,Río Encarnación,True,True,0,0.0,False
C01079,Peñuelas,21.725833,-102.272222,1900,Aguascalientes,Aguascalientes,12,Río Encarnación,True,True,4202,0.7190280629705681,False
C01005,Presa El Niágara,21.780556,-102.371667,1844,Aguascalientes,Aguascalientes,12,Presa El Niágara,True,True,4291,0.7342573579739904,False
C01022,San Bartolo,21.748056,-102.170278,1998,Aguascalientes,Aguascalientes,12,Río Encarnación,True,True,4305,0.7366529774127311,False
BRTAG,"San Bartolo, Ags.",21.738611,-102.184167,1965,Aguascalientes,Aguascalientes,12,Río Encarnación,True,True,3864,0.6611909650924025,False
C01024,San Isidro,21.778611,-102.103889,2004,Aguascalientes,Aguascalientes,12,Río Encarnación,True,True,4148,0.7097878165639973,False
C01036,Santa Rosa,21.816667,-102.3,1860,Aguascalientes,Aguascalientes,12,Presa El Niágara,True,True,0,0.0,False
C01006,El Tule,22.081667,-102.091389,1960,Aguascalientes,Asientos,12,Presa El Niágara,True,True,0,0.0,False
C01045,El Tule,22.083056,-102.091111,1982,Aguascalientes,Asientos,12,Presa El Niágara,True,True,3935,0.6733401779603012,False
C01032,Las Fraguas,22.039167,-101.8925,2086,Aguascalientes,Asientos,12,Presa El Niágara,True,True,4026,0.688911704312115,False
C01081,Rancho Seco,22.088333,-101.967222,2067,Aguascalientes,Asientos,12,Presa El Niágara,True,True,4045,0.6921629021218344,False
C01084,San Gil,22.208333,-102.022222,2032,Aguascalientes,Asientos,12,Presa El Niágara,True,True,4322,0.7395619438740588,False
C01085,Tepetatillo,22.091111,-102.181389,2040,Aguascalientes,Asientos,12,Río San Pedro,True,True,4106,0.7026009582477755,False
C01028,Villa Juárez,22.100833,-102.067778,1999,Aguascalientes,Asientos,12,Presa El Niágara,True,True,4315,0.7383641341546886,False
VJZAG,"Villa Juárez, Ags.",22.097778,-102.0675,1970,Aguascalientes,Asientos,12,Presa El Niágara,True,True,3913,0.6695756331279945,False
C01047,Agua Zarca,21.974167,-102.584444,2417,Aguascalientes,Calvillo,12,Río Juchipila 1,True,True,2120,0.36276522929500343,False
C01003,Calvillo,21.883333,-102.718889,1640,Aguascalientes,Calvillo,12,Río Juchipila 1,True,True,0,0.0,False
C01023,Calvillo,21.836667,-102.711667,1685,Aguascalientes,Calvillo,12,Río Juchipila 1,True,True,4125,0.7058521560574949,False
C01078,El Ocote,21.890278,-102.8325,2329,Aguascalientes,Calvillo,12,Río Juchipila 1,True,True,3405,0.5826488706365504,False
CDRAG,"La Codorniz, Ags.",21.9975,-102.676944,1783,Aguascalientes,Calvillo,12,Río Juchipila 1,True,True,5674,0.9709103353867214,True
C01009,La Labor,21.962222,-102.694722,1740,Aguascalientes,Calvillo,12,Río Juchipila 1,True,True,0,0.0,False
C01046,La Labor,21.964444,-102.697222,1785,Aguascalientes,Calvillo,12,Río Juchipila 1,True,True,4103,0.7020876112251883,False
C01091,Los Alisos,21.742222,-102.716944,2216,Aguascalientes,Calvillo,12,Río Juchipila 1,True,True,4165,0.7126967830253251,False
C01011,Malpaso,21.86,-102.663889,1730,Aguascalientes,Calvillo,12,Río Juchipila 1,True,True,4229,0.7236481861738535,False
MALAG,"Malpaso, Ags.",21.858056,-102.653333,0,Aguascalientes,Calvillo,12,Río Juchipila 1,True,True,137,0.02344284736481862,False
MNLAG,"Media Luna, Ags.",21.8075,-102.788333,1585,Aguascalientes,Calvillo,12,Río Juchipila 1,True,True,5745,0.9830595482546202,True
C01020,Presa La Codorniz,21.996667,-102.674167,1850,Aguascalientes,Calvillo,12,Río Juchipila 1,True,True,4287,0.7335728952772074,False
C01012,Presa Media Luna,21.794444,-102.801667,1589,Aguascalientes,Calvillo,12,Río Juchipila 1,True,True,4322,0.7395619438740588,False
C01088,Cosió,22.362778,-102.296944,2023,Aguascalientes,Cosío,12,Río San Pedro,True,True,4317,0.7387063655030801,False
CSOAG,"Cosío, Ags.",22.362778,-102.296667,1885,Aguascalientes,Cosío,12,Río San Pedro,True,True,5769,0.9871663244353183,True
C01031,El Novillo,22.018889,-101.999167,2043,Aguascalientes,El Llano,12,Río Encarnación,True,True,4322,0.7395619438740588,False
NVLAG,"El Novillo, Ags.",22.020556,-102.001944,2010,Aguascalientes,El Llano,12,Río Encarnación,True,True,4012,0.6865160848733745,False
C01099,Jesús Terán (El Muerto),21.975833,-102.061944,2044,Aguascalientes,El Llano,12,Presa El Niágara,True,True,4169,0.7133812457221081,False
C01073,La Tinaja,21.809444,-102.129722,2027,Aguascalientes,El Llano,12,Presa Ajojucar,True,True,3864,0.6611909650924025,False
TNJAG,"La Tinaja 2, Ags.",21.807778,-102.127778,2010,Aguascalientes,El Llano,12,Presa Ajojucar,True,True,4074,0.6971252566735113,False
C01101,Las Presas,21.909167,-102.086944,2045,Aguascalientes,El Llano,12,Presa El Niágara,True,True,4229,0.7236481861738535,False
C01033,Los Conos,21.897778,-101.9925,2026,Aguascalientes,El Llano,12,Río Encarnación,True,True,4321,0.7393908281998631,False
CNSAG,"Los Conos, Ags.",21.897778,-101.992222,2015,Aguascalientes,El Llano,12,Río Encarnación,True,True,5664,0.9691991786447639,True
C01015,Palo Alto,21.916389,-101.969444,2038,Aguascalientes,El Llano,12,Río Encarnación,True,True,4291,0.7342573579739904,False
PALAG,"Palo Alto, Ags.",21.916667,-101.966667,2015,Aguascalientes,El Llano,12,Río Encarnación,True,True,4054,0.6937029431895961,False
C01035,San Francisco de Los Viveros,21.911944,-102.13,2020,Aguascalientes,El Llano,12,Presa El Niágara,True,True,0,0.0,False
C01034,Sandovales,21.885,-102.109167,2007,Aguascalientes,El Llano,12,Presa El Niágara,True,True,4230,0.7238193018480493,False
SNVAG,"Sandovales, Ags.",21.885,-102.108889,1860,Aguascalientes,El Llano,12,Presa El Niágara,True,True,4097,0.7010609171800137,False
C01104,Abelardo L. Rodríguez,21.914444,-102.428611,1971,Aguascalientes,Jesús María,12,Presa El Niágara,True,True,727,0.12440109514031485,False
ABRAG,"Abelardo L. Rodríguez, Ags.",21.916944,-102.427778,1974,Aguascalientes,Jesús María,12,Presa El Niágara,True,True,2059,0.3523271731690623,False
C01007,Jesús María,21.962222,-102.344722,1880,Aguascalientes,Jesús María,12,Presa El Niágara,True,True,0,0.0,False
C01090,Jesús María,21.962222,-102.350556,1881,Aguascalientes,Jesús María,12,Presa El Niágara,True,True,4230,0.7238193018480493,False
C01098,La Posta U.A.A.,21.9725,-102.3625,1941,Aguascalientes,Jesús María,12,Presa El Niágara,True,True,4120,0.7049965776865161,False
C01106,La Primavera,21.958611,-102.475833,2059,Aguascalientes,Jesús María,12,Presa El Niágara,True,True,3531,0.6042094455852156,False
C01105,Los Cuartos,21.986389,-102.35,1901,Aguascalientes,Jesús María,12,Presa El Niágara,True,True,4182,0.715605749486653,False
C01095,Milpillas de Arriba,21.935,-102.550833,2164,Aguascalientes,Jesús María,12,Presa El Niágara,True,True,3662,0.6266255989048597,False
C01080,Presa Canutillo,21.8375,-102.522222,1950,Aguascalientes,Jesús María,12,Río Juchipila 1,True,True,4261,0.7291238877481178,False
C01027,Venadero,21.877222,-102.463333,2026,Aguascalientes,Jesús María,12,Presa El Niágara,True,True,4235,0.724674880219028,False
C01057,Venadero,21.8725,-102.466667,2000,Aguascalientes,Jesús María,12,Presa El Niágara,True,True,0,0.0,False
JC2AG,"km 1+400 Jocoque hidrométrica, Ags.",22.121111,-102.354444,1970,Aguascalientes,Pabellón de Arteaga,12,Río San Pedro,True,True,9,0.001540041067761807,False
C01014,Pabellón Campo Experimental,22.166944,-102.292778,1934,Aguascalientes,Pabellón de Arteaga,12,Río San Pedro,True,True,3156,0.5400410677618069,False
C01041,Pabellón de Arteaga,22.15,-102.283333,1900,Aguascalientes,Pabellón de Arteaga,12,Río San Pedro,True,True,0,0.0,False
C01102,Pabellón de Arteaga,22.147222,-102.279167,1930,Aguascalientes,Pabellón de Arteaga,12,Río San Pedro,True,True,4314,0.7381930184804928,False
PBLAG,"Pabellón, Ags.",22.147222,-102.279167,1909,Aguascalientes,Pabellón de Arteaga,12,Río San Pedro,True,True,5802,0.9928131416837782,True
PTRAG,"Derivadora Pabellón, Ags.",22.235,-102.4375,2090,Aguascalientes,Rincón de Romos,12,Río San Pedro,True,True,5812,0.9945242984257358,True
C01019,Presa Jocoque,22.128056,-102.359444,2006,Aguascalientes,Rincón de Romos,12,Río San Pedro,True,True,4312,0.7378507871321013,False
C01082,Rincón de Romos,22.231111,-102.315278,1965,Aguascalientes,Rincón de Romos,12,Río San Pedro,True,True,4186,0.716290212183436,False
C01025,San Francisco de Los Romo,22.077222,-102.271111,1880,Aguascalientes,San Francisco de los Romo,12,Presa El Niágara,True,True,0,0.0,False
C01083,San Francisco de Los Romo,22.078889,-102.273056,1909,Aguascalientes,San Francisco de los Romo,12,Presa El Niágara,True,True,3654,0.6252566735112937,False
C01103,Alamitos Campamento,22.1775,-102.586111,2603,Aguascalientes,San José de Gracia,12,Presa Calles,True,True,4225,0.7229637234770705,False
ALMAG,"Alamitos, Ags.",22.177222,-102.585833,2550,Aguascalientes,San José de Gracia,12,Presa Calles,True,True,3347,0.5727241615331964,False
PE2AG,"Calles hidrométrica, Ags.",22.138611,-102.415,2020,Aguascalientes,San José de Gracia,12,Río San Pedro,True,True,10,0.0017111567419575632,False
ANVAG,"Cincuenta Aniversario, Ags.",22.188611,-102.464167,2050,Aguascalientes,San José de Gracia,12,Presa Calles,True,True,4645,0.7948323066392882,False
JCQAG,"Jocoque, Ags.",22.121667,-102.356944,1970,Aguascalientes,San José de Gracia,12,Río San Pedro,True,True,5814,0.9948665297741273,True
C01010,La Tinaja,22.164444,-102.554167,2526,Aguascalientes,San José de Gracia,12,Presa Calles,True,True,4049,0.6928473648186174,False
PECAG,"Plutarco Elías Calles, Ags.",22.141111,-102.417222,2020,Aguascalientes,San José de Gracia,12,Presa Calles,True,True,5837,0.9988021902806297,True
C01089,Presa 50 Aniversario,22.188611,-102.464167,2104,Aguascalientes,San José de Gracia,12,Presa Calles,True,True,3407,0.5829911019849419,False
C01018,Presa Plutarco Elías Calles,22.141389,-102.415278,2053,Aguascalientes,San José de Gracia,12,Presa Calles,True,True,4315,0.7383641341546886,False
C01017,Presa Potrerillos,22.232778,-102.443611,2172,Aguascalientes,San José de Gracia,12,Río San Pedro,True,True,4300,0.7357973990417522,False
C01021,Rancho Viejo,22.123333,-102.511111,2127,Aguascalientes,San José de Gracia,12,Presa Calles,True,True,3863,0.6610198494182067,False
C01108,Arroyo Hondo  (Cycna),22.1825,-102.207778,1999,Aguascalientes,Tepezalá,12,Río San Pedro,True,True,1734,0.29671457905544146,False
C01094,El Chayote,22.286111,-102.235833,1951,Aguascalientes,Tepezalá,12,Río San Pedro,True,True,4096,0.7008898015058179,False
C01013,Mesillas,22.313333,-102.165833,2021,Aguascalientes,Tepezalá,12,Río San Pedro,True,True,3972,0.6796714579055442,False
C01008,Puerto de La Concepción,22.202778,-102.135,2323,Aguascalientes,Tepezalá,12,Río San Pedro,True,True,4318,0.7388774811772758,False
PTOAG,"Puerto de la Concepción, Ags.",22.202778,-102.135,2322,Aguascalientes,Tepezalá,12,Río San Pedro,True,True,5723,0.9792950034223135,True
C01026,Tepezala,22.223611,-102.168889,2110,Aguascalientes,Tepezalá,12,Río San Pedro,True,True,4168,0.7132101300479123,False
C09005,Calle Salto 13,19.383333,-99.216667,2326,Ciudad de México,Álvaro Obregón,26,Ciudad de México,True,True,0,0.0,False
C09059,Castañeda,19.366667,-99.2,2322,Ciudad de México,Álvaro Obregón,26,Ciudad de México,True,True,0,0.0,False
C09046,Colonia Santa Fe,19.383333,-99.233333,2422,Ciudad de México,Álvaro Obregón,26,Ciudad de México,True,True,0,0.0,False
C09023,Guadalupe Inn,19.351389,-99.186111,2270,Ciudad de México,Álvaro Obregón,26,Ciudad de México,True,True,0,0.0,False
C09038,Presa Mixcoac,19.366667,-99.266667,2576,Ciudad de México,Álvaro Obregón,26,Ciudad de México,True,True,0,0.0,False
C09039,Presa Tacubaya,19.397222,-99.2125,2340,Ciudad de México,Álvaro Obregón,26,Ciudad de México,True,True,0,0.0,False
SBADF,"San Bartolo Ameyalco, Cd. de Méx.",19.328611,-99.275,2704,Ciudad de México,Álvaro Obregón,26,Ciudad de México,True,True,5184,0.8870636550308009,True
TELDF,"Tanque el Lienzo, Cd. de Méx.",19.333889,-99.246389,2413,Ciudad de México,Álvaro Obregón,26,Ciudad de México,True,True,5185,0.8872347707049966,True
C09049,Tarango,19.36,-99.2125,2340,Ciudad de México,Álvaro Obregón,26,Ciudad de México,True,True,0,0.0,False
TRGDF,"Tarango, Cd. de Méx.",19.361944,-99.2125,2335,Ciudad de México,Álvaro Obregón,26,Ciudad de México,True,True,5081,0.8694387405886379,True
TNGDF,"Triángulo, Cd. de Méx.",19.399167,-99.211667,2404,Ciudad de México,Álvaro Obregón,26,Ciudad de México,True,True,5184,0.8870636550308009,True
C09003,Aquiles Serdán 46,19.469444,-99.19,2255,Ciudad de México,Azcapotzalco,26,Ciudad de México,True,True,0,0.0,False
CMYDF,"Campamento Mecoaya, Cd. de Méx.",19.486389,-99.183333,2244,Ciudad de México,Azcapotzalco,26,Ciudad de México,True,True,5185,0.8872347707049966,True
C09021,Egipto 7,19.475,-99.186111,2248,Ciudad de México,Azcapotzalco,26,Ciudad de México,True,True,0,0.0,False
PSNDF,"Planta de bombeo Nueva Santa María, Cd. de Méx.",19.468889,-99.163889,2235,Ciudad de México,Azcapotzalco,26,Ciudad de México,True,True,5185,0.8872347707049966,True
PTRDF,"Planta de Tratamiento Rosario, Cd. de Méx.",19.509167,-99.190278,2247,Ciudad de México,Azcapotzalco,26,Ciudad de México,True,True,5185,0.8872347707049966,True
C09011,Colonia del Valle,19.397778,-99.166667,2245,Ciudad de México,Benito Juárez,26,Ciudad de México,True,True,0,0.0,False
DVLDF,"Del Valle, Cd. de Méx.",19.383333,-99.15,2239,Ciudad de México,Benito Juárez,26,Ciudad de México,True,True,5155,0.8821013004791239,True
C09054,General Anaya,19.366667,-99.166667,2240,Ciudad de México,Benito Juárez,26,Ciudad de México,True,True,0,0.0,False
C09040,San Borja 726,19.383333,-99.166667,2250,Ciudad de México,Benito Juárez,26,Ciudad de México,True,True,0,0.0,False
C09070,Campo Experimental Coyoacán,19.351389,-99.172222,2260,Ciudad de México,Coyoacán,26,Ciudad de México,True,True,0,0.0,False
C09008,Ciudad Universitaria,19.328333,-99.183333,2278,Ciudad de México,Coyoacán,26,Xochimilco,True,True,0,0.0,False
C09071,Colonia Educación,19.333889,-99.132222,2250,Ciudad de México,Coyoacán,26,Xochimilco,True,True,4128,0.7063655030800822,False
C09014,Colonia Santa Úrsula Coapa,19.303333,-99.148056,2256,Ciudad de México,Coyoacán,26,Xochimilco,True,True,4097,0.7010609171800137,False
EAZDF,"Estadio Azteca, Cd. de Méx.",19.300556,-99.151944,2256,Ciudad de México,Coyoacán,26,Xochimilco,True,True,5183,0.8868925393566051,True
C09072,Geografía UNAM,19.334167,-99.186944,2278,Ciudad de México,Coyoacán,26,Xochimilco,True,True,0,0.0,False
C09055,Pedro Arvizu 36,19.333333,-99.133333,2240,Ciudad de México,Coyoacán,26,Xochimilco,True,True,0,0.0,False
PXTDF,"Planta de bombeo Xotepingo, Cd. de Méx.",19.331944,-99.143056,2243,Ciudad de México,Coyoacán,26,Xochimilco,True,True,5186,0.8874058863791924,True
CCUDF,"Universidad, Cd. de Méx.",19.346667,-99.180556,2264,Ciudad de México,Coyoacán,26,Ciudad de México,True,True,5185,0.8872347707049966,True
C09016,Cuajimalpa,19.35,-99.3,2777,Ciudad de México,Cuajimalpa de Morelos,26,Ciudad de México,True,True,0,0.0,False
C09019,Desierto de Los Leones,19.313889,-99.309722,2995,Ciudad de México,Cuajimalpa de Morelos,26,Ciudad de México,True,True,0,0.0,False
DTLDF,"Desierto de los Leones, Cd. de Méx.",19.313333,-99.309167,2969,Ciudad de México,Cuajimalpa de Morelos,26,Ciudad de México,True,True,5184,0.8870636550308009,True
EYQDF,"El Yaqui, Cd. de Méx.",19.3625,-99.286389,2962,Ciudad de México,Cuajimalpa de Morelos,26,Ciudad de México,True,True,5186,0.8874058863791924,True
EZCDF,"El Zarco, Méx.",19.295,-99.352222,3131,Ciudad de México,Cuajimalpa de Morelos,26,Ciudad de México,True,True,5185,0.8872347707049966,True
C09030,La Venta Cuajimalpa,19.333333,-99.3,2850,Ciudad de México,Cuajimalpa de Morelos,26,Ciudad de México,True,True,0,0.0,False
LVNDF,"La Venta, Cd. de Méx.",19.340556,-99.3,2870,Ciudad de México,Cuajimalpa de Morelos,26,Ciudad de México,True,True,5186,0.8874058863791924,True
TSLDF,"Santa Fe (Santa Lucía), Cd. de Méx.",19.359722,-99.264444,2587,Ciudad de México,Cuajimalpa de Morelos,26,Ciudad de México,True,True,5186,0.8874058863791924,True
TECDF,"Tanque el Cartero, Cd. de Méx.",19.373056,-99.272222,2560,Ciudad de México,Cuajimalpa de Morelos,26,Ciudad de México,True,True,5186,0.8874058863791924,True
C09033,Colonia Guerrero,19.45,-99.133333,1252,Ciudad de México,Cuauhtémoc,26,Ciudad de México,True,True,0,0.0,False
C09069,Colonia Juárez,19.429167,-99.15,2240,Ciudad de México,Cuauhtémoc,26,Ciudad de México,True,True,0,0.0,False
C09031,Colonia Roma,19.416667,-99.166667,2240,Ciudad de México,Cuauhtémoc,26,Ciudad de México,True,True,0,0.0,False
DDFDF,"Gobierno de la Ciudad de México, Cd. de Méx.",19.431111,-99.131389,2258,Ciudad de México,Cuauhtémoc,26,Ciudad de México,True,True,5186,0.8874058863791924,True
MCRDF,"Marcos Carrillo, Cd. de Méx.",19.403333,-99.133889,2233,Ciudad de México,Cuauhtémoc,26,Ciudad de México,True,True,4891,0.8369267624914443,True
RCMDF,"Radio Comunicación, Cd. de Méx.",19.4,-99.17,2246,Ciudad de México,Cuauhtémoc,26,Ciudad de México,True,True,5183,0.8868925393566051,True
C09015,Ródano 14,19.425,-99.173611,2250,Ciudad de México,Cuauhtémoc,26,Ciudad de México,True,True,0,0.0,False
C09006,Tacuba 7,19.435833,-99.138889,2247,Ciudad de México,Cuauhtémoc,26,Ciudad de México,True,True,0,0.0,False
CMTDF,"Avenida Cien Metros, Cd. de Méx.",19.469722,-99.1375,2234,Ciudad de México,Gustavo A. Madero,26,Ciudad de México,True,True,5185,0.8872347707049966,True
CEADF,"Campamento Amealco, Cd. de Méx.",19.516667,-99.1375,0,Ciudad de México,Gustavo A. Madero,26,Ciudad de México,True,True,5754,0.9845995893223819,True
CYLDF,"Coyol, Cd. de Méx.",19.484167,-99.09,2232,Ciudad de México,Gustavo A. Madero,26,Ciudad de México,True,True,5185,0.8872347707049966,True
C09017,Cuautepec Barrio Bajo,19.542222,-99.130556,2390,Ciudad de México,Gustavo A. Madero,26,Ciudad de México,True,True,0,0.0,False
C09029,Gran Canal Km. 06+250,19.476667,-99.091389,2239,Ciudad de México,Gustavo A. Madero,26,Ciudad de México,True,True,3675,0.6288501026694046,False
C09028,Gran Canal Km. 3+000,19.45,-99.1,2239,Ciudad de México,Gustavo A. Madero,26,Ciudad de México,True,True,0,0.0,False
C09025,Hacienda La Patera,19.512778,-99.158333,2240,Ciudad de México,Gustavo A. Madero,26,Ciudad de México,True,True,0,0.0,False
GCNDF,"km 6+250 del Gran Canal, Cd. de Méx.",19.478056,-99.091667,2243,Ciudad de México,Gustavo A. Madero,26,Ciudad de México,True,True,5648,0.9664613278576317,True
PBLDF,"Planta de bombeo Lindavista, Cd. de Méx.",19.486667,-99.119444,2235,Ciudad de México,Gustavo A. Madero,26,Ciudad de México,True,True,5183,0.8868925393566051,True
PRMDF,"Planta de Tratamiento Río de La Magdalena, Cd. de Méx.",19.513056,-99.154444,2671,Ciudad de México,Gustavo A. Madero,26,Ciudad de México,True,True,5184,0.8870636550308009,True
PRRDF,"Planta de Tratamiento Río Remedios, Cd. de Méx.",19.513056,-99.154444,2244,Ciudad de México,Gustavo A. Madero,26,Ciudad de México,True,True,5186,0.8874058863791924,True
PGNDF,"Planta Generadora 101, Cd. de Méx.",19.455833,-99.097222,2232,Ciudad de México,Gustavo A. Madero,26,Ciudad de México,True,True,5183,0.8868925393566051,True
C09043,San Juan de Aragón,19.465278,-99.079167,2240,Ciudad de México,Gustavo A. Madero,26,Ciudad de México,True,True,3714,0.635523613963039,False
SJADF,"San Juan de Aragón, Cd. de Méx.",19.466667,-99.066667,2340,Ciudad de México,Gustavo A. Madero,26,Ciudad de México,True,True,5670,0.9702258726899384,True
SGDDF,"Sierra Guadalupe, Cd. de Méx.",19.572222,-99.122222,2323,Ciudad de México,Gustavo A. Madero,26,Ciudad de México,True,True,5180,0.8863791923340179,True
TCMDF,"Tanque Chalmita, Cd. de Méx.",19.556111,-99.1425,2293,Ciudad de México,Gustavo A. Madero,26,Ciudad de México,True,True,5182,0.8867214236824094,True
C09062,Vencedora 44,19.483333,-99.133333,2237,Ciudad de México,Gustavo A. Madero,26,Ciudad de México,True,True,0,0.0,False
C09009,Colonia Agrícola Oriental,19.399444,-99.075,2235,Ciudad de México,Iztacalco,26,Ciudad de México,True,True,0,0.0,False
C09056,Ixtacalco,19.3775,-99.128333,2235,Ciudad de México,Iztacalco,26,Ciudad de México,True,True,0,0.0,False
PLMDF,"Planta de bombeo López Mateos, Cd. de Méx.",19.420278,-99.068333,2229,Ciudad de México,Iztacalco,26,Ciudad de México,True,True,5184,0.8870636550308009,True
C09036,Playa Caleta 454 Colonia Marte,19.395278,-99.097778,2235,Ciudad de México,Iztacalco,26,Ciudad de México,True,True,3771,0.6452772073921971,False
SCADF,"Santa Cruz Acatlán, Cd. de Méx.",19.402222,-99.133333,0,Ciudad de México,Iztacalco,26,Ciudad de México,True,True,687,0.1175564681724846,False
CDMDF,"Cárcel de Mujeres, Cd. de Méx.",19.357222,-98.999444,2261,Ciudad de México,Iztapalapa,26,Ciudad de México,True,True,5185,0.8872347707049966,True
EMRDF,"El Moral SACM, Cd. de Méx.",19.377778,-99.066667,0,Ciudad de México,Iztapalapa,26,Ciudad de México,True,True,1475,0.2523956194387406,False
LU4DF,"Lumbrera Cuatro Ríos (El Moral), Cd. de Méx.",19.377778,-99.066667,0,Ciudad de México,Iztapalapa,26,Ciudad de México,True,True,4891,0.8369267624914443,True
C09026,Morelos 77,19.366667,-99.083333,2240,Ciudad de México,Iztapalapa,26,Ciudad de México,True,True,0,0.0,False
OCSDF,"Organismo de Cuenca Aguas del Valle de México Sur, Cd. de Méx.",19.316389,-99.096389,2240,Ciudad de México,Iztapalapa,26,Xochimilco,True,True,5185,0.8872347707049966,True
PBADF,"Planta de bombeo Aculco, Cd. de Méx.",19.379167,-99.100278,2235,Ciudad de México,Iztapalapa,26,Ciudad de México,True,True,5185,0.8872347707049966,True
PMLDF,"Planta de bombeo Municipio Libre, Cd. de Méx.",19.365278,-99.126389,2233,Ciudad de México,Iztapalapa,26,Ciudad de México,True,True,5185,0.8872347707049966,True
PBODF,"Planta de bombeo U.H. Ejército de Oriente, Cd. de Méx.",19.38,-99.037778,2227,Ciudad de México,Iztapalapa,26,Ciudad de México,True,True,5186,0.8874058863791924,True
PLEDF,"Planta de Tratamiento Cerro de La Estrella, Cd. de Méx.",19.336944,-99.076389,2253,Ciudad de México,Iztapalapa,26,Ciudad de México,True,True,5185,0.8872347707049966,True
SCMDF,"Rebombeo La Quebradora (Santa Cruz Meyehualco), Cd. de Méx.",19.338333,-99.028889,0,Ciudad de México,Iztapalapa,26,Ciudad de México,True,True,5185,0.8872347707049966,True
C09052,Unidad Modelo,19.366667,-99.116667,2229,Ciudad de México,Iztapalapa,26,Ciudad de México,True,True,0,0.0,False
HYTDF,"Huayatla, Cd. de Méx.",19.308056,-99.2625,2725,Ciudad de México,La Magdalena Contreras,26,Ciudad de México,True,True,5186,0.8874058863791924,True
C09067,Monte Alegre,19.216667,-99.283333,3450,Ciudad de México,La Magdalena Contreras,26,Ciudad de México,True,True,0,0.0,False
MAGDF,"Monte Alegre, Cd. de Méx.",19.216667,-99.283333,3298,Ciudad de México,La Magdalena Contreras,26,Ciudad de México,True,True,5183,0.8868925393566051,True
C09037,Presa Ansaldo,19.333333,-99.216667,2363,Ciudad de México,La Magdalena Contreras,26,Ciudad de México,True,True,0,0.0,False
TSFDF,"Tanque San Francisco, Cd. de Méx.",19.316667,-99.248611,2494,Ciudad de México,La Magdalena Contreras,26,Ciudad de México,True,True,5185,0.8872347707049966,True
C09064,Chapultepec,19.416667,-99.183333,2261,Ciudad de México,Miguel Hidalgo,26,Ciudad de México,True,True,0,0.0,False
CHLDF,"Chapultepec lago, Cd. de Méx.",19.423333,-99.183889,2236,Ciudad de México,Miguel Hidalgo,26,Ciudad de México,True,True,1232,0.2108145106091718,False
C09010,Colonia América,19.4125,-99.201667,2271,Ciudad de México,Miguel Hidalgo,26,Ciudad de México,True,True,3770,0.6451060917180014,False
C09012,Colonia Escandón,19.401389,-99.177222,2245,Ciudad de México,Miguel Hidalgo,26,Ciudad de México,True,True,0,0.0,False
C09047,Colonia Tacuba,19.459722,-99.189444,2255,Ciudad de México,Miguel Hidalgo,26,Ciudad de México,True,True,0,0.0,False
C09050,Lomas de Chapultepec,19.433333,-99.216667,2314,Ciudad de México,Miguel Hidalgo,26,Ciudad de México,True,True,0,0.0,False
CTMDF,"Observatorio de Tacubaya, Cd. de Méx.",19.406389,-99.196111,2303,Ciudad de México,Miguel Hidalgo,26,Ciudad de México,True,True,879,0.1504106776180698,False
PCHDF,"Planta Chapultepec, Cd. de Méx.",19.413056,-99.2,2271,Ciudad de México,Miguel Hidalgo,26,Ciudad de México,True,True,5175,0.885523613963039,True
PCTDF,"Planta Chapultepec, Cd. de Méx.",19.41,-99.2,0,Ciudad de México,Miguel Hidalgo,26,Ciudad de México,True,True,1678,0.2871321013004791,False
PBTDF,"Planta de bombeo Tizoc, Cd. de Méx.",19.435556,-99.170556,2242,Ciudad de México,Miguel Hidalgo,26,Ciudad de México,True,True,5185,0.8872347707049966,True
C09048,Tacubaya Central,19.403611,-99.196111,2309,Ciudad de México,Miguel Hidalgo,26,Ciudad de México,True,True,3013,0.5155715263518138,False
TSJDF,"Tanque San Joaquín, Cd. de Méx.",19.436389,-99.228611,2325,Ciudad de México,Miguel Hidalgo,26,Ciudad de México,True,True,5184,0.8870636550308009,True
C09032,Milpa Alta,19.190556,-99.021944,2420,Ciudad de México,Milpa Alta,26,Río La Compañía,True,True,3180,0.5441478439425051,False
MLPDF,"Milpa Alta, Cd. de Méx.",19.187222,-99.026944,2510,Ciudad de México,Milpa Alta,26,Río La Compañía,True,True,5154,0.8819301848049281,True
C09044,San Lorenzo,19.175,-99.031111,2640,Ciudad de México,Milpa Alta,26,Río La Compañía,True,True,31,0.0053045859000684465,False
CTNDF,"San Salvador Cuauhtenco, Cd. de Méx.",19.190278,-99.09,2781,Ciudad de México,Milpa Alta,26,Xochimilco,True,True,5184,0.8870636550308009,True
C09045,Santa Ana Tlacotenco,19.178889,-99.002778,2595,Ciudad de México,Milpa Alta,26,Río La Compañía,True,True,3648,0.6242299794661191,False
SANDF,"Santa Ana, Cd. de Méx.",19.166667,-99.0,2780,Ciudad de México,Milpa Alta,26,Río La Compañía,True,True,5176,0.8856947296372347,True
TTLDF,"Tetelco, Cd. de Méx.",19.210278,-98.970833,2255,Ciudad de México,Milpa Alta,26,Río La Compañía,True,True,5184,0.8870636550308009,True
C09058,Vertedor Milpa Alta,19.183333,-99.016667,2488,Ciudad de México,Milpa Alta,26,Río La Compañía,True,True,0,0.0,False
C09068,Puente La Llave,19.429167,-99.052778,2234,Ciudad de México,Nezahualcóyotl,26,Ciudad de México,True,True,3890,0.6656399726214921,False
SSCDF,"La Caldera (Subestación eléctrica Santa Lucía), Méx.",19.320833,-98.960556,2245,Ciudad de México,Tláhuac,26,Río La Compañía,True,True,5155,0.8821013004791239,True
PSCDF,"Planta de Tratamiento Santa Catarina, Cd. de Méx.",19.299167,-99.023056,2245,Ciudad de México,Tláhuac,26,Xochimilco,True,True,5185,0.8872347707049966,True
SPPDF,"San Pedro Tláhuac, Cd. de Méx.",19.281389,-99.009722,0,Ciudad de México,Tláhuac,26,Río La Compañía,True,True,5185,0.8872347707049966,True
C09051,Tláhuac,19.262778,-99.003611,2240,Ciudad de México,Tláhuac,26,Río La Compañía,True,True,3759,0.643223819301848,False
C09002,Ajusco,19.216667,-99.2,2900,Ciudad de México,Tlalpan,26,Xochimilco,True,True,0,0.0,False
AJSDF,"Ajusco, Cd. de Méx.",19.218611,-99.210278,3014,Ciudad de México,Tlalpan,26,Xochimilco,True,True,5186,0.8874058863791924,True
C09004,Calvario 61,19.203056,-99.149167,2726,Ciudad de México,Tlalpan,26,Xochimilco,True,True,3778,0.6464750171115674,False
CFSDF,"Caseta Forestal, Cd. de Méx.",19.155556,-99.208333,2988,Ciudad de México,Tlalpan,26,Xochimilco,True,True,5184,0.8870636550308009,True
C09020,Desviación Alta Al Pedregal,19.296944,-99.182222,2296,Ciudad de México,Tlalpan,26,Xochimilco,True,True,3655,0.6254277891854894,False
DATDF,"Desviación Alta, Cd. de Méx.",19.3,-99.205,2296,Ciudad de México,Tlalpan,26,Xochimilco,True,True,5394,0.9229979466119097,True
C09022,El Guarda,19.134444,-99.173056,2990,Ciudad de México,Tlalpan,26,Xochimilco,True,True,2274,0.3891170431211499,False
C09024,Hacienda Peña Pobre,19.3,-99.183333,2290,Ciudad de México,Tlalpan,26,Xochimilco,True,True,0,0.0,False
MZTDF,"Planta Abasolo (Mezontepec), Cd. de Méx.",19.187778,-99.233056,2786,Ciudad de México,Tlalpan,18,Río Amacuzac,True,True,5186,0.8874058863791924,True
PVCDF,"Planta de bombeo Villa Coapa, Cd. de Méx.",19.285833,-99.126111,2239,Ciudad de México,Tlalpan,26,Xochimilco,True,True,5186,0.8874058863791924,True
PSPDF,"Pueblo San Pedro Mártir, Cd. de Méx.",19.263056,-99.171111,2450,Ciudad de México,Tlalpan,26,Xochimilco,True,True,5186,0.8874058863791924,True
RBTDF,"Rebombeo Bosque de Tlalpan, Cd. de Méx.",19.296111,-99.194167,2362,Ciudad de México,Tlalpan,26,Xochimilco,True,True,5184,0.8870636550308009,True
TPJDF,"Topilejo, Cd. de Méx.",19.199444,-99.135833,2556,Ciudad de México,Tlalpan,26,Xochimilco,True,True,5185,0.8872347707049966,True
C09001,Aeropuerto,19.439444,-99.074167,2596,Ciudad de México,Venustiano Carranza,26,Ciudad de México,True,True,0,0.0,False
C09007,Cincel 42,19.416667,-99.116667,2326,Ciudad de México,Venustiano Carranza,26,Ciudad de México,True,True,0,0.0,False
CDVDF,"Ciudad Deportiva, Cd. de Méx.",19.407778,-99.1125,2236,Ciudad de México,Venustiano Carranza,26,Ciudad de México,True,True,5185,0.8872347707049966,True
C09013,Colonia Moctezuma,19.427778,-99.105556,2235,Ciudad de México,Venustiano Carranza,26,Ciudad de México,True,True,0,0.0,False
PBCDF,"Planta de bombeo Churubusco Lago, Cd. de Méx.",19.433333,-99.057778,2236,Ciudad de México,Venustiano Carranza,26,Ciudad de México,True,True,4775,0.8170773442847364,True
TPNDF,"Tanque Peñón, Cd. de Méx.",19.440833,-99.084722,2296,Ciudad de México,Venustiano Carranza,26,Ciudad de México,True,True,5185,0.8872347707049966,True
C09034,Moyoguarda,19.25,-99.1,2260,Ciudad de México,Xochimilco,26,Xochimilco,True,True,0,0.0,False
PNTDF,"Planta Nativitas, Cd. de Méx.",19.246389,-99.090833,2253,Ciudad de México,Xochimilco,26,Xochimilco,True,True,5186,0.8874058863791924,True
PSLDF,"Planta San Luis, Cd. de Méx.",19.233333,-99.05,2246,Ciudad de México,Xochimilco,26,Xochimilco,True,True,5185,0.8872347707049966,True
C09041,San Francisco Tlalnepantla,19.196667,-99.128611,2620,Ciudad de México,Xochimilco,26,Xochimilco,True,True,3341,0.5716974674880219,False
C09042,San Gregorio Atlapulco,19.216667,-99.083333,2549,Ciudad de México,Xochimilco,26,Xochimilco,True,True,0,0.0,False
C10032,Huazamota,22.525,-104.493056,552,Durango,Mezquital,12,Río Jesús María,True,True,0,0.0,False
HZMDR,"Huazamota, Dgo.",22.523611,-104.493056,1150,Durango,Mezquital,12,Río Jesús María,True,True,15,0.002566735112936345,False
C10015,Los Charcos,23.008333,-104.303611,2700,Durango,Mezquital,12,Río Jesús María,True,True,0,0.0,False
C10157,El Alemán,23.336389,-104.1675,2177,Durango,Súchil,12,Río San Juan,True,True,3407,0.5829911019849419,False
C10151,La Michila,23.383333,-104.25,2480,Durango,Súchil,12,Río San Juan,True,True,0,0.0,False
C10159,Piedra Herrada,23.387778,-104.247222,2492,Durango,Súchil,12,Río San Juan,True,True,3494,0.5978781656399726,False
C11001,Abasolo,20.446667,-101.536389,1761,Guanajuato,Abasolo,12,Río Lerma 5,True,True,4230,0.7238193018480493,False
ABSGJ,"Abasolo, Gto.",20.446944,-101.536667,1715,Guanajuato,Abasolo,12,Río Lerma 5,True,True,5807,0.993668720054757,True
C11160,San Isidro,20.577778,-101.537222,1694,Guanajuato,Abasolo,12,Río Lerma 5,True,True,3287,0.562457221081451,False
C11002,Acámbaro,20.0325,-100.712222,1860,Guanajuato,Acámbaro,12,Río Lerma 4,True,True,4018,0.687542778918549,False
ACNGJ,"Acámbaro, Gto.",20.0325,-100.712222,1850,Guanajuato,Acámbaro,12,Río Lerma 4,True,True,5805,0.9933264887063655,True
C11027,Iramuco,19.983333,-100.916667,1840,Guanajuato,Acámbaro,12,Lago de Cuitzeo,True,True,0,0.0,False
C11149,Parácuaro,20.110556,-100.723611,1890,Guanajuato,Acámbaro,12,Río Lerma 4,True,True,2860,0.4893908281998631,False
C11076,Presa Solís,20.053889,-100.672778,1901,Guanajuato,Acámbaro,12,Río Lerma 4,True,True,4018,0.687542778918549,False
SL2GJ,"Solis, Gto.",20.05,-100.666667,1879,Guanajuato,Acámbaro,12,Río Lerma 3,True,True,1325,0.22672826830937715,False
SLSGJ,"Solís, Gto.",20.055278,-100.669722,1879,Guanajuato,Acámbaro,12,Río Lerma 3,True,True,5843,0.9998288843258042,True
C11006,Apaseo El Alto,20.455,-100.620833,1875,Guanajuato,Apaseo el Alto,12,Río La Laja 2,True,True,4199,0.7185147159479809,False
APSGJ,"Apaseo el Alto, Gto.",20.454167,-100.620833,1872,Guanajuato,Apaseo el Alto,12,Río La Laja 2,True,True,5817,0.9953798767967146,True
C11022,El Terrero,20.369722,-100.554722,2099,Guanajuato,Apaseo el Alto,12,Río La Laja 2,True,True,3168,0.5420944558521561,False
C11105,Ameche,20.553611,-100.582778,1780,Guanajuato,Apaseo el Grande,12,Río Querétaro,True,True,4018,0.687542778918549,False
AMCGJ,"Ameche, Gto.",20.553889,-100.5825,1786,Guanajuato,Apaseo el Grande,12,Río Querétaro,True,True,5833,0.9981177275838466,True
C11005,Apaseo,20.544444,-100.685556,1773,Guanajuato,Apaseo el Grande,12,Río La Laja 2,True,True,4199,0.7185147159479809,False
AEGGJ,"Apaseo el Grande, Gto.",20.533333,-100.683333,1771,Guanajuato,Apaseo el Grande,12,Río La Laja 2,True,True,5293,0.9057152635181382,True
C11148,El Obraje,20.667778,-100.608056,2019,Guanajuato,Apaseo el Grande,12,Río Querétaro,True,True,3712,0.6351813826146475,False
C11169,Tres Guerras,20.515556,-100.675,1358,Guanajuato,Apaseo el Grande,12,Río La Laja 2,True,True,3804,0.6509240246406571,False
C11111,Atarjea,21.267222,-99.717778,1245,Guanajuato,Atarjea,26,Río Santa María 3,True,True,3257,0.5573237508555784,False
C11009,Celaya,20.536389,-100.816667,1761,Guanajuato,Celaya,12,Río La Laja 2,True,True,4199,0.7185147159479809,False
C11084,Celaya,20.534722,-100.813611,1752,Guanajuato,Celaya,12,Río La Laja 2,True,True,0,0.0,False
CLYGJ,"Celaya, Gto.",20.536389,-100.816667,1765,Guanajuato,Celaya,12,Río La Laja 2,True,True,5793,0.9912731006160165,True
C11126,El Savilar,20.417778,-100.773056,1790,Guanajuato,Celaya,12,Río La Laja 2,True,True,0,0.0,False
C11100,Roque,20.581389,-100.828056,1722,Guanajuato,Celaya,12,Río La Laja 2,True,True,3712,0.6351813826146475,False
RQEGJ,"Roque, Gto.",20.534722,-100.813611,1752,Guanajuato,Celaya,12,Río La Laja 2,True,True,0,0.0,False
C11092,San Miguel Octopan,20.577778,-100.745556,1764,Guanajuato,Celaya,12,Río La Laja 2,True,True,3469,0.5936002737850787,False
SMOGJ,"San Miguel Octopan, Gto.",20.577778,-100.745833,1764,Guanajuato,Celaya,12,Río La Laja 2,True,True,4542,0.7772073921971252,False
TGRGJ,"Tres Guerras, Gto.",20.515833,-100.775278,1368,Guanajuato,Celaya,12,Río La Laja 2,True,True,3835,0.6562286105407256,False
C11113,Comonfort,20.719722,-100.763333,1790,Guanajuato,Comonfort,12,Río La Laja 2,True,True,3652,0.6249144421629022,False
CMNGJ,"Comonfort, Gto.",20.716667,-100.75,1790,Guanajuato,Comonfort,12,Río La Laja 2,True,True,47,0.008042436687200548,False
C11147,Miraflores,20.775556,-100.933056,1980,Guanajuato,Comonfort,12,Río La Laja 2,True,True,0,0.0,False
C11048,Neutla,20.707778,-100.835556,1933,Guanajuato,Comonfort,12,Río La Laja 2,True,True,2891,0.49469541409993156,False
NEUGJ,"Neutla, Gto.",20.7,-100.833333,1825,Guanajuato,Comonfort,12,Río La Laja 2,True,True,39,0.006673511293634497,False
C11012,Coroneo,20.198333,-100.363333,2271,Guanajuato,Coroneo,12,Río Lerma 3,True,True,4199,0.7185147159479809,False
CORGJ,"Coroneo, Gto.",20.198333,-100.363333,2271,Guanajuato,Coroneo,12,Río Lerma 3,True,True,4942,0.8456536618754278,True
C11013,Cortázar,20.487778,-100.962778,1730,Guanajuato,Cortázar,12,Río La Laja 2,True,True,4168,0.7132101300479123,False
CRTGJ,"Cortázar, Gto.",20.487778,-100.962778,1730,Guanajuato,Cortázar,12,Río La Laja 2,True,True,5643,0.965605749486653,True
C11145,La Gavia,20.398056,-100.885556,2342,Guanajuato,Cortázar,12,Río Lerma 4,True,True,3621,0.6196098562628337,False
C11056,Planta Ramos Millán,20.511667,-100.951389,1735,Guanajuato,Cortázar,12,Río La Laja 2,True,True,3195,0.5467145790554415,False
LGVGJ,"Presa la Gavia, Gto.",20.398333,-100.883611,2330,Guanajuato,Cortázar,12,Río Lerma 4,True,True,5151,0.8814168377823408,True
C11093,San Miguel de Allende,20.430556,-101.016389,1747,Guanajuato,Cortázar,12,Río Lerma 4,True,True,4109,0.7031143052703628,False
SMAGJ,"San Miguel de Allende, Gto.",20.430833,-101.016389,1747,Guanajuato,Cortázar,12,Río Lerma 4,True,True,3978,0.6806981519507187,False
VDCGJ,"Victoria de Cortázar, Gto.",20.5,-101.0,1730,Guanajuato,Cortázar,12,Río La Laja 2,True,True,483,0.08264887063655031,False
C11014,Cuerámaro,20.625556,-101.675833,1732,Guanajuato,Cuerámaro,12,Río Lerma 5,True,True,4109,0.7031143052703628,False
CRMGJ,"Cuerámaro, Gto.",20.616667,-101.666667,1755,Guanajuato,Cuerámaro,12,Río Lerma 5,True,True,5697,0.9748459958932238,True
C11015,Charcas,21.139167,-100.330556,2114,Guanajuato,Doctor Mora,12,Río La Laja 1,True,True,3593,0.6148186173853525,False
C11080,Villa Doctor Mora,21.15,-100.316667,2125,Guanajuato,Doctor Mora,12,Río La Laja 1,True,True,0,0.0,False
C11008,Cañada de Gonzalez,21.164722,-101.119167,2125,Guanajuato,Dolores Hidalgo Cuna de la Independencia Nacional,12,Río La Laja 1,True,True,0,0.0,False
C11016,Dolores Hidalgo,21.166667,-100.933333,1987,Guanajuato,Dolores Hidalgo Cuna de la Independencia Nacional,12,Río La Laja 1,True,True,0,0.0,False
C11017,Dolores Hidalgo,21.152222,-100.951389,1937,Guanajuato,Dolores Hidalgo Cuna de la Independencia Nacional,12,Río La Laja 1,True,True,4199,0.7185147159479809,False
DHGGJ,"Dolores Hidalgo, Gto.",21.15,-100.933333,1937,Guanajuato,Dolores Hidalgo Cuna de la Independencia Nacional,12,Río La Laja 1,True,True,5074,0.8682409308692677,True
C11121,El Pinillo,20.922222,-101.061111,1935,Guanajuato,Dolores Hidalgo Cuna de la Independencia Nacional,12,Río La Laja 1,True,True,3013,0.5155715263518138,False
C11051,Peñuelitas,21.107778,-100.878056,1906,Guanajuato,Dolores Hidalgo Cuna de la Independencia Nacional,12,Río La Laja 1,True,True,4199,0.7185147159479809,False
PNLGJ,"Peñuelitas, Gto.",21.105,-100.878333,1915,Guanajuato,Dolores Hidalgo Cuna de la Independencia Nacional,12,Río La Laja 1,True,True,5786,0.9900752908966461,True
PDLGJ,"Puente Dolores, Gto.",21.168056,-100.900556,1837,Guanajuato,Dolores Hidalgo Cuna de la Independencia Nacional,12,Río La Laja 1,True,True,3863,0.6610198494182067,False
C11057,Rio Lajas,21.2,-100.916667,1906,Guanajuato,Dolores Hidalgo Cuna de la Independencia Nacional,12,Río La Laja 1,True,True,0,0.0,False
C11096,Salamanca,21.069722,-101.028889,2239,Guanajuato,Dolores Hidalgo Cuna de la Independencia Nacional,12,Río La Laja 1,True,True,4199,0.7185147159479809,False
C11060,Salvatierra,20.921944,-101.045556,2059,Guanajuato,Dolores Hidalgo Cuna de la Independencia Nacional,12,Río La Laja 1,True,True,4018,0.687542778918549,False
C11135,Arperos,21.100278,-101.398333,1992,Guanajuato,Guanajuato,12,Río Lerma 5,True,True,3681,0.6298767967145791,False
C11007,Calderones,20.991667,-101.227222,2357,Guanajuato,Guanajuato,12,Río Lerma 5,True,True,3622,0.6197809719370294,False
C11141,Ciénega de Negros,21.173333,-101.241667,2475,Guanajuato,Guanajuato,12,Río La Laja 1,True,True,3478,0.5951403148528405,False
C11124,El Chapín,20.871944,-101.244444,1853,Guanajuato,Guanajuato,12,Río Lerma 5,True,True,4018,0.687542778918549,False
ECHGJ,"El Chapín, Gto.",20.872222,-101.244444,1775,Guanajuato,Guanajuato,12,Río Lerma 5,True,True,5398,0.9236824093086927,True
C11024,Guanajuato,21.005556,-101.285556,1999,Guanajuato,Guanajuato,12,Río Lerma 5,True,True,4018,0.687542778918549,False
C11094,Guanajuato,21.014722,-101.266111,1995,Guanajuato,Guanajuato,12,Río Lerma 5,True,True,1096,0.18754277891854895,False
SPEGJ,"La Esperanza, Gto.",21.05,-101.255833,0,Guanajuato,Guanajuato,12,Río Lerma 5,True,True,13,0.0022245037645448325,False
C11130,La Luz,21.063611,-101.338611,2391,Guanajuato,Guanajuato,12,Río Lerma 5,True,True,3023,0.5172826830937713,False
PRSGJ,"La Purísima, Gto.",20.867222,-101.287778,1839,Guanajuato,Guanajuato,12,Río Lerma 5,True,True,5828,0.9972621492128679,True
SLDGJ,"La Soledad, Gto.",21.04,-101.279722,2001,Guanajuato,Guanajuato,12,Río Lerma 5,True,True,623,0.1066050650239562,False
TRNGJ,"La Trinidad, Gto.",20.910556,-101.255278,1863,Guanajuato,Guanajuato,12,Río Lerma 5,True,True,40,0.006844626967830253,False
TORGJ,"Las Torres, Gto.",21.016667,-101.226111,0,Guanajuato,Guanajuato,12,Río Lerma 5,True,True,10,0.0017111567419575632,False
GTOGJ,"Observatorio de Guanajuato, Gto.",21.014167,-101.266111,1999,Guanajuato,Guanajuato,12,Río Lerma 5,True,True,5793,0.9912731006160165,True
C11137,Presa La Purísima,20.87,-101.294722,1840,Guanajuato,Guanajuato,12,Río Lerma 5,True,True,4199,0.7185147159479809,False
C11070,Santa Julia,21.072222,-101.196111,2552,Guanajuato,Guanajuato,12,Río La Laja 1,True,True,4199,0.7185147159479809,False
C11103,Valenciana,21.034167,-101.255833,2147,Guanajuato,Guanajuato,12,Río Lerma 5,True,True,2751,0.4707392197125257,False
C11004,Aldama,20.816944,-101.318889,1800,Guanajuato,Irapuato,12,Río Lerma 5,True,True,3287,0.562457221081451,False
ANSGJ,"Arandas, Gto.",20.712778,-101.370833,1740,Guanajuato,Irapuato,12,Río Lerma 5,True,True,4078,0.6978097193702943,False
C11170,C.E.M.S.I. Irapuato,20.688889,-101.378333,1715,Guanajuato,Irapuato,12,Río Lerma 5,True,True,0,0.0,False
CPLGJ,"Copalillo, Gto.",20.721667,-101.346667,0,Guanajuato,Irapuato,12,Río Lerma 5,True,True,185,0.03165639972621492,False
C11134,El Conejo,20.715833,-101.369722,1740,Guanajuato,Irapuato,12,Río Lerma 5,True,True,4199,0.7185147159479809,False
ECNGJ,"El Conejo, Gto.",20.715833,-101.37,1720,Guanajuato,Irapuato,12,Río Lerma 5,True,True,5711,0.9772416153319644,True
C11164,El Copal,20.740833,-101.335278,1750,Guanajuato,Irapuato,12,Río Lerma 5,True,True,31,0.0053045859000684465,False
C11028,Irapuato,20.668333,-101.337222,1729,Guanajuato,Irapuato,12,Río Lerma 5,True,True,4199,0.7185147159479809,False
IRPGJ,"Irapuato, Gto.",20.683333,-101.35,1724,Guanajuato,Irapuato,12,Río Lerma 5,True,True,5807,0.993668720054757,True
C11150,San José El Alto,20.709444,-101.261944,1775,Guanajuato,Irapuato,12,Río Lerma 5,True,True,3438,0.5882956878850103,False
TEMGJ,"Temascatío, Gto.",20.6,-101.3,1840,Guanajuato,Irapuato,12,Río Lerma 5,True,True,5766,0.9866529774127311,True
TPCGJ,"Tepalcates, Gto.",20.740278,-101.370833,1770,Guanajuato,Irapuato,12,Río Lerma 5,True,True,451,0.0771731690622861,False
C11171,Jaral del Progreso,20.379722,-101.056111,1735,Guanajuato,Jaral del Progreso,12,Río Lerma 4,True,True,2067,0.35369609856262835,False
JDPGJ,"Jaral del Progreso, Gto.",20.38,-101.056389,1735,Guanajuato,Jaral del Progreso,12,Río Lerma 4,True,True,1908,0.3264887063655031,False
SJLGJ,"Santa Julia, Gto.",20.4,-101.016667,1723,Guanajuato,Jaral del Progreso,12,Río Lerma 4,True,True,5640,0.9650924024640657,True
C11072,Santa Rita,20.298333,-101.066944,1728,Guanajuato,Jaral del Progreso,12,Río Lerma 4,True,True,4018,0.687542778918549,False
SRTGJ,"Santa Rita, Gto.",20.298333,-101.066944,1726,Guanajuato,Jaral del Progreso,12,Río Lerma 4,True,True,5840,0.999315537303217,True
C11139,Camino Blanco,20.175833,-100.642222,2490,Guanajuato,Jerécuaro,12,Río Lerma 4,True,True,0,0.0,False
C11116,Hacienda San Lucas,20.292778,-100.555,2027,Guanajuato,Jerécuaro,12,Río Lerma 4,True,True,3835,0.6562286105407256,False
C11031,Jerécuaro,20.143056,-100.518889,1787,Guanajuato,Jerécuaro,12,Río Lerma 3,True,True,4199,0.7185147159479809,False
JCRGJ,"Jerécuaro, Gto.",20.145556,-100.518333,1931,Guanajuato,Jerécuaro,12,Río Lerma 3,True,True,5331,0.912217659137577,True
C11090,Puroagua,20.083333,-100.416667,2225,Guanajuato,Jerécuaro,12,Río Lerma 3,True,True,0,0.0,False
C11132,Puroagua,20.074722,-100.4575,2013,Guanajuato,Jerécuaro,12,Río Lerma 3,True,True,0,0.0,False
ACSGJ,"Arroyo los castillos, Gto.",21.2,-101.666667,1874,Guanajuato,León,12,Río Lerma 5,True,True,625,0.1069472963723477,False
C11101,C.A.E. León,21.116667,-101.683333,1809,Guanajuato,León,12,Río Turbio,True,True,0,0.0,False
C11020,El Palote,21.172778,-101.696389,1837,Guanajuato,León,12,Río Lerma 5,True,True,4018,0.687542778918549,False
EPLGJ,"El Palote, Gto.",21.173611,-101.678889,1856,Guanajuato,León,12,Río Lerma 5,True,True,5839,0.9991444216290212,True
C11025,Hacienda de Arriba,21.231111,-101.705278,1920,Guanajuato,León,12,Río Lerma 5,True,True,3835,0.6562286105407256,False
C11153,La Laborcita,21.105,-101.552222,1912,Guanajuato,León,12,Río Lerma 5,True,True,2679,0.4584188911704312,False
C11035,La Sandia,20.920556,-101.6975,1771,Guanajuato,León,12,Río Lerma 5,True,True,3590,0.6143052703627653,False
C11039,León,21.1,-101.666667,1800,Guanajuato,León,12,Río Turbio,True,True,0,0.0,False
C11095,León,21.136111,-101.698889,1828,Guanajuato,León,12,Río Lerma 5,True,True,4199,0.7185147159479809,False
LENGJ,"León, Gto.",21.136389,-101.693333,1850,Guanajuato,León,12,Río Lerma 5,True,True,5728,0.9801505817932923,True
C11040,Los Castillos,21.195278,-101.6675,1865,Guanajuato,León,12,Río Lerma 5,True,True,4017,0.6873716632443532,False
CSSGJ,"Los Castillos, Gto.",21.191667,-101.666667,1853,Guanajuato,León,12,Río Lerma 5,True,True,2128,0.36413415468856947,False
CSTGJ,"Los Castillos, Gto.",21.195556,-101.6675,1874,Guanajuato,León,12,Río Lerma 5,True,True,5828,0.9972621492128679,True
C11049,Nuevo Valle Moreno,21.211111,-101.425833,2247,Guanajuato,León,12,Río La Laja 1,True,True,3346,0.5725530458590007,False
C11154,San Francisco de Duran,21.005278,-101.621111,1790,Guanajuato,León,12,Río Lerma 5,True,True,0,0.0,False
C11036,Adjuntas,20.675278,-101.844167,1727,Guanajuato,Manuel Doblado,12,Río Lerma 5,True,True,4199,0.7185147159479809,False
C11112,Ciudad Manuel Doblado,20.809444,-101.9525,1721,Guanajuato,Manuel Doblado,12,Río Turbio,True,True,0,0.0,False
ECLGJ,"El Colorado, Gto.",20.650556,-101.8825,1738,Guanajuato,Manuel Doblado,12,Río Turbio,True,True,92,0.01574264202600958,False
C11019,El Huzache,20.625556,-101.778611,2011,Guanajuato,Manuel Doblado,12,Río Lerma 5,True,True,0,0.0,False
LADGJ,"Las Adjuntas, Gto.",20.675278,-101.844167,1802,Guanajuato,Manuel Doblado,12,Río Lerma 5,True,True,5608,0.9596167008898016,True
C11166,El Gigante,19.9725,-100.451111,1971,Guanajuato,Maravatío,12,Río Lerma 3,True,True,4016,0.6872005475701575,False
CRNGJ,"Cerano, Gto.",20.0,-101.383333,1907,Guanajuato,Morelos,12,Lago de Cuitzeo,True,True,1,0.00017111567419575633,False
C11047,Moroleón,20.125556,-101.191389,1812,Guanajuato,Moroleón,12,Laguna  de Yuriria,True,True,3652,0.6249144421629022,False
MORGJ,"Moroleón, Gto.",20.125556,-101.191389,1812,Guanajuato,Moroleón,12,Laguna  de Yuriria,True,True,1129,0.1931895961670089,False
C11158,Piñícuaro,20.048889,-101.240833,2130,Guanajuato,Moroleón,12,Lago de Cuitzeo,True,True,3288,0.5626283367556468,False
C11131,Las Trojes,21.555,-101.409167,2198,Guanajuato,Ocampo,12,Presa El Cuarenta,True,True,3137,0.5367898699520877,False
C11050,Ocampo,21.65,-101.479722,2253,Guanajuato,Ocampo,12,Presa El Cuarenta,True,True,4199,0.7185147159479809,False
OCMGJ,"Ocampo, Gto.",21.65,-101.48,2220,Guanajuato,Ocampo,12,Presa El Cuarenta,True,True,5723,0.9792950034223135,True
C11063,San Cristobal,21.514444,-101.539444,2123,Guanajuato,Ocampo,12,Presa El Cuarenta,True,True,2462,0.4212867898699521,False
C11003,Agua Tibia,20.510278,-101.629444,1720,Guanajuato,Pénjamo,12,Río Lerma 5,True,True,4199,0.7185147159479809,False
ATBGJ,"Agua Tibia, Gto.",20.499167,-101.625556,1695,Guanajuato,Pénjamo,12,Río Lerma 5,True,True,5738,0.9818617385352498,True
C11018,El Chilarillo,20.5,-101.95,1750,Guanajuato,Pénjamo,12,Río Lerma 6,True,True,0,0.0,False
C11143,El Gallo,20.509722,-101.8175,2348,Guanajuato,Pénjamo,12,Río Lerma 6,True,True,3561,0.6093429158110883,False
C11125,El Nopal,20.605833,-101.805278,2250,Guanajuato,Pénjamo,12,Río Turbio,True,True,0,0.0,False
C11034,La Golondrina,20.434444,-101.718333,1795,Guanajuato,Pénjamo,12,Río Lerma 5,True,True,4199,0.7185147159479809,False
GLNGJ,"La Golondrina, Gto.",20.439167,-101.7425,1939,Guanajuato,Pénjamo,12,Río Lerma 5,True,True,5752,0.9842573579739904,True
C11099,Mariano Abasolo,20.499444,-101.948889,1711,Guanajuato,Pénjamo,12,Río Lerma 6,True,True,4137,0.7079055441478439,False
MABGJ,"Mariano Abasolo, Gto.",20.507222,-101.931111,1740,Guanajuato,Pénjamo,12,Río Lerma 6,True,True,4546,0.7778918548939083,False
C11091,Pénjamo,20.433333,-101.716667,1770,Guanajuato,Pénjamo,12,Río Lerma 5,True,True,0,0.0,False
C11073,Santa Rosa Mineral,20.305556,-101.782778,1708,Guanajuato,Pénjamo,12,Río Lerma 6,True,True,3290,0.5629705681040383,False
C11151,Tacubaya,20.305556,-101.782778,1708,Guanajuato,Pénjamo,12,Río Lerma 6,True,True,3467,0.5932580424366872,False
C11077,Tarándacuaro,20.305556,-101.782778,1708,Guanajuato,Pénjamo,12,Río Lerma 6,True,True,2830,0.48425735797399044,False
C11054,Pueblo Nuevo,20.5275,-101.371389,1715,Guanajuato,Pueblo Nuevo,12,Río Lerma 5,True,True,2495,0.42693360711841205,False
C11029,Jalpa,20.878889,-101.986667,1753,Guanajuato,Purísima del Rincón,12,Río Turbio,True,True,0,0.0,False
C11159,Presa El Barrial,21.048611,-101.838333,1787,Guanajuato,Purísima del Rincón,12,Río Turbio,True,True,4018,0.687542778918549,False
C11055,Purísima de Bustos,21.078611,-101.871111,1794,Guanajuato,Purísima del Rincón,12,Río Turbio,True,True,3560,0.6091718001368925,False
C11138,Presa La Gavia,20.8425,-101.593889,1772,Guanajuato,Romita,12,Río Lerma 5,True,True,4199,0.7185147159479809,False
C11058,Romita,20.87,-101.514722,1755,Guanajuato,Romita,12,Río Lerma 5,True,True,0,0.0,False
C11041,Los Razos,20.675833,-101.148889,1768,Guanajuato,Salamanca,12,Río Lerma 5,True,True,3102,0.5308008213552361,False
C11052,Pericos,20.522222,-101.118333,1719,Guanajuato,Salamanca,12,Río Lerma 4,True,True,3984,0.6817248459958932,False
PERGJ,"Pericos, Gto.",20.5225,-101.111389,1722,Guanajuato,Salamanca,12,Río Lerma 4,True,True,5828,0.9972621492128679,True
SLMGJ,"Salamanca, Gto.",20.565833,-101.199444,1713,Guanajuato,Salamanca,12,Río Lerma 5,True,True,5818,0.9955509924709104,True
C11142,El Cubo,20.280278,-100.899722,1738,Guanajuato,Salvatierra,12,Río Lerma 4,True,True,4018,0.687542778918549,False
ECBGJ,"El Cubo, Gto.",20.279722,-100.9,1775,Guanajuato,Salvatierra,12,Río Lerma 4,True,True,5829,0.9974332648870636,True
C11114,El Refugio,20.035556,-100.936944,2040,Guanajuato,Salvatierra,12,Lago de Cuitzeo,True,True,0,0.0,False
C11021,El Sabino,20.281389,-101.006389,1730,Guanajuato,Salvatierra,12,Río Lerma 4,True,True,3471,0.5939425051334702,False
ESBGJ,"El Sabino, Gto.",20.266667,-101.0,1750,Guanajuato,Salvatierra,12,Río Lerma 4,True,True,1,0.00017111567419575633,False
LMTGJ,"Lomo de Toro, Gto.",20.3,-101.0,0,Guanajuato,Salvatierra,12,Río Lerma 4,True,True,2665,0.4560232717316906,False
SLVGJ,"Salvatierra, Gto.",20.216667,-100.885833,1758,Guanajuato,Salvatierra,12,Río Lerma 4,True,True,5822,0.9962354551676934,True
C11026,Hacienda San Juan,21.468611,-100.921389,2120,Guanajuato,San Diego de la Unión,12,Río La Laja 1,True,True,0,0.0,False
C11163,La Jaula,21.5125,-100.752222,2080,Guanajuato,San Diego de la Unión,12,Río La Laja 1,True,True,0,0.0,False
C11064,San Diego de La Unión,21.465556,-100.871944,2070,Guanajuato,San Diego de la Unión,12,Río La Laja 1,True,True,0,0.0,False
C11065,San Felipe,21.471667,-100.919444,2100,Guanajuato,San Diego de la Unión,12,Río La Laja 1,True,True,4199,0.7185147159479809,False
C11123,Buenavista,21.386111,-101.059722,2130,Guanajuato,San Felipe,12,Río La Laja 1,True,True,0,0.0,False
C11140,El Carbón,21.269444,-101.135556,2115,Guanajuato,San Felipe,12,Río La Laja 1,True,True,2830,0.48425735797399044,False
C11030,Jaral de Berrios,21.695,-101.024444,1859,Guanajuato,San Felipe,26,Arroyo El Puerquito o San Bartolo,True,True,3226,0.55201916495551,False
C11129,La Chirimoya,21.6,-101.083333,2000,Guanajuato,San Felipe,26,Arroyo El Puerquito o San Bartolo,True,True,0,0.0,False
C11059,La Magdalena,21.308611,-101.172778,1830,Guanajuato,San Felipe,12,Río La Laja 1,True,True,2465,0.42180013689253937,False
C11107,La Quemada,21.3225,-101.106667,2003,Guanajuato,San Felipe,12,Río La Laja 1,True,True,4018,0.687542778918549,False
LQMGJ,"La Quemada, Gto.",21.324167,-101.107778,2003,Guanajuato,San Felipe,12,Río La Laja 1,True,True,4985,0.8530116358658453,True
C11117,Lobos,21.35,-101.630556,1834,Guanajuato,San Felipe,12,Presa El Cuarenta,True,True,0,0.0,False
C11045,Media Luna,21.3325,-101.639167,2042,Guanajuato,San Felipe,12,Río Lerma 5,True,True,2923,0.5001711156741958,False
C11061,San Antón,21.469444,-101.218889,2090,Guanajuato,San Felipe,12,Río La Laja 1,True,True,2646,0.4527720739219713,False
C11109,San Felipe,21.480833,-101.151667,2070,Guanajuato,San Felipe,12,Río La Laja 1,True,True,0,0.0,False
SFEGJ,"San Felipe, Gto.",21.483333,-101.216667,2102,Guanajuato,San Felipe,12,Río La Laja 1,True,True,5098,0.8723477070499658,True
C11067,San Juan de Los Llanos,21.283333,-101.316667,2020,Guanajuato,San Felipe,12,Río La Laja 1,True,True,0,0.0,False
C11069,San Pedro de Los Almoloya,21.6,-101.233333,2130,Guanajuato,San Felipe,26,Arroyo El Puerquito o San Bartolo,True,True,0,0.0,False
C11110,Tres Encinos,21.391944,-101.417778,2380,Guanajuato,San Felipe,12,Presa El Cuarenta,True,True,0,0.0,False
BRRGJ,"El Barrial, Gto.",21.048611,-101.838333,2103,Guanajuato,San Francisco del Rincón,12,Río Turbio,True,True,5829,0.9974332648870636,True
EBAGJ,"El Barrial, Gto.",21.05,-101.835278,0,Guanajuato,San Francisco del Rincón,12,Río Turbio,True,True,2765,0.47313483915126625,False
C11023,Guanajal,21.025278,-101.836667,1767,Guanajuato,San Francisco del Rincón,12,Río Turbio,True,True,3409,0.5833333333333334,False
C11157,Peñuelas,20.880833,-101.855556,1753,Guanajuato,San Francisco del Rincón,12,Río Turbio,True,True,3500,0.5989048596851472,False
C11144,El Charape,20.919167,-100.431389,2201,Guanajuato,San José Iturbide,12,Río La Laja 1,True,True,3833,0.6558863791923341,False
C11167,San J. P. de Arriba,20.997222,-100.386111,2134,Guanajuato,San José Iturbide,12,Río La Laja 1,True,True,2704,0.46269678302532513,False
C11088,San José Iturbide,20.997778,-100.385278,2099,Guanajuato,San José Iturbide,12,Río La Laja 1,True,True,0,0.0,False
SJPGJ,"San Juan Pan de Arriba, Gto.",20.9975,-100.386111,2114,Guanajuato,San José Iturbide,12,Río La Laja 1,True,True,1531,0.26197809719370296,False
C11161,El Vergel,21.45,-100.663611,2192,Guanajuato,San Luis de la Paz,12,Río La Laja 1,True,True,3194,0.5465434633812457,False
C11037,Las Mesas,21.503056,-100.443889,1324,Guanajuato,San Luis de la Paz,26,Río Santa María 1,True,True,31,0.0053045859000684465,False
C11043,Lourdes,21.29,-100.701944,1995,Guanajuato,San Luis de la Paz,12,Río La Laja 1,True,True,0,0.0,False
C11053,Pozos,21.22,-100.496111,2206,Guanajuato,San Luis de la Paz,12,Río La Laja 1,True,True,4198,0.7183436002737851,False
POZGJ,"Pozos, Gto.",21.22,-100.496111,2206,Guanajuato,San Luis de la Paz,12,Río La Laja 1,True,True,4358,0.7457221081451061,False
C11172,Presa Paso de Vaqueros,21.351111,-100.375556,1943,Guanajuato,San Luis de la Paz,26,Río Santa María 2,True,True,1795,0.30715263518138264,False
C11062,San Antonio de Los Martinez,21.407778,-100.385556,2280,Guanajuato,San Luis de la Paz,26,Río Santa María 2,True,True,0,0.0,False
C11066,San José Iturbide,21.296389,-100.513889,2041,Guanajuato,San Luis de la Paz,12,Río La Laja 1,True,True,3226,0.55201916495551,False
SLPGJ,"San Luis de la Paz, Gto.",21.3,-100.516667,2020,Guanajuato,San Luis de la Paz,12,Río La Laja 1,True,True,4539,0.776694045174538,False
C11011,Cinco Señores,20.957778,-100.893333,2062,Guanajuato,San Miguel de Allende,12,Río La Laja 1,True,True,4199,0.7185147159479809,False
CSRGJ,"Cinco Señores, Gto.",20.95,-100.9,1909,Guanajuato,San Miguel de Allende,12,Río La Laja 1,True,True,5725,0.979637234770705,True
C11155,Corral de Piedras,20.974722,-100.593333,2041,Guanajuato,San Miguel de Allende,12,Río La Laja 1,True,True,3438,0.5882956878850103,False
C11085,Dos Arroyos,20.833889,-101.061111,2241,Guanajuato,San Miguel de Allende,12,Río La Laja 1,True,True,3957,0.6771047227926078,False
IALGJ,"Ignacio Allende, Gto.",20.848056,-100.825833,1820,Guanajuato,San Miguel de Allende,12,Río La Laja 1,True,True,5841,0.9994866529774127,True
C11033,La Begoña,20.848333,-100.825833,1850,Guanajuato,San Miguel de Allende,12,Río La Laja 1,True,True,4199,0.7185147159479809,False
BEGGJ,"La Begoña, Gto.",20.833333,-100.816667,1820,Guanajuato,San Miguel de Allende,12,Río La Laja 1,True,True,2605,0.44575633127994524,False
C11042,Los Rodríguez,21.040833,-100.640556,2009,Guanajuato,San Miguel de Allende,12,Río La Laja 1,True,True,3561,0.6093429158110883,False
C11122,Presa Jalpa,20.7625,-100.614722,1992,Guanajuato,San Miguel de Allende,12,Río La Laja 2,True,True,3437,0.5881245722108145,False
C11168,San Juan Temascatío,20.897778,-100.720833,2062,Guanajuato,San Miguel de Allende,12,Río La Laja 1,True,True,4199,0.7185147159479809,False
C11118,San Miguel de Allende,20.913889,-100.744444,1904,Guanajuato,San Miguel de Allende,12,Río La Laja 1,True,True,0,0.0,False
C11136,La Joyita,20.668889,-101.006944,1828,Guanajuato,Santa Cruz de Juventino Rosas,12,Río La Laja 2,True,True,3745,0.6408281998631075,False
C11044,Mandujano,20.740278,-101.049444,2059,Guanajuato,Santa Cruz de Juventino Rosas,12,Río La Laja 2,True,True,3867,0.6617043121149897,False
C11068,San Luis de La Paz,20.633056,-100.996389,1748,Guanajuato,Santa Cruz de Juventino Rosas,12,Río La Laja 2,True,True,4169,0.7133812457221081,False
C11098,Santa Cruz Juventino Rosas,20.65,-101.0,1756,Guanajuato,Santa Cruz de Juventino Rosas,12,Río La Laja 2,True,True,0,0.0,False
C11156,El Dormido,20.127222,-101.028333,1907,Guanajuato,Santiago Maravatío,12,Laguna  de Yuriria,True,True,2952,0.5051334702258727,False
C11165,Chichimequillas,21.041944,-101.436111,1898,Guanajuato,Silao de la Victoria,12,Río Lerma 5,True,True,3528,0.6036960985626283,False
C11162,Comanjilla,21.068333,-101.474722,1898,Guanajuato,Silao de la Victoria,12,Río Lerma 5,True,True,4138,0.7080766598220397,False
COMGJ,"Comanjilla, Gto.",21.068056,-101.474722,1898,Guanajuato,Silao de la Victoria,12,Río Lerma 5,True,True,4719,0.8074948665297741,True
C11071,Santa María,20.943333,-101.430278,1768,Guanajuato,Silao de la Victoria,12,Río Lerma 5,True,True,4018,0.687542778918549,False
C11089,Silao,20.95,-101.433333,1777,Guanajuato,Silao de la Victoria,12,Río Lerma 5,True,True,0,0.0,False
SLOGJ,"Silao, Gto.",20.95,-101.433333,1782,Guanajuato,Silao de la Victoria,12,Río Lerma 5,True,True,8,0.0013689253935660506,False
C11074,Silao,19.9975,-100.512222,1977,Guanajuato,Tarandacuao,12,Río Lerma 3,True,True,3539,0.6055783709787816,False
C11078,Tarimoro,19.9975,-100.512222,1937,Guanajuato,Tarandacuao,12,Río Lerma 3,True,True,3804,0.6509240246406571,False
C11075,Soledad Nueva,20.287222,-100.760278,1766,Guanajuato,Tarimoro,12,Río Lerma 4,True,True,2891,0.49469541409993156,False
TARGJ,"Tarimoro, Gto.",20.284722,-100.7525,1819,Guanajuato,Tarimoro,12,Río Lerma 4,True,True,3945,0.6750513347022588,False
C11119,Tierra Blanca,20.287222,-100.760278,1766,Guanajuato,Tarimoro,12,Río Lerma 4,True,True,3256,0.5571526351813826,False
C11146,Las Jícamas,20.275833,-101.358889,1859,Guanajuato,Valle de Santiago,12,Río Lerma 5,True,True,4199,0.7185147159479809,False
LJIGJ,"Las Jícamas, Gto.",20.276111,-101.358889,1859,Guanajuato,Valle de Santiago,12,Río Lerma 5,True,True,4761,0.8146817248459959,True
C11038,Mogotes,20.42,-101.285,1731,Guanajuato,Valle de Santiago,12,Río Lerma 5,True,True,3074,0.526009582477755,False
C11087,San José de Pantoja,20.401667,-101.402778,1693,Guanajuato,Valle de Santiago,12,Río Lerma 5,True,True,2374,0.4062286105407255,False
C11133,Santa María Sanabria,20.418611,-101.299444,1705,Guanajuato,Valle de Santiago,12,Río Lerma 5,True,True,0,0.0,False
C11079,Valle de Santiago,20.382778,-101.178889,1790,Guanajuato,Valle de Santiago,12,Río Lerma 4,True,True,4199,0.7185147159479809,False
VDSGJ,"Valle de Santiago, Gto.",20.382778,-101.178889,1733,Guanajuato,Valle de Santiago,12,Río Lerma 4,True,True,5315,0.909479808350445,True
C11046,Minas de Maguey,21.55,-100.133333,1000,Guanajuato,Victoria,26,Río Santa María 2,True,True,0,0.0,False
C11081,Villa Victoria,21.2,-100.216667,1740,Guanajuato,Victoria,26,Río Victoria,True,True,0,0.0,False
C11082,Villa Victoria,21.213056,-100.22,1759,Guanajuato,Victoria,26,Río Victoria,True,True,3167,0.5419233401779603,False
VVCGJ,"Villa Victoria, Gto.",21.211944,-100.215833,1742,Guanajuato,Victoria,26,Río Victoria,True,True,256,0.04380561259411362,False
C11083,Xichú,21.298611,-100.0925,1318,Guanajuato,Xichú,26,Río Santa María 2,True,True,4199,0.7185147159479809,False
XICGJ,"Xichú, Gto.",21.298889,-100.0925,1318,Guanajuato,Xichú,26,Río Santa María 2,True,True,5027,0.8601984941820671,True
C11010,Cerano,20.101111,-101.395833,1909,Guanajuato,Yuriria,12,Laguna  de Yuriria,True,True,3529,0.6038672142368241,False
LDYGJ,"Laguna de Yuriria, Gto.",20.286944,-101.073056,1736,Guanajuato,Yuriria,12,Río Lerma 4,True,True,5831,0.9977754962354551,True
C11032,Santa Cruz Juventino Rosas,20.221111,-101.136111,1761,Guanajuato,Yuriria,12,Laguna  de Yuriria,True,True,3377,0.5778576317590691,False
C11097,Santa María,20.221667,-101.137222,1751,Guanajuato,Yuriria,12,Laguna  de Yuriria,True,True,0,0.0,False
C12206,Ahuacuotzingo,17.719722,-98.975278,1300,Guerrero,Ahuacuotzingo,18,Río Bajo Atoyac,True,True,3741,0.6401437371663244,False
AHUGR,"Ahuacuotzingo, Gro.",17.719722,-98.975278,1300,Guerrero,Ahuacuotzingo,18,Río Bajo Atoyac,True,True,5716,0.9780971937029432,True
C12138,Ajochitlán,18.154167,-100.5,280,Guerrero,Ajuchitlán del Progreso,18,Río Medio Balsas,True,True,3912,0.6694045174537988,False
AJCGR,"Ajuchitlán, Gro.",18.154167,-100.5,280,Guerrero,Ajuchitlán del Progreso,18,Río Medio Balsas,True,True,3791,0.6486995208761123,False
AFIGR,"Andrés Figueroa, Gro.",18.075833,-100.5175,387,Guerrero,Ajuchitlán del Progreso,18,Río Medio Balsas,True,True,4533,0.7756673511293635,False
C12225,Presa Andrés Figueroa,18.073333,-100.511389,387,Guerrero,Ajuchitlán del Progreso,18,Río Medio Balsas,True,True,1065,0.1822381930184805,False
C12098,San Andrés,18.033333,-100.516667,575,Guerrero,Ajuchitlán del Progreso,18,Río Medio Balsas,True,True,0,0.0,False
C12100,San Cristobal,18.17,-100.489444,290,Guerrero,Ajuchitlán del Progreso,18,Río Medio Balsas,True,True,0,0.0,False
C12077,Santa Fe,18.102222,-100.675556,500,Guerrero,Ajuchitlán del Progreso,18,Río Medio Balsas,True,True,3741,0.6401437371663244,False
C12005,Alcozauca,17.45,-98.383333,1462,Guerrero,Alcozauca de Guerrero,18,Río Tlapaneco,True,True,0,0.0,False
C12106,Alcozauca,17.465278,-98.397222,1360,Guerrero,Alcozauca de Guerrero,18,Río Tlapaneco,True,True,3666,0.6273100616016427,False
C12248,San José Lagunas,17.444444,-98.450278,1820,Guerrero,Alcozauca de Guerrero,18,Río Tlapaneco,True,True,3449,0.5901779603011635,False
C12048,Ixcateopan de Tlapa,17.6225,-98.513333,1036,Guerrero,Alpoyeca,18,Río Tlapaneco,True,True,3714,0.635523613963039,False
IXTGR,"Ixcateopan de Tlapa, Gro.",17.6225,-98.513333,1100,Guerrero,Alpoyeca,18,Río Tlapaneco,True,True,4740,0.811088295687885,True
C12184,Apaxtla,18.134167,-99.925833,1300,Guerrero,Apaxtla,18,Río Medio Balsas,True,True,2392,0.40930869267624914,False
C12008,Arcelia,18.316944,-100.28,414,Guerrero,Arcelia,18,Río Medio Balsas,True,True,3835,0.6562286105407256,False
ARCGR,"Arcelia, Gro.",18.316944,-100.28,460,Guerrero,Arcelia,18,Río Medio Balsas,True,True,46,0.00787132101300479,False
C12063,Palos Altos,18.355556,-100.274444,380,Guerrero,Arcelia,18,Río Medio Balsas,True,True,3341,0.5716974674880219,False
C12080,Santo Tomás,18.090278,-100.234722,355,Guerrero,Arcelia,18,Río Medio Balsas,True,True,0,0.0,False
VGRGR,"Vicente Guerrero, Gro.",18.382778,-100.265833,0,Guerrero,Arcelia,18,Río Medio Balsas,True,True,5797,0.9919575633127995,True
C12130,Atenango del Rio,18.106944,-99.104722,626,Guerrero,Atenango del Río,18,Río Bajo Atoyac,True,True,0,0.0,False
ADRGR,"Atenango del Río, Gro.",18.1,-99.1,0,Guerrero,Atenango del Río,18,Río Bajo Atoyac,True,True,10,0.0017111567419575632,False
C12212,Tuzantlán,18.204444,-99.1825,940,Guerrero,Atenango del Río,18,Río Amacuzac,True,True,2580,0.4414784394250513,False
C12010,Atlamajancingo del Monte,17.308333,-98.605556,1820,Guerrero,Atlamajalcingo del Monte,18,Río Tlapaneco,True,True,0,0.0,False
EFRGR,"El Fraile, Gro.",18.2,-98.4,0,Guerrero,Axutla,18,Río Bajo Atoyac,True,True,13,0.0022245037645448325,False
C12014,Buenavista de Cuellar,18.459444,-99.400833,1394,Guerrero,Buenavista de Cuéllar,18,Río Amacuzac,True,True,4170,0.7135523613963038,False
C12167,Tepetlapa,18.550833,-99.418889,1022,Guerrero,Buenavista de Cuéllar,18,Río Amacuzac,True,True,3802,0.6505817932922656,False
C12032,Chilapa,17.597222,-99.175278,1406,Guerrero,Chilapa de Álvarez,18,Río Bajo Atoyac,True,True,0,0.0,False
C12110,Chilapa,17.608611,-99.175833,1450,Guerrero,Chilapa de Álvarez,18,Río Bajo Atoyac,True,True,3805,0.6510951403148528,False
CHLGR,"Chilapa, Gro.",17.608611,-99.175833,1450,Guerrero,Chilapa de Álvarez,18,Río Bajo Atoyac,True,True,5665,0.9693702943189596,True
ADCGR,"Almacén de Chilpancingo, Gro.",17.6,-99.5,1360,Guerrero,Chilpancingo de los Bravo,18,Río Medio Balsas,True,True,70,0.011978097193702943,False
ODZGR,"Observatorio de Zumpango, Gro.",17.6,-99.5,0,Guerrero,Chilpancingo de los Bravo,18,Río Medio Balsas,True,True,5829,0.9974332648870636,True
C12021,Coahuayutla,18.313333,-101.735,310,Guerrero,Coahuayutla de José María Izazaga,18,Río Bajo Balsas,True,True,3447,0.589835728952772,False
COCGR,"Cocula, Gro.",18.245278,-99.661944,670,Guerrero,Cocula,18,Río Medio Balsas,True,True,2924,0.5003422313483915,False
C12164,E.T.A. 274 Cocula,18.245278,-99.661944,670,Guerrero,Cocula,18,Río Medio Balsas,True,True,3008,0.5147159479808351,False
C12023,Copalillo,18.033333,-99.041111,900,Guerrero,Copalillo,18,Río Bajo Atoyac,True,True,3756,0.6427104722792608,False
C12193,Papalutla,18.020833,-98.905,720,Guerrero,Copalillo,18,Río Bajo Atoyac,True,True,0,0.0,False
PPLGR,"Papalutla, Gro.",18.016667,-98.9,0,Guerrero,Copalillo,18,Río Bajo Atoyac,True,True,18,0.003080082135523614,False
C12154,Zicapa,17.920278,-99.038611,1000,Guerrero,Copalillo,18,Río Bajo Atoyac,True,True,3459,0.5918891170431212,False
C12162,Chamacua,18.266389,-100.668889,300,Guerrero,Coyuca de Catalán,18,Río Medio Balsas,True,True,0,0.0,False
C12027,Cundancito,18.016667,-101.137222,1110,Guerrero,Coyuca de Catalán,18,Río Bajo Balsas,True,True,3467,0.5932580424366872,False
C12037,El Manchón,18.1,-101.051667,1796,Guerrero,Coyuca de Catalán,18,Río Bajo Balsas,True,True,3283,0.561772758384668,False
C12054,Las Pilas del Rio Frio,17.8225,-101.076944,1338,Guerrero,Coyuca de Catalán,18,Río Bajo Balsas,True,True,3346,0.5725530458590007,False
C12055,Los Tiscuiches,18.112222,-100.671111,459,Guerrero,Coyuca de Catalán,18,Río Medio Balsas,True,True,0,0.0,False
C12224,Pinzan Morado,18.179444,-100.891111,416,Guerrero,Coyuca de Catalán,18,Río Bajo Balsas,True,True,0,0.0,False
C12065,Placeres del Oro,18.233333,-100.933333,420,Guerrero,Coyuca de Catalán,18,Río Bajo Balsas,True,True,0,0.0,False
C12140,San Antonio Tejas,17.723611,-100.875,1900,Guerrero,Coyuca de Catalán,18,Río Medio Balsas,True,True,3130,0.5355920602327173,False
C12074,Santa Rita,17.972778,-100.869444,1500,Guerrero,Coyuca de Catalán,18,Río Medio Balsas,True,True,0,0.0,False
C12082,Tarétaro,18.222222,-100.756667,333,Guerrero,Coyuca de Catalán,18,Río Medio Balsas,True,True,3345,0.5723819301848049,False
C12139,Terrones,18.293611,-100.675833,270,Guerrero,Coyuca de Catalán,18,Río Medio Balsas,True,True,3550,0.607460643394935,False
C12185,Cualac,17.7475,-98.653056,1450,Guerrero,Cualác,18,Río Tlapaneco,True,True,3864,0.6611909650924025,False
C12182,Apetlanca,18.215278,-99.7875,1750,Guerrero,Cuetzala del Progreso,18,Río Medio Balsas,True,True,0,0.0,False
C12177,Cuetzala del Progreso,18.134167,-99.831111,1122,Guerrero,Cuetzala del Progreso,18,Río Medio Balsas,True,True,4003,0.6849760438056126,False
C12163,Cutzamala de Pinzón,18.465556,-100.566667,267,Guerrero,Cutzamala de Pinzón,18,Río Medio Balsas,True,True,3226,0.55201916495551,False
C12036,El Gallo,18.726389,-100.669167,400,Guerrero,Cutzamala de Pinzón,18,Río Cutzamala,True,True,0,0.0,False
EGLGR,"El Gallo, Gro.",18.703056,-100.671111,400,Guerrero,Cutzamala de Pinzón,18,Río Medio Balsas,True,True,3258,0.5574948665297741,False
HGAGR,"Hermenegildo Galeana, Gro.",18.555278,-100.610278,0,Guerrero,Cutzamala de Pinzón,18,Río Medio Balsas,True,True,408,0.06981519507186858,False
C12131,Ixtapilla,18.544444,-100.600556,280,Guerrero,Cutzamala de Pinzón,18,Río Medio Balsas,True,True,0,0.0,False
C12210,Ixtapilla,18.545,-100.6,280,Guerrero,Cutzamala de Pinzón,18,Río Medio Balsas,True,True,2494,0.4267624914442163,False
C12186,Huitziltepec,17.755556,-99.481111,1320,Guerrero,Eduardo Neri,18,Río Medio Balsas,True,True,3922,0.6711156741957564,False
C12058,Mexcala,17.938889,-99.591667,457,Guerrero,Eduardo Neri,18,Río Medio Balsas,True,True,0,0.0,False
MXLGR,"Mexcala, Gro.",17.8,-99.616667,0,Guerrero,Eduardo Neri,18,Río Medio Balsas,True,True,75,0.012833675564681724,False
C12118,Mezcala,17.931111,-99.601389,500,Guerrero,Eduardo Neri,18,Río Medio Balsas,True,True,2342,0.4007529089664613,False
C12101,Xochipala,17.833333,-99.633333,730,Guerrero,Eduardo Neri,18,Río Medio Balsas,True,True,0,0.0,False
C12105,Zumpango del Rio,17.655,-99.525278,1080,Guerrero,Eduardo Neri,18,Río Medio Balsas,True,True,4034,0.690280629705681,False
ZDRGR,"Zumpango del Río, Gro.",17.655,-99.525278,1080,Guerrero,Eduardo Neri,18,Río Medio Balsas,True,True,64,0.010951403148528405,False
C12170,El Caracol,17.958333,-100.022222,513,Guerrero,General Heliodoro Castillo,18,Río Medio Balsas,True,True,0,0.0,False
ECAGR,"Ing. Carlos Ramírez Ulloa, Gro.",17.947778,-99.995556,513,Guerrero,General Heliodoro Castillo,18,Río Medio Balsas,True,True,5629,0.9632101300479123,True
C12051,La Venta,17.801667,-99.906389,122,Guerrero,General Heliodoro Castillo,18,Río Medio Balsas,True,True,0,0.0,False
C12089,Tlacotepec,17.789722,-99.976389,1539,Guerrero,General Heliodoro Castillo,18,Río Medio Balsas,True,True,3376,0.5776865160848734,False
C12126,Tlacotepec,17.751389,-99.9625,1712,Guerrero,General Heliodoro Castillo,18,Río Medio Balsas,True,True,0,0.0,False
TLAGR,"Tlacotepec, Gro.",17.789722,-99.976389,1450,Guerrero,General Heliodoro Castillo,18,Río Medio Balsas,True,True,5811,0.99435318275154,True
C12044,Huamuxtitlán,17.8,-98.566667,1125,Guerrero,Huamuxtitlán,18,Río Tlapaneco,True,True,0,0.0,False
C12114,Huamuxtitlán,17.795278,-98.564444,883,Guerrero,Huamuxtitlán,18,Río Tlapaneco,True,True,4139,0.7082477754962354,False
BVSGR,"Buena Vista, Gro.",18.459444,-99.400833,1394,Guerrero,Huitzuco de los Figueroa,18,Río Amacuzac,True,True,5823,0.9964065708418891,True
C12030,Chaucingo,18.298056,-99.119722,900,Guerrero,Huitzuco de los Figueroa,18,Río Amacuzac,True,True,4165,0.7126967830253251,False
C12046,Huitzuco,18.306389,-99.334444,940,Guerrero,Huitzuco de los Figueroa,18,Río Medio Balsas,True,True,3036,0.5195071868583162,False
C12115,Huitzuco,18.3025,-99.332778,975,Guerrero,Huitzuco de los Figueroa,18,Río Medio Balsas,True,True,4266,0.7299794661190965,False
HTZGR,"Huitzuco, Gro.",18.3025,-99.332778,975,Guerrero,Huitzuco de los Figueroa,18,Río Medio Balsas,True,True,5145,0.8803901437371663,True
C12238,Paso Morelos,18.2225,-99.2075,1083,Guerrero,Huitzuco de los Figueroa,18,Río Amacuzac,True,True,2858,0.4890485968514716,False
C12249,Tulimán,18.004722,-99.279167,950,Guerrero,Huitzuco de los Figueroa,18,Río Bajo Atoyac,True,True,3955,0.6767624914442163,False
C12004,Ahuehuepan,18.338056,-99.646667,760,Guerrero,Iguala de la Independencia,18,Río Medio Balsas,True,True,4029,0.6894250513347022,False
C12216,Escuela Sec. Iguala de La Inde,18.35,-99.533333,871,Guerrero,Iguala de la Independencia,18,Río Medio Balsas,True,True,0,0.0,False
ESIGR,"Escuela Secundaria Anexa Iguala, Gro.",18.3,-99.5,0,Guerrero,Iguala de la Independencia,18,Río Medio Balsas,True,True,9,0.001540041067761807,False
C12047,Iguala,18.340556,-99.5375,738,Guerrero,Iguala de la Independencia,18,Río Medio Balsas,True,True,0,0.0,False
C12116,Iguala,18.349722,-99.55,730,Guerrero,Iguala de la Independencia,18,Río Medio Balsas,True,True,4261,0.7291238877481178,False
IGLGR,"Iguala, Gro.",18.349722,-99.55,730,Guerrero,Iguala de la Independencia,18,Río Medio Balsas,True,True,5798,0.9921286789869952,True
C12222,Laguna de Tuxpan,18.347778,-99.4775,767,Guerrero,Iguala de la Independencia,18,Río Medio Balsas,True,True,3676,0.6290212183436003,False
LDTGR,"Laguna de Tuxpan, Gro.",18.363333,-99.503056,20,Guerrero,Iguala de la Independencia,18,Río Medio Balsas,True,True,3667,0.6274811772758385,False
IOBGR,"Observatorio de Iguala, Gro.",18.340556,-99.5375,800,Guerrero,Iguala de la Independencia,18,Río Medio Balsas,True,True,296,0.05065023956194387,False
C12117,Ixcateopan de Cuauhtémoc,18.502778,-99.792222,1830,Guerrero,Ixcateopan de Cuauhtémoc,18,Río Medio Balsas,True,True,3864,0.6611909650924025,False
C12146,La Villita,18.046111,-102.173333,150,Guerrero,La Unión de Isidoro Montes de Oca,18,Río Bajo Balsas,True,True,0,0.0,False
C12133,Zacatula,18.005833,-102.178333,10,Guerrero,La Unión de Isidoro Montes de Oca,18,Río Bajo Balsas,True,True,0,0.0,False
C12031,Chichihualco,17.672222,-99.701111,1140,Guerrero,Leonardo Bravo,18,Río Medio Balsas,True,True,3956,0.676933607118412,False
CCHGR,"Chichihualco, Gro.",17.672222,-99.701111,1100,Guerrero,Leonardo Bravo,18,Río Medio Balsas,True,True,5553,0.9502053388090349,True
C12204,Yextla,17.603333,-99.933333,1316,Guerrero,Leonardo Bravo,18,Río Medio Balsas,True,True,3619,0.6192676249144422,False
YXTGR,"Yextla, Gro.",17.603333,-99.933333,1750,Guerrero,Leonardo Bravo,18,Río Medio Balsas,True,True,3531,0.6042094455852156,False
C12006,Apango,17.739167,-99.329444,1065,Guerrero,Mártir de Cuilapan,18,Río Bajo Atoyac,True,True,0,0.0,False
SJTGR,"San Juan Tetelcingo, Gro.",17.9,-99.5,0,Guerrero,Mártir de Cuilapan,18,Río Bajo Atoyac,True,True,16,0.0027378507871321013,False
C12195,Metlatonoc,17.191944,-98.407778,2028,Guerrero,Metlatónoc,18,Río Tlapaneco,True,True,3162,0.5410677618069816,False
C12060,Olinalá,17.777778,-98.729722,1336,Guerrero,Olinalá,18,Río Tlapaneco,True,True,3832,0.6557152635181382,False
C12119,Olinalá,17.776111,-98.745556,1360,Guerrero,Olinalá,18,Río Tlapaneco,True,True,0,0.0,False
C12135,Olinalá,17.778056,-98.743333,1400,Guerrero,Olinalá,18,Río Tlapaneco,True,True,0,0.0,False
OLNGR,"Olinalá, Gro.",17.777222,-98.735,1600,Guerrero,Olinalá,18,Río Tlapaneco,True,True,5827,0.9970910335386721,True
C12196,Temalacacingo,17.880556,-98.685278,1550,Guerrero,Olinalá,18,Río Tlapaneco,True,True,0,0.0,False
C12018,Cirián Grande,18.585278,-99.932222,1140,Guerrero,Pedro Ascencio Alquisiras,18,Río Medio Balsas,True,True,2918,0.499315537303217,False
C12215,Dos Bocas,18.671111,-99.5,1239,Guerrero,Pilcaya,18,Río Amacuzac,True,True,2906,0.4972621492128679,False
C12209,El Mogote,18.68,-99.560833,1490,Guerrero,Pilcaya,18,Río Amacuzac,True,True,2432,0.4161533196440794,False
C12243,Pilcaya,18.746944,-99.675,1610,Guerrero,Pilcaya,18,Río Amacuzac,True,True,3582,0.6129363449691991,False
C12019,Ciudad Altamirano,18.358611,-100.664444,250,Guerrero,Pungarabato,18,Río Medio Balsas,True,True,3925,0.6716290212183436,False
CALGR,"Ciudad Altamirano, Gro.",18.359444,-100.664444,250,Guerrero,Pungarabato,18,Río Medio Balsas,True,True,5733,0.981006160164271,True
C12211,Nancintla,17.747778,-100.202778,960,Guerrero,San Miguel Totolapan,18,Río Medio Balsas,True,True,3257,0.5573237508555784,False
C12166,San Miguel Totolapan,18.158611,-100.388056,280,Guerrero,San Miguel Totolapan,18,Río Medio Balsas,True,True,3469,0.5936002737850787,False
C12083,Tehuehuetla,17.828611,-100.3875,950,Guerrero,San Miguel Totolapan,18,Río Medio Balsas,True,True,3498,0.5985626283367557,False
C12207,Acuitlapan,18.600833,-99.543056,1600,Guerrero,Taxco de Alarcón,18,Río Amacuzac,True,True,2242,0.3836413415468857,False
C12015,Cacalotenango,18.546111,-99.645278,1662,Guerrero,Taxco de Alarcón,18,Río Medio Balsas,True,True,3296,0.5639972621492129,False
C12081,Taxco,18.533333,-99.616667,1750,Guerrero,Taxco de Alarcón,18,Río Medio Balsas,True,True,0,0.0,False
C12122,Taxco,18.554444,-99.605278,1760,Guerrero,Taxco de Alarcón,18,Río Medio Balsas,True,True,0,0.0,False
C12169,Taxco,18.55,-99.6,1710,Guerrero,Taxco de Alarcón,18,Río Medio Balsas,True,True,2898,0.49589322381930184,False
TAXGR,"Taxco, Gro.",18.554444,-99.605278,1710,Guerrero,Taxco de Alarcón,18,Río Medio Balsas,True,True,5673,0.9707392197125256,True
C12001,Acapetlahuaya,18.335278,-100.0725,1292,Guerrero,Teloloapan,18,Río Medio Balsas,True,True,4046,0.6923340177960301,False
C12084,Teloloapan,18.301111,-99.872222,1649,Guerrero,Teloloapan,18,Río Medio Balsas,True,True,2978,0.5095824777549623,False
C12123,Teloloapan,18.303056,-99.868056,1693,Guerrero,Teloloapan,18,Río Medio Balsas,True,True,0,0.0,False
C12093,Presa Valerio Trujano,18.295278,-99.4775,842,Guerrero,Tepecoacuilco de Trujano,18,Río Medio Balsas,True,True,2462,0.4212867898699521,False
C12067,San Juan Tetelcingo,17.925,-99.518056,471,Guerrero,Tepecoacuilco de Trujano,18,Río Medio Balsas,True,True,0,0.0,False
C12085,Tepecoacuilco,18.283333,-99.466667,842,Guerrero,Tepecoacuilco de Trujano,18,Río Medio Balsas,True,True,0,0.0,False
C12092,Tonalapa del Sur,18.096111,-99.556389,720,Guerrero,Tepecoacuilco de Trujano,18,Río Medio Balsas,True,True,3613,0.6182409308692677,False
VTRGR,"Valerio Trujano, Gro.",18.295833,-99.466111,842,Guerrero,Tepecoacuilco de Trujano,18,Río Medio Balsas,True,True,5542,0.9483230663928816,True
C12171,Chontalcoatlán,18.652222,-99.573333,1289,Guerrero,Tetipac,18,Río Amacuzac,True,True,3891,0.6658110882956879,False
C12128,Tetipac,18.647778,-99.648611,1686,Guerrero,Tetipac,18,Río Amacuzac,True,True,3866,0.661533196440794,False
C12090,Tlalchapa,18.416667,-100.468333,400,Guerrero,Tlalchapa,18,Río Medio Balsas,True,True,3894,0.6663244353182751,False
C12178,Chiepetepec,17.566944,-98.7275,1762,Guerrero,Tlapa de Comonfort,18,Río Tlapaneco,True,True,3615,0.6185831622176592,False
C12091,Tlapa,17.540278,-98.590556,1110,Guerrero,Tlapa de Comonfort,18,Río Tlapaneco,True,True,4110,0.7032854209445585,False
TLPGR,"Tlapa, Gro.",17.5,-98.6,1036,Guerrero,Tlapa de Comonfort,18,Río Tlapaneco,True,True,5772,0.9876796714579056,True
C12227,Xalpatlahuac,17.516944,-98.4925,1600,Guerrero,Tlapa de Comonfort,18,Río Tlapaneco,True,True,2460,0.4209445585215606,False
C12141,Tlapehuala,18.2475,-100.538333,275,Guerrero,Tlapehuala,18,Río Medio Balsas,True,True,3831,0.6555441478439425,False
C12200,Igualita,17.465278,-98.518056,1107,Guerrero,Xalpatláhuac,18,Río Tlapaneco,True,True,3801,0.6504106776180698,False
C12199,Xochihuehuetlán,17.911944,-98.481944,1019,Guerrero,Xochihuehuetlán,18,Río Tlapaneco,True,True,3931,0.6726557152635181,False
XXHGR,"Xochihuehuetlán, Gro.",17.903889,-98.488333,1100,Guerrero,Xochihuehuetlán,18,Río Tlapaneco,True,True,5808,0.9938398357289527,True
C12228,Escalerilla La Laguna,17.370278,-98.837778,2245,Guerrero,Zapotitlán Tablas,18,Río Tlapaneco,True,True,3432,0.5872689938398358,False
C12102,Zapotitlán Tablas,17.422222,-98.781944,1750,Guerrero,Zapotitlán Tablas,18,Río Tlapaneco,True,True,0,0.0,False
C12194,Zapotitlán Tablas,17.421944,-98.788611,1750,Guerrero,Zapotitlán Tablas,18,Río Tlapaneco,True,True,0,0.0,False
C12007,Aratichanguio,18.475833,-101.359167,226,Guerrero,Zirándaro,18,Río Bajo Balsas,True,True,3590,0.6143052703627653,False
C12160,E.T.A. 340 Zirándaro,18.475,-100.976389,190,Guerrero,Zirándaro,18,Río Bajo Balsas,True,True,3610,0.6177275838466804,False
C12043,Guayameo,18.302222,-101.262778,655,Guerrero,Zirándaro,18,Río Bajo Balsas,True,True,0,0.0,False
C12113,Guayameo,18.299722,-101.260278,360,Guerrero,Zirándaro,18,Río Bajo Balsas,True,True,3467,0.5932580424366872,False
LCLGR,"La Calera, Gro.",18.418611,-101.003056,239,Guerrero,Zirándaro,18,Río Bajo Balsas,True,True,5772,0.9876796714579056,True
C12147,Presa La Calera,18.418611,-101.005556,239,Guerrero,Zirándaro,18,Río Bajo Balsas,True,True,273,0.04671457905544148,False
C12103,Zirándaro,18.466667,-100.983333,200,Guerrero,Zirándaro,18,Río Bajo Balsas,True,True,0,0.0,False
C13059,Acatlán,20.141667,-98.440556,2812,Hidalgo,Acatlán,26,Río Metztitlán 1,True,True,0,0.0,False
C13061,Alcholoya,20.227222,-98.448611,2112,Hidalgo,Acatlán,26,Río Metztitlán 1,True,True,2434,0.41649555099247093,False
C13060,Actopan,20.265278,-98.958056,2016,Hidalgo,Actopan,26,Río Actopan,True,True,4025,0.6887405886379192,False
ACTHD,"Actopan, Hgo.",20.268056,-98.941667,2069,Hidalgo,Actopan,26,Río Actopan,True,True,5204,0.890485968514716,True
C13154,Magdalena,20.299444,-98.862222,2475,Hidalgo,Actopan,26,Río Amajaque,True,True,3588,0.6139630390143738,False
C13095,Agua Blanca,20.337222,-98.361944,2157,Hidalgo,Agua Blanca de Iturbide,26,Río Metztitlán 1,True,True,4383,0.75,False
C13106,Ajacuba,20.089444,-99.116389,2160,Hidalgo,Ajacuba,26,Río Tula,True,True,0,0.0,False
C13111,Ajacuba,20.098889,-99.121944,2139,Hidalgo,Ajacuba,26,Río Tula,True,True,3895,0.6664955509924709,False
C13073,Ignacio Zaragoza,20.129722,-99.001667,2084,Hidalgo,Ajacuba,26,Río Tula,True,True,0,0.0,False
C13086,Santiago Tezontlale,20.161389,-99.098333,2080,Hidalgo,Ajacuba,26,Río Tula,True,True,0,0.0,False
C13026,Alfajayucan,20.416667,-99.333333,1890,Hidalgo,Alfajayucan,26,Río Alfajayucan,True,True,0,0.0,False
C13125,Alfajayucan,20.380278,-99.350278,1930,Hidalgo,Alfajayucan,26,Río Alfajayucan,True,True,3552,0.6078028747433265,False
PRGHD,"Javier Rojo Gómez, Hgo.",20.359722,-99.329444,1860,Hidalgo,Alfajayucan,26,Río Alfajayucan,True,True,5843,0.9998288843258042,True
C13081,Presa Golondrinas,20.440556,-99.374167,1876,Hidalgo,Alfajayucan,26,Río Alfajayucan,True,True,4007,0.6856605065023956,False
C13122,Presa Javier Rojo Gómez,20.373889,-99.326389,1954,Hidalgo,Alfajayucan,26,Río Alfajayucan,True,True,3818,0.6533196440793977,False
PVAHD,"Vicente Aguirre, Hgo.",20.435556,-99.375833,1870,Hidalgo,Alfajayucan,26,Río Alfajayucan,True,True,5842,0.9996577686516085,True
C13167,Almoloya,19.702222,-98.408333,2551,Hidalgo,Almoloya,26,Tochac-Tecocomulco,True,True,2458,0.4206023271731691,False
C13132,El Tepozán,19.810833,-98.266111,2630,Hidalgo,Almoloya,26,Tochac-Tecocomulco,True,True,3364,0.5756331279945243,False
C13168,Rancho Nuevo,19.747778,-98.279167,2795,Hidalgo,Almoloya,26,Tochac-Tecocomulco,True,True,2082,0.35626283367556466,False
C13004,Alcantarillas,19.799722,-98.380833,2559,Hidalgo,Apan,26,Tochac-Tecocomulco,True,True,3094,0.5294318959616701,False
C13002,Apan,19.707222,-98.449167,2496,Hidalgo,Apan,26,Río de Las Avenidas de Pachuca,True,True,3921,0.6709445585215605,False
C13045,Apan,19.716667,-98.45,2493,Hidalgo,Apan,26,Río de Las Avenidas de Pachuca,True,True,0,0.0,False
C13046,Laguna de Apan,19.7,-98.483333,2467,Hidalgo,Apan,26,Río de Las Avenidas de Pachuca,True,True,0,0.0,False
C13135,Atlapexco,21.019444,-98.348056,168,Hidalgo,Atlapexco,26,Río Los Hules,True,True,3895,0.6664955509924709,False
ATCHD,"Atlapexco, Hgo.",21.019444,-98.348056,156,Hidalgo,Atlapexco,26,Río Los Hules,True,True,5406,0.9250513347022588,True
C13096,Atotonilco,20.280833,-98.658611,2116,Hidalgo,Atotonilco el Grande,26,Río Metztitlán 1,True,True,4133,0.7072210814510609,False
C13121,Santa María Amajac,20.324444,-98.738333,1692,Hidalgo,Atotonilco el Grande,26,Río Amajaque,True,True,2977,0.5094113620807666,False
C13159,Unidad de riego Los Ángeles,20.272222,-98.663611,2129,Hidalgo,Atotonilco el Grande,26,Río Amajaque,True,True,3261,0.5580082135523614,False
C13003,Calnali,20.9,-98.583333,985,Hidalgo,Calnali,26,Río Los Hules,True,True,0,0.0,False
C13105,Cardonal,20.615,-99.115556,2043,Hidalgo,Cardonal,26,Río Actopan,True,True,2916,0.4989733059548255,False
C13147,El Tixqui,20.715278,-99.122222,2380,Hidalgo,Cardonal,26,Río Amajaque,True,True,2883,0.49332648870636553,False
C13070,Santuario,20.664167,-99.136667,2297,Hidalgo,Cardonal,26,Río Actopan,True,True,4283,0.7328884325804244,False
C13064,Chapantongo,20.288611,-99.411111,2122,Hidalgo,Chapantongo,26,Río Alfajayucan,True,True,4170,0.7135523613963038,False
C13101,San Bartolo,20.233333,-99.483333,2282,Hidalgo,Chapantongo,26,Río Alfajayucan,True,True,0,0.0,False
C13164,Cahuazas,21.140833,-98.854167,293,Hidalgo,Chapulhuacán,26,Río Amajac,True,True,2583,0.4419917864476386,False
C13104,Chapulhuacán,21.155556,-98.903611,359,Hidalgo,Chapulhuacán,26,Río Moctezuma 2,True,True,0,0.0,False
C13057,Zacate Grande,21.116111,-99.0025,2314,Hidalgo,Chapulhuacán,26,Río Moctezuma 2,True,True,0,0.0,False
C13085,Presa Tezoyo,19.854167,-98.308333,2611,Hidalgo,Chignahuapan,26,Tochac-Tecocomulco,True,True,1885,0.3225530458590007,False
C13097,Chilcuautla,20.320833,-99.231667,1854,Hidalgo,Chilcuautla,26,Río Tula,True,True,2917,0.49914442162902123,False
C13127,El Aserradero,19.953889,-98.325833,2610,Hidalgo,Cuautepec de Hinojosa,26,Río Grande de Tulancingo,True,True,3802,0.6505817932922656,False
PERHD,"La Esperanza, Hgo.",20.0575,-98.334722,2210,Hidalgo,Cuautepec de Hinojosa,26,Río Grande de Tulancingo,True,True,5022,0.8593429158110883,True
C13082,Presa La Esperanza,20.056111,-98.334444,2218,Hidalgo,Cuautepec de Hinojosa,26,Río Grande de Tulancingo,True,True,4106,0.7026009582477755,False
C13029,San Lorenzo Sayula,19.987222,-98.297222,2768,Hidalgo,Cuautepec de Hinojosa,26,Río Grande de Tulancingo,True,True,3592,0.6146475017111568,False
C13030,San Rafael Mazatepec,19.864722,-98.355833,2536,Hidalgo,Cuautepec de Hinojosa,26,Tochac-Tecocomulco,True,True,3339,0.5713552361396304,False
C13007,Corralejo,19.633333,-98.666667,2820,Hidalgo,Emiliano Zapata,26,Río de Las Avenidas de Pachuca,True,True,0,0.0,False
C13138,Emiliano Zapata,19.658333,-98.55,2490,Hidalgo,Emiliano Zapata,26,Río de Las Avenidas de Pachuca,True,True,3364,0.5756331279945243,False
C13014,Llano Chico,19.671944,-98.545278,2480,Hidalgo,Emiliano Zapata,26,Río de Las Avenidas de Pachuca,True,True,0,0.0,False
C13024,Potrerito,19.610278,-98.641667,2603,Hidalgo,Emiliano Zapata,26,Río de Las Avenidas de Pachuca,True,True,3686,0.6307323750855578,False
C13009,Epazoyucan,20.017222,-98.635556,2460,Hidalgo,Epazoyucan,26,Río de Las Avenidas de Pachuca,True,True,0,0.0,False
C13020,Nopalapa,20.015278,-98.712222,2340,Hidalgo,Epazoyucan,26,Río de Las Avenidas de Pachuca,True,True,0,0.0,False
C13079,Presa El Girón,20.0725,-98.653333,2589,Hidalgo,Epazoyucan,26,Río de Las Avenidas de Pachuca,True,True,4291,0.7342573579739904,False
C13116,El Zembo,20.159444,-98.556667,2311,Hidalgo,Huasca de Ocampo,26,Río Metztitlán 1,True,True,3809,0.6517796030116358,False
C13098,Huasca,20.219444,-98.578611,2131,Hidalgo,Huasca de Ocampo,26,Río Metztitlán 1,True,True,4194,0.7176591375770021,False
HSCHD,"Huascas, Hgo.",20.216667,-98.566667,1600,Hidalgo,Huasca de Ocampo,26,Río Metztitlán 1,True,True,1,0.00017111567419575633,False
C13118,Huautla,21.033333,-98.283333,307,Hidalgo,Huautla,26,Río Tempoal 1,True,True,0,0.0,False
C13139,Huautla,21.0275,-98.289722,503,Hidalgo,Huautla,26,Río Los Hules,True,True,3424,0.5859000684462696,False
C13011,Huejutla,21.153611,-98.389167,126,Hidalgo,Huejutla de Reyes,26,Río Tempoal 1,True,True,4004,0.6851471594798083,False
HJTHD,"Huejutla, Hgo.",21.15,-98.416667,172,Hidalgo,Huejutla de Reyes,26,Río Tempoal 1,True,True,5601,0.9584188911704312,True
C13137,Tehuatlán,21.070278,-98.49,285,Hidalgo,Huejutla de Reyes,26,Río Los Hules,True,True,1967,0.3365845311430527,False
C13012,Huichapan,20.369444,-99.648056,2125,Hidalgo,Huichapan,26,Río Tecozautla,True,True,2892,0.4948665297741273,False
HCPHD,"Huichapan, Hgo.",20.371389,-99.648889,2200,Hidalgo,Huichapan,26,Río Tecozautla,True,True,3439,0.588466803559206,False
C13076,Jonacapa,20.436667,-99.5325,2310,Hidalgo,Huichapan,26,Río Tecozautla,True,True,0,0.0,False
C13083,Presa Madero,20.309444,-99.7225,2206,Hidalgo,Huichapan,26,Río Tecozautla,True,True,2922,0.5,False
C13156,Tlaxcalilla,20.374722,-99.808889,2194,Hidalgo,Huichapan,26,Río Tecozautla,True,True,4054,0.6937029431895961,False
C13120,Capula,20.507778,-99.135556,1784,Hidalgo,Ixmiquilpan,26,Río Actopan,True,True,2248,0.38466803559206025,False
C13069,El Mezquital Km. 150,20.433056,-99.149444,1810,Hidalgo,Ixmiquilpan,26,Río Tula,True,True,4198,0.7183436002737851,False
C13013,Ixmiquilpan,20.479722,-99.223889,1702,Hidalgo,Ixmiquilpan,26,Río Tula,True,True,4168,0.7132101300479123,False
C13074,Ixmiquilpan,20.466667,-99.233333,1700,Hidalgo,Ixmiquilpan,26,Río Tula,True,True,0,0.0,False
C13113,Ixmiquilpan,20.4775,-99.226111,1700,Hidalgo,Ixmiquilpan,26,Río Tula,True,True,90,0.015400410677618069,False
IXMHD,"Ixmiquilpan, Hgo.",20.481944,-99.220833,1700,Hidalgo,Ixmiquilpan,26,Río Tula,True,True,5759,0.9854551676933607,True
C13063,Presa Boquilla Tecolote,20.421111,-99.231111,1767,Hidalgo,Ixmiquilpan,26,Río Tula,True,True,1980,0.33880903490759756,False
C13124,Presa Felipe Ángeles,20.498056,-99.123056,1845,Hidalgo,Ixmiquilpan,26,Río Actopan,True,True,0,0.0,False
C13051,Jacala,21.005,-99.19,2380,Hidalgo,Jacala de Ledezma,26,Río Moctezuma 2,True,True,0,0.0,False
C13140,Jaltocan,21.133611,-98.539444,216,Hidalgo,Jaltocán,26,Río Tempoal 2,True,True,1724,0.2950034223134839,False
JALHD,"Jaltocan, Hgo.",21.133056,-98.538333,202,Hidalgo,Jaltocán,26,Río Tempoal 2,True,True,114,0.019507186858316223,False
C13099,Metepec,20.236667,-98.324167,2147,Hidalgo,Metepec,26,Río Metztitlán 1,True,True,3538,0.605407255304586,False
C13071,El Tajo,20.4625,-98.676389,1383,Hidalgo,Metztitlán,26,Río Metztitlán 2,True,True,0,0.0,False
C13077,Metztitlán,20.596944,-98.765833,1316,Hidalgo,Metztitlán,26,Río Metztitlán 2,True,True,2342,0.4007529089664613,False
LMTHD,"Metztitlán, Hgo.",20.591667,-98.757222,1285,Hidalgo,Metztitlán,26,Río Metztitlán 2,True,True,5593,0.9570499657768652,True
C13087,San Cristobal,20.641389,-98.828611,1300,Hidalgo,Metztitlán,26,Río Metztitlán 2,True,True,3925,0.6716290212183436,False
C13022,Pachuca,20.0875,-98.749722,2369,Hidalgo,Mineral de la Reforma,26,Río de Las Avenidas de Pachuca,True,True,3194,0.5465434633812457,False
C13056,Pachuca,20.0875,-98.749722,2368,Hidalgo,Mineral de la Reforma,26,Río de Las Avenidas de Pachuca,True,True,1459,0.2496577686516085,False
C13017,El Chico,20.216667,-98.733333,2351,Hidalgo,Mineral del Chico,26,Río Amajaque,True,True,0,0.0,False
C13112,Mineral del Chico,20.217222,-98.730556,2348,Hidalgo,Mineral del Chico,26,Río Amajaque,True,True,3283,0.561772758384668,False
C13016,Mineral del Monte,20.136389,-98.681667,2672,Hidalgo,Mineral del Monte,26,Río Amajaque,True,True,0,0.0,False
C13115,Real del Monte,20.133056,-98.669167,2766,Hidalgo,Mineral del Monte,26,Río Amajaque,True,True,3890,0.6656399726214921,False
RDMHD,"Real del Monte, Hgo.",20.133056,-98.669167,2766,Hidalgo,Mineral del Monte,26,Río Amajaque,True,True,1,0.00017111567419575633,False
C13018,Mixquiahuala,20.229444,-99.215278,2004,Hidalgo,Mixquiahuala de Juárez,26,Río Tula,True,True,3991,0.6829226557152636,False
C13078,Mixquiahuala,20.216667,-99.216667,1990,Hidalgo,Mixquiahuala de Juárez,26,Río Tula,True,True,0,0.0,False
MXQHD,"Mixquiahuala, Hgo.",20.2375,-99.218611,2000,Hidalgo,Mixquiahuala de Juárez,26,Río Tula,True,True,5745,0.9830595482546202,True
C13066,C.E.T.A. 006 Molango,20.794167,-98.734444,1720,Hidalgo,Molango de Escamilla,26,Río Claro,True,True,1430,0.24469541409993156,False
C13019,Molango,20.783333,-98.716667,1865,Hidalgo,Molango de Escamilla,26,Río Claro,True,True,0,0.0,False
C13072,E.T.A. 027 Nopala,20.216667,-99.75,2334,Hidalgo,Nopala de Villagrán,26,Río Tecozautla,True,True,0,0.0,False
C13155,Maravillas,20.205833,-99.587778,2399,Hidalgo,Nopala de Villagrán,26,Río Alfajayucan,True,True,2525,0.43206707734428473,False
C13100,Omitlán,20.176667,-98.645278,2413,Hidalgo,Omitlán de Juárez,26,Río Amajaque,True,True,3211,0.5494524298425736,False
C13005,Charco del Zacatón,19.616667,-98.666667,2730,Hidalgo,Otumba,26,Río de Las Avenidas de Pachuca,True,True,0,0.0,False
C13150,El Cerezo,20.158333,-98.728611,2673,Hidalgo,Pachuca de Soto,26,Río de Las Avenidas de Pachuca,True,True,4016,0.6872005475701575,False
PCOHD,"Observatorio de Pachuca, Hgo.",20.123333,-98.7475,2425,Hidalgo,Pachuca de Soto,26,Río de Las Avenidas de Pachuca,True,True,5500,0.9411362080766599,True
PCHHD,"Pachuca, Hgo.",20.116667,-98.741667,2435,Hidalgo,Pachuca de Soto,26,Río de Las Avenidas de Pachuca,True,True,1520,0.2600958247775496,False
C13157,Matzacintla,21.037778,-99.3,1360,Hidalgo,Pacula,26,Río Moctezuma 1,True,True,0,0.0,False
C13052,General Pisaflores,21.2,-99.0,414,Hidalgo,Pisaflores,26,Río Moctezuma 2,True,True,0,0.0,False
C13025,Progreso,20.239167,-99.183889,2000,Hidalgo,Progreso de Obregón,26,Río Tula,True,True,818,0.1399726214921287,False
C13067,Los Álamos,20.440278,-98.574167,1300,Hidalgo,San Agustín Metzquititlán,26,Río Metztitlán 2,True,True,0,0.0,False
C13015,San Agustín Metziquititlán,20.529722,-98.635278,1373,Hidalgo,San Agustín Metzquititlán,26,Río Metztitlán 2,True,True,4183,0.7157768651608487,False
C13093,Venados,20.466111,-98.666944,1323,Hidalgo,San Agustín Metzquititlán,26,Río Metztitlán 2,True,True,3053,0.5224161533196441,False
C13123,Presa El Durazno,20.133333,-98.859167,2400,Hidalgo,San Agustín Tlaxiaca,26,Río Actopan,True,True,0,0.0,False
C13128,San Agustín Tlaxiaca (OCAVM),20.118333,-98.885278,2355,Hidalgo,San Agustín Tlaxiaca,26,Río Actopan,True,True,3889,0.6654688569472964,False
C13117,San Agustín Tlaxiaca Alto Panuco,20.114722,-98.886111,2360,Hidalgo,San Agustín Tlaxiaca,26,Río Actopan,True,True,58,0.009924709103353867,False
C13160,Tornacuxtla,20.153056,-98.87,2397,Hidalgo,San Agustín Tlaxiaca,26,Río Actopan,True,True,3649,0.6244010951403148,False
C13141,La Laguna,21.289722,-98.584167,124,Hidalgo,San Felipe Orizatlán,26,Río San Pedro,True,True,3585,0.6134496919917864,False
C13021,San Felipe Orizatlán,21.171111,-98.607778,180,Hidalgo,San Felipe Orizatlán,26,Río San Pedro,True,True,0,0.0,False
C13145,San Felipe Orizatlán,21.171389,-98.598056,173,Hidalgo,San Felipe Orizatlán,26,Río San Pedro,True,True,3597,0.6155030800821355,False
ORZHD,"San Felipe Orizatlán, Hgo.",21.166667,-98.6,2370,Hidalgo,San Felipe Orizatlán,26,Río San Pedro,True,True,5385,0.9214579055441479,True
C13108,E.T.A. 285 San Salvador,20.28,-99.020833,1994,Hidalgo,San Salvador,26,Río Actopan,True,True,0,0.0,False
C13109,E.T.A. 385 Santiago de Anaya,20.380556,-98.964444,2029,Hidalgo,Santiago de Anaya,26,Río Actopan,True,True,3557,0.6086584531143052,False
C13151,El Encino,20.456389,-98.910556,2114,Hidalgo,Santiago de Anaya,26,Río Amajaque,True,True,3419,0.5850444900752909,False
C13031,Santiago Tulantepec,20.044444,-98.368333,2179,Hidalgo,Santiago Tulantepec de Lugo Guerrero,26,Río Grande de Tulancingo,True,True,3367,0.5761464750171116,False
C13033,Singuilucan,19.964722,-98.513056,2650,Hidalgo,Singuilucan,26,Río de Las Avenidas de Pachuca,True,True,3251,0.5562970568104039,False
C13088,Tasquillo,20.5525,-99.304444,1680,Hidalgo,Tasquillo,26,Río Tula,True,True,2195,0.37559890485968517,False
C13152,El Potrero,20.475556,-99.74,1857,Hidalgo,Tecozautla,26,Río Tecozautla,True,True,3038,0.5198494182067077,False
C13053,Tecozautla,20.533333,-99.633333,1700,Hidalgo,Tecozautla,26,Río Tecozautla,True,True,0,0.0,False
C13006,Ciudad Sahagún,19.771667,-98.580556,2450,Hidalgo,Tepeapulco,26,Río de Las Avenidas de Pachuca,True,True,0,0.0,False
C13055,Irolo,19.7325,-98.595556,2450,Hidalgo,Tepeapulco,26,Río de Las Avenidas de Pachuca,True,True,3952,0.676249144421629,False
C13027,San Jerónimo,19.815278,-98.484167,2535,Hidalgo,Tepeapulco,26,Tochac-Tecocomulco,True,True,3715,0.6356947296372347,False
C13028,San Miguel Allende,19.873611,-98.404444,2550,Hidalgo,Tepeapulco,26,Tochac-Tecocomulco,True,True,0,0.0,False
ARSHD,"Al Río el Salto, Hgo.",19.937778,-99.283333,0,Hidalgo,Tepeji del Río de Ocampo,26,Presa Endhó,True,True,32,0.0054757015742642025,False
C13149,El Banco,19.960278,-99.457222,2369,Hidalgo,Tepeji del Río de Ocampo,26,Presa Endhó,True,True,3895,0.6664955509924709,False
C13068,El Salto,19.935833,-99.283611,2178,Hidalgo,Tepeji del Río de Ocampo,26,Presa Endhó,True,True,3489,0.5970225872689938,False
C13089,Tepeji del Rio,19.897778,-99.336667,2132,Hidalgo,Tepeji del Río de Ocampo,26,Presa Requena,True,True,1236,0.21149897330595482,False
CSTHD,"Canal Salto Tlamaco, Hgo.",20.0375,-99.222778,0,Hidalgo,Tepetitlán,26,Río Salado,True,True,20,0.0034223134839151265,False
ENDHD,"Endhó, Hgo.",20.163889,-99.36,2048,Hidalgo,Tepetitlán,26,Río Tula,True,True,5825,0.9967488021902806,True
C13010,General Pedro María Anaya,20.155278,-99.348333,2040,Hidalgo,Tepetitlán,26,Río Tula,True,True,0,0.0,False
C13080,Presa Endho,20.155,-99.355,2035,Hidalgo,Tepetitlán,26,Presa Endhó,True,True,4154,0.7108145106091718,False
C13062,Binola,20.179722,-99.343056,2000,Hidalgo,Tezontepec de Aldama,26,Río Tula,True,True,0,0.0,False
C13090,Rio Salado,20.190278,-99.254722,1993,Hidalgo,Tezontepec de Aldama,26,Río Salado,True,True,3351,0.5734086242299795,False
C13035,Tezontepec,20.1925,-99.2725,2000,Hidalgo,Tezontepec de Aldama,26,Río Tula,True,True,10,0.0017111567419575632,False
C13047,Tezontepec,20.2,-99.266667,2215,Hidalgo,Tezontepec de Aldama,26,Río Tula,True,True,0,0.0,False
C13008,El Manantial,19.851667,-98.936389,2290,Hidalgo,Tizayuca,26,Río de Las Avenidas de Pachuca,True,True,3436,0.5879534565366188,False
C13036,Tizayuca,19.843056,-98.978611,2270,Hidalgo,Tizayuca,26,Río de Las Avenidas de Pachuca,True,True,0,0.0,False
C13091,Tizayuca,19.823889,-98.954444,2288,Hidalgo,Tizayuca,26,Río de Las Avenidas de Pachuca,True,True,3952,0.676249144421629,False
C13166,Tlahuelilpan,20.131111,-99.2325,2060,Hidalgo,Tlahuelilpan,26,Río Salado,True,True,2733,0.46765913757700206,False
C13037,Tlanalapa,19.817778,-98.604167,2450,Hidalgo,Tlanalapa,26,Río de Las Avenidas de Pachuca,True,True,0,0.0,False
C13038,Tlanchinol,20.983333,-98.65,1365,Hidalgo,Tlanchinol,26,Río Los Hules,True,True,365,0.06245722108145106,False
C13048,Tlanchinol,20.991667,-98.658611,1542,Hidalgo,Tlanchinol,26,Río Claro,True,True,3834,0.6560574948665298,False
C13131,Santiago Tlajomulco,19.984722,-98.9175,2430,Hidalgo,Tolcayuca,26,Río de Las Avenidas de Pachuca,True,True,2312,0.39561943874058864,False
C13039,Tolcayuca,19.957778,-98.922778,2380,Hidalgo,Tolcayuca,26,Río de Las Avenidas de Pachuca,True,True,0,0.0,False
C13075,Jasso,19.99,-99.332222,2061,Hidalgo,Tula de Allende,26,Presa Endhó,True,True,3720,0.6365503080082136,False
C13084,Presa Requena,19.963889,-99.311944,2123,Hidalgo,Tula de Allende,26,Presa Endhó,True,True,3769,0.6449349760438056,False
C13049,Rancho La Soledad,20.066667,-99.266667,2091,Hidalgo,Tula de Allende,26,Presa Endhó,True,True,0,0.0,False
PRQHD,"Requena, Hgo.",19.963056,-99.310833,2109,Hidalgo,Tula de Allende,26,Presa Endhó,True,True,5843,0.9998288843258042,True
C13040,Tula,20.05,-99.35,2066,Hidalgo,Tula de Allende,26,Presa Endhó,True,True,0,0.0,False
C13092,Tula,20.056667,-99.348333,2045,Hidalgo,Tula de Allende,26,Presa Endhó,True,True,1310,0.2241615331964408,False
TLGHD,"Observatorio de Tulancingo, Hgo.",20.083333,-98.369444,2222,Hidalgo,Tulancingo de Bravo,26,Río Grande de Tulancingo,True,True,5828,0.9972621492128679,True
C13130,Santa María Asunción,20.154722,-98.273889,2190,Hidalgo,Tulancingo de Bravo,26,Río Metztitlán 1,True,True,3953,0.6764202600958248,False
C13041,Tulancingo,20.084167,-98.3575,2207,Hidalgo,Tulancingo de Bravo,26,Río Grande de Tulancingo,True,True,4012,0.6865160848733745,False
C13161,Presa Taxhimay 2,19.836667,-99.383611,2235,Hidalgo,Villa del Carbón,26,Presa Requena,True,True,3704,0.6338124572210815,False
OHCHD,"Ohuesco, Hgo.",20.8,-98.6,0,Hidalgo,Xochicoatlán,26,Río Los Hules,True,True,11,0.0018822724161533196,False
YHLHD,"Yahualica, Hgo.",20.9,-98.4,0,Hidalgo,Yahualica,26,Río Los Hules,True,True,10,0.0017111567419575632,False
C13042,Zacualtipán,20.640556,-98.655278,1969,Hidalgo,Zacualtipán de Ángeles,26,Río Metztitlán 2,True,True,4167,0.7130390143737166,False
C13050,Zacualtipán,20.643889,-98.653056,1980,Hidalgo,Zacualtipán de Ángeles,26,Río Metztitlán 2,True,True,0,0.0,False
ZXTHD,"Zacualtipán, Hgo.",20.652778,-98.647222,2026,Hidalgo,Zacualtipán de Ángeles,26,Río Calabozo,True,True,5611,0.9601300479123888,True
C13001,Acayuca,20.029722,-98.841944,2440,Hidalgo,Zapotlán de Juárez,26,Río de Las Avenidas de Pachuca,True,True,0,0.0,False
C13165,La Trinidad,19.960278,-98.708056,2390,Hidalgo,Zempoala,26,Río de Las Avenidas de Pachuca,True,True,2707,0.4632101300479124,False
C13129,San Agustín Zapotlán,19.872778,-98.718056,2370,Hidalgo,Zempoala,26,Río de Las Avenidas de Pachuca,True,True,3968,0.6789869952087612,False
C13133,San Pedro Tlaquilpan,19.944167,-98.753889,2490,Hidalgo,Zempoala,26,Río de Las Avenidas de Pachuca,True,True,3660,0.6262833675564682,False
C13162,Santiago Tepeyahualco,19.848333,-98.670833,2445,Hidalgo,Zempoala,26,Río de Las Avenidas de Pachuca,True,True,1095,0.18737166324435317,False
C13032,Santo Tomás,19.901667,-98.568889,2650,Hidalgo,Zempoala,26,Río de Las Avenidas de Pachuca,True,True,0,0.0,False
C13043,Zempoala,19.915,-98.669722,2450,Hidalgo,Zempoala,26,Río de Las Avenidas de Pachuca,True,True,0,0.0,False
C13065,Encarnación,20.877778,-99.208333,2380,Hidalgo,Zimapán,26,Río Moctezuma 2,True,True,2861,0.4895619438740589,False
ZMPHD,"Ing. Fernando Hiriart Balderrama, Hgo.",20.663333,-99.501111,1813,Hidalgo,Zimapán,26,Embalse Zimapán,True,True,5767,0.9868240930869268,True
C13158,Las Adjuntas,20.726389,-99.4,1690,Hidalgo,Zimapán,26,Río Moctezuma 1,True,True,0,0.0,False
C13148,Xitha,20.639444,-99.327778,2040,Hidalgo,Zimapán,26,Río Moctezuma 1,True,True,3911,0.669233401779603,False
C13044,Zimapan,20.823611,-99.4275,2075,Hidalgo,Zimapán,26,Río Moctezuma 1,True,True,0,0.0,False
ZTCHD,"Zontecomatlán, Hgo.",20.766667,-98.25,550,Hidalgo,Zontecomatlán de López y Fuentes,26,Río Calabozo,True,True,9,0.001540041067761807,False
C14001,Acatic,20.783333,-102.916667,1678,Jalisco,Acatic,12,Río Verde 2,True,True,0,0.0,False
C14307,Acatic,20.779167,-102.909444,1680,Jalisco,Acatic,12,Río Verde 2,True,True,0,0.0,False
REDJL,"La Red, Jal.",20.718889,-102.815278,1758,Jalisco,Acatic,12,Río Santiago 1,True,True,1994,0.3412046543463381,False
LAGJL,"Lagunillas, Jal.",20.764722,-102.893333,0,Jalisco,Acatic,12,Río Verde 2,True,True,293,0.0501368925393566,False
C14002,Acatlán de Juárez,20.420556,-103.591111,1370,Jalisco,Acatlán de Juárez,12,Laguna Villa Corona B,True,True,4261,0.7291238877481178,False
ACTJL,"Acatlán, Jal.",20.424444,-103.591111,1361,Jalisco,Acatlán de Juárez,12,Laguna Villa Corona B,True,True,3774,0.6457905544147844,False
HRTJL,"Hurtado, Jal.",20.466944,-103.651111,1400,Jalisco,Acatlán de Juárez,12,Laguna Villa Corona A,True,True,5297,0.9063997262149213,True
C14113,Presa Hurtado,20.439444,-103.6325,1400,Jalisco,Acatlán de Juárez,12,Laguna Villa Corona B,True,True,4182,0.715605749486653,False
C14008,Amacueca,20.016667,-103.6,1439,Jalisco,Amacueca,12,Laguna de Sayula B,True,True,0,0.0,False
SRSJL,"Manuel M. Dieguez, Jal.",20.908889,-103.705556,730,Jalisco,Amatitán,12,Presa Santa Rosa,True,True,5828,0.9972621492128679,True
C14162,Presa Santa Rosa,20.891944,-103.672222,790,Jalisco,Amatitán,12,Presa Santa Rosa,True,True,0,0.0,False
C14136,Santa Rosa,20.905556,-103.726389,1059,Jalisco,Amatitán,12,Río Santiago 3,True,True,4144,0.7091033538672142,False
C14308,Arandas,20.705,-102.343889,2060,Jalisco,Arandas,12,Río Lerma 7,True,True,0,0.0,False
ATEJL,"Atemajac, Jal.",20.723056,-102.34,0,Jalisco,Arandas,12,Río Zula,True,True,28,0.004791238877481177,False
C14045,Cabrito,20.691667,-102.273611,2150,Jalisco,Arandas,12,Río Zula,True,True,0,0.0,False
C14060,El Tule,20.716944,-102.441111,2005,Jalisco,Arandas,12,Río Zula,True,True,1291,0.22091033538672142,False
TULJL,"El Tule, Jal.",20.7425,-102.433056,2033,Jalisco,Arandas,12,Río Zula,True,True,1625,0.27806297056810403,False
C14369,La Vaquera,20.8575,-102.22,2081,Jalisco,Arandas,12,Río Turbio,True,True,3824,0.6543463381245722,False
C14017,Atotonilco El Alto,20.55,-102.508333,1600,Jalisco,Atotonilco el Alto,12,Río Zula,True,True,4309,0.7373374401095141,False
C14018,Atoyac,20.009722,-103.515278,1350,Jalisco,Atoyac,12,Laguna de Sayula B,True,True,4323,0.7397330595482546,False
MRZJL,"Veintisiete de marzo, Jal.",20.016667,-103.476111,0,Jalisco,Atoyac,12,Laguna de Sayula A,True,True,1783,0.30509924709103353,False
C14020,Ayo El Chico,20.533333,-102.333333,1610,Jalisco,Ayotlán,12,Río Lerma 7,True,True,0,0.0,False
C14376,Ayotlán,20.528611,-102.326944,1610,Jalisco,Ayotlán,12,Río Lerma 7,True,True,0,0.0,False
POLJL,"Ing. Guillermo Lugo Sanabria, Jal.",20.491111,-102.231944,1671,Jalisco,Ayotlán,12,Río Lerma 7,True,True,5229,0.8947638603696099,True
SNOJL,"San Onofre, Jal.",20.518889,-102.369722,0,Jalisco,Ayotlán,12,Río Lerma 7,True,True,237,0.04055441478439425,False
C14023,Bolaños,21.825,-103.783333,963,Jalisco,Bolaños,12,Río Bolaños 2,True,True,4357,0.7455509924709104,False
BLNJL,"Bolaños, Jal.",21.831667,-103.782778,916,Jalisco,Bolaños,12,Río Bolaños 1,True,True,5122,0.8764544832306639,True
C14318,El Refugio,21.866667,-103.75,1680,Jalisco,Bolaños,12,Río Bolaños 1,True,True,0,0.0,False
C14165,Villa Obregón,21.148333,-102.688889,1850,Jalisco,Cañadas de Obregón,12,Río Verde 1,True,True,4260,0.728952772073922,False
ATQJL,"Atequiza, Jal.",20.397222,-103.091944,1528,Jalisco,Chapala,12,Río Santiago 1,True,True,4753,0.8133127994524298,True
C14040,Chapala,20.29,-103.189167,1530,Jalisco,Chapala,12,Río Lerma 7,True,True,4322,0.7395619438740588,False
LDCJL,"Lago de Chapala, Jal.",20.290556,-103.201667,1523,Jalisco,Chapala,12,Río Lerma 7,True,True,5834,0.9982888432580425,True
PCHJL,"Pueblo Chapala, Jal.",20.216667,-103.333333,1523,Jalisco,Chapala,12,Río Lerma 7,True,True,11,0.0018822724161533196,False
C14319,San Juan de Los Potreros,21.705278,-103.597778,2235,Jalisco,Chimaltitán,12,Río Bolaños 2,True,True,0,0.0,False
C14026,Casa Llanta,22.058889,-103.361944,1730,Jalisco,Colotlán,12,Río Tepetongo,True,True,4382,0.7498288843258042,False
C14032,Colotlán,22.107222,-103.267778,1675,Jalisco,Colotlán,12,Río Tepetongo,True,True,2883,0.49332648870636553,False
C14175,Colotlán,22.114167,-103.266389,1660,Jalisco,Colotlán,12,Río Tepetongo,True,True,0,0.0,False
C14196,Colotlán,22.116667,-103.266667,1660,Jalisco,Colotlán,12,Río Tepetongo,True,True,0,0.0,False
C14331,El Zapote,22.042778,-103.329167,1458,Jalisco,Colotlán,12,Río Tlaltenango,True,True,1878,0.3213552361396304,False
C14347,Jalisco del Refugio,22.0,-103.166667,1720,Jalisco,Colotlán,12,Río Tlaltenango,True,True,0,0.0,False
CLTJL,"Observatorio de Colotlán, Jal.",22.133333,-103.25,1735,Jalisco,Colotlán,12,Río Tepetongo,True,True,5202,0.8901437371663244,True
C14144,Tenasco,22.156667,-103.232778,1710,Jalisco,Colotlán,12,Río Tepetongo,True,True,4442,0.7600958247775497,False
VGFJL,"Valentín Gómez Farías, Jal.",22.0,-103.245833,0,Jalisco,Colotlán,12,Río Tlaltenango,True,True,290,0.049623545516769334,False
C14029,Concepción de Buenos Aires,19.978333,-103.260556,1639,Jalisco,Concepción de Buenos Aires,12,Laguna de Sayula B,True,True,4168,0.7132101300479123,False
RACJL,"General Ramón Corona, Jal.",20.05,-103.241944,0,Jalisco,Concepción de Buenos Aires,12,Laguna de Sayula B,True,True,341,0.05835044490075291,False
C14039,Cuquío,20.927778,-103.023333,1790,Jalisco,Cuquío,12,Río Santiago 2,True,True,4383,0.75,False
CUQJL,"Cuquío, Jal.",20.948056,-103.039444,1799,Jalisco,Cuquío,12,Río Santiago 2,True,True,2884,0.4934976043805613,False
C14302,Degollado,20.445556,-102.142778,1780,Jalisco,Degollado,12,Río Lerma 6,True,True,0,0.0,False
C14313,Degollado,20.446944,-102.139167,1780,Jalisco,Degollado,12,Río Lerma 6,True,True,0,0.0,False
C14070,Huascato,20.480556,-102.248889,1619,Jalisco,Degollado,12,Río Lerma 7,True,True,4315,0.7383641341546886,False
HUAJL,"Huascato, Jal.",20.483333,-102.25,1619,Jalisco,Degollado,12,Río Lerma 7,True,True,5344,0.9144421629021219,True
C14280,La Quemada,20.433333,-102.083333,1730,Jalisco,Degollado,12,Río Lerma 6,True,True,0,0.0,False
C14012,El Arenal,20.772222,-103.688889,1603,Jalisco,El Arenal,12,Presa Santa Rosa,True,True,0,0.0,False
C14338,El Arenal,20.775556,-103.693333,1380,Jalisco,El Arenal,12,Presa Santa Rosa,True,True,0,0.0,False
C14278,Empalme de Orendaín,20.733056,-103.633333,1460,Jalisco,El Arenal,12,Presa Santa Rosa,True,True,0,0.0,False
ZPTJL,"El Zapote, Jal.",22.05,-103.05,1589,Jalisco,El Plateado de Joaquín Amaro,12,Río Tlaltenango,True,True,1730,0.29603011635865845,False
C14057,El Salto,20.518889,-103.178333,1508,Jalisco,El Salto,12,Río Santiago 1,True,True,0,0.0,False
C14058,El Tecuán,21.682778,-102.022222,1965,Jalisco,Encarnación de Díaz,12,Río Encarnación,True,True,0,0.0,False
C14062,Encarnación de Díaz,21.524167,-102.236944,1810,Jalisco,Encarnación de Díaz,12,Río Encarnación,True,True,0,0.0,False
C14330,Los Sauces Chicos,21.596667,-102.134722,1885,Jalisco,Encarnación de Díaz,12,Río Encarnación,True,True,0,0.0,False
C14315,Gómez Farías,19.794167,-103.477222,1510,Jalisco,Gómez Farías,12,Laguna de Zapotlán,True,True,0,0.0,False
C14065,Guadalajara,20.706389,-103.392222,1551,Jalisco,Guadalajara,12,Río Santiago 2,True,True,4001,0.6846338124572211,False
C14066,Guadalajara,20.676389,-103.346111,1550,Jalisco,Guadalajara,12,Río Santiago 2,True,True,4402,0.7532511978097194,False
C14121,Guadalajara,20.7,-103.383333,1567,Jalisco,Guadalajara,12,Río Santiago 2,True,True,0,0.0,False
C14279,Guadalajara,20.655556,-103.3525,1549,Jalisco,Guadalajara,12,Río Santiago 2,True,True,0,0.0,False
GUAJL,"Guadalajara Centro, Jal.",20.672778,-103.373889,1586,Jalisco,Guadalajara,12,Río Santiago 2,True,True,5744,0.9828884325804244,True
C14329,La Experiencia,20.670278,-103.285833,1550,Jalisco,Guadalajara,12,Río Santiago 1,True,True,4081,0.6983230663928816,False
GUCJL,"Observatorio de Guadalajara, Jal.",20.706667,-103.392778,1567,Jalisco,Guadalajara,12,Río Santiago 2,True,True,5619,0.9614989733059548,True
OSOJL,"Osorio, Jal.",20.676111,-103.267222,0,Jalisco,Guadalajara,12,Río Santiago 1,True,True,293,0.0501368925393566,False
C14115,Puente Arcediano,20.734722,-103.285833,1015,Jalisco,Guadalajara,12,Río Santiago 2,True,True,0,0.0,False
C14276,Barrancas,21.020278,-104.226389,1300,Jalisco,Hostotipaquillo,12,Río Santiago 4,True,True,0,0.0,False
C14068,Hostotipaquillo,21.058056,-104.051389,1300,Jalisco,Hostotipaquillo,12,Río Santiago 3,True,True,4023,0.6883983572895277,False
PLYJL,"Ing. Alfredo Elías Ayub, Jal.",21.196944,-104.105833,579,Jalisco,Hostotipaquillo,12,Río Santiago 4,True,True,4845,0.8290554414784395,True
YESJL,"La Yesca, Jal.",21.193056,-104.090278,420,Jalisco,Hostotipaquillo,12,Río Santiago 4,True,True,1374,0.2351129363449692,False
C14107,Paso de La Yesca,21.187778,-104.0725,420,Jalisco,Hostotipaquillo,12,Río Santiago 3,True,True,0,0.0,False
C14110,Plan de Barrancas,21.042222,-104.211389,830,Jalisco,Hostotipaquillo,12,Río Santiago 4,True,True,0,0.0,False
ACHZC,"Achimec, Jal.",22.327222,-103.225278,1825,Jalisco,Huejúcar,12,Río Tepetongo,True,True,5688,0.973305954825462,True
C14069,Huejucar,22.3575,-103.21,1830,Jalisco,Huejúcar,12,Río Tepetongo,True,True,4353,0.7448665297741273,False
C14037,Presa Achimec,22.325278,-103.228056,1825,Jalisco,Huejúcar,12,Río Tepetongo,True,True,2557,0.4375427789185489,False
C14053,El Pinito,22.609167,-103.948333,1684,Jalisco,Huejuquilla el Alto,12,Río San Juan,True,True,4169,0.7133812457221081,False
PINJL,"El Pinito, Jal.",22.6,-103.916667,1858,Jalisco,Huejuquilla el Alto,12,Río San Juan,True,True,2210,0.3781656399726215,False
C14071,Huejuquilla El Alto,22.627778,-103.8975,1740,Jalisco,Huejuquilla el Alto,12,Río San Juan,True,True,3438,0.5882956878850103,False
C14176,Huejuquilla El Alto,22.633333,-103.9,1740,Jalisco,Huejuquilla el Alto,12,Río San Juan,True,True,0,0.0,False
MEZJL,"Los Mezquites, Jal.",22.630556,-103.869167,0,Jalisco,Huejuquilla el Alto,12,Río San Juan,True,True,303,0.05184804928131417,False
C14306,Tenzompa,22.376111,-103.924722,1770,Jalisco,Huejuquilla el Alto,12,Río Atengo,True,True,4230,0.7238193018480493,False
TNZJL,"Tenzompa, Jal.",22.366667,-103.916667,170,Jalisco,Huejuquilla el Alto,12,Río Atengo,True,True,0,0.0,False
C14016,Atequiza,20.395278,-103.135556,1520,Jalisco,Ixtlahuacán de los Membrillos,12,Río Santiago 1,True,True,4143,0.7089322381930184,False
C14173,Atequiza Normal Rural,20.396111,-103.135,1521,Jalisco,Ixtlahuacán de los Membrillos,12,Río Santiago 1,True,True,0,0.0,False
ELLJL,"El Llano, Jal.",20.361667,-103.207778,0,Jalisco,Ixtlahuacán de los Membrillos,12,Río Lerma 7,True,True,583,0.09976043805612594,False
C14072,Huerta Vieja,20.425833,-103.242222,1550,Jalisco,Ixtlahuacán de los Membrillos,12,Río Santiago 1,True,True,4382,0.7498288843258042,False
C14073,Ixtlahuacán del Rio,20.888611,-103.25,1825,Jalisco,Ixtlahuacán del Río,12,Río Santiago 2,True,True,0,0.0,False
SACJL,"Los Sauces, Jal.",20.881667,-103.221389,0,Jalisco,Ixtlahuacán del Río,12,Río Santiago 2,True,True,296,0.05065023956194387,False
C14074,Jalostotitlán,21.168333,-102.465278,1750,Jalisco,Jalostotitlán,12,Río San Miguel,True,True,0,0.0,False
C14266,San Gaspar de Los Reyes,21.284722,-102.497222,1750,Jalisco,Jalostotitlán,12,Río de Lagos,True,True,3601,0.6161875427789185,False
SGRJL,"San Gaspar de los Reyes, Jal.",21.3,-102.5,1740,Jalisco,Jalostotitlán,12,Río de Lagos,True,True,5092,0.8713210130047913,True
C14365,Teocaltitán de Guadalupe,21.143333,-102.397222,1760,Jalisco,Jalostotitlán,12,Río San Miguel,True,True,0,0.0,False
BCRJL,"Becerrera, Jal.",20.3,-102.7,0,Jalisco,Jamay,12,Río Lerma 7,True,True,31,0.0053045859000684465,False
C14075,Jamay,20.29,-102.709444,1530,Jalisco,Jamay,12,Río Lerma 7,True,True,3359,0.5747775496235455,False
JMYJL,"Jamay, Jal.",20.293889,-102.705833,1550,Jalisco,Jamay,12,Río Lerma 7,True,True,5567,0.9526009582477755,True
C14076,Jesús María,20.608056,-102.215278,2129,Jalisco,Jesús María,12,Río Lerma 7,True,True,4024,0.6885694729637235,False
C14360,Las Lagunas,20.665,-102.096944,2300,Jalisco,Jesús María,12,Río Lerma 7,True,True,0,0.0,False
CHLMC,"Constitución de Apatzingán, Jal.",19.287778,-102.774167,440,Jalisco,Jilotlán de los Dolores,18,Río Tepalcatepec,True,True,5836,0.998631074606434,True
C14348,Jilotlán,19.370556,-103.019444,740,Jalisco,Jilotlán de los Dolores,18,Río Tepalcatepec,True,True,3338,0.5711841204654347,False
C14177,Los Olivos,19.207778,-102.862222,420,Jalisco,Jilotlán de los Dolores,18,Río Tepalcatepec,True,True,0,0.0,False
C14077,Jocotepec,20.283611,-103.429444,1540,Jalisco,Jocotepec,12,Río Lerma 7,True,True,0,0.0,False
C14396,Piedra Barrenada,20.266667,-103.425,1530,Jalisco,Jocotepec,12,Río Lerma 7,True,True,4343,0.7431553730321697,False
ZAPJL,"Zapotlanejo, Jal.",20.404167,-103.0875,98,Jalisco,Juanacatlán,12,Río Santiago 1,True,True,22,0.0037645448323066393,False
C14355,La Barca,20.328889,-102.5425,1537,Jalisco,La Barca,12,Río Lerma 7,True,True,4290,0.7340862422997947,False
C14086,La Manzanilla de La Paz,20.004167,-103.154167,2050,Jalisco,La Manzanilla de la Paz,12,Río Lerma 7,True,True,2496,0.4271047227926078,False
C14033,Comanja de Corona,21.325833,-101.713889,2244,Jalisco,Lagos de Moreno,12,Río de Lagos,True,True,3070,0.525325119780972,False
CRTJL,"El Cuarenta, Jal.",21.497778,-101.7375,1998,Jalisco,Lagos de Moreno,12,Presa El Cuarenta,True,True,5684,0.972621492128679,True
C14054,El Puesto,21.625556,-101.966389,2050,Jalisco,Lagos de Moreno,12,Río Encarnación,True,True,4195,0.7178302532511978,False
C14320,La Sauceda,21.353056,-101.847222,1940,Jalisco,Lagos de Moreno,12,Río de Lagos,True,True,3741,0.6401437371663244,False
SAUJL,"La Sauceda, Jal.",21.35,-101.85,1940,Jalisco,Lagos de Moreno,12,Río de Lagos,True,True,5571,0.9532854209445585,True
SA1JL,"La Sauceda, Jal.",21.359167,-101.835556,1940,Jalisco,Lagos de Moreno,12,Río de Lagos,True,True,5216,0.892539356605065,True
C14083,Lagos de Moreno,21.347778,-101.941389,1901,Jalisco,Lagos de Moreno,12,Río de Lagos,True,True,4175,0.7144079397672827,False
C14084,Lagos de Moreno,21.360278,-101.920556,1884,Jalisco,Lagos de Moreno,12,Río de Lagos,True,True,3814,0.6526351813826147,False
C14304,Lagos de Moreno,21.35,-101.933333,1900,Jalisco,Lagos de Moreno,12,Río de Lagos,True,True,0,0.0,False
LDMJL,"Lagos de Moreno, Jal.",21.359722,-101.919722,1871,Jalisco,Lagos de Moreno,12,Río de Lagos,True,True,5134,0.878507871321013,True
OLMJL,"Observatorio de Lagos de Moreno, Jal.",21.366667,-101.916667,1942,Jalisco,Lagos de Moreno,12,Río de Lagos,True,True,5270,0.9017796030116358,True
C14392,Paso del Cuarenta 2,21.488889,-101.752778,1998,Jalisco,Lagos de Moreno,12,Río de Lagos,True,True,3513,0.601129363449692,False
C14106,Paso del Cuarenta I,21.495833,-101.743333,1947,Jalisco,Lagos de Moreno,12,Río de Lagos,True,True,0,0.0,False
C14114,Presa La Duquesa,21.224444,-101.82,1950,Jalisco,Lagos de Moreno,12,Río Turbio,True,True,4230,0.7238193018480493,False
C14363,Tacubaya,21.776667,-101.961111,2020,Jalisco,Lagos de Moreno,12,Río Encarnación,True,True,0,0.0,False
C14100,Mexticacán,21.265278,-102.776944,1750,Jalisco,Mexticacán,12,Río Verde 1,True,True,4261,0.7291238877481178,False
MEXJL,"Mexticacán, Jal.",21.263889,-102.775833,1875,Jalisco,Mexticacán,12,Río Verde 1,True,True,0,0.0,False
C14340,Bajío de Los Amoles,22.057778,-103.931389,2440,Jalisco,Mezquitic,12,Río Atengo,True,True,0,0.0,False
C14346,Bocas,22.4,-103.726111,1352,Jalisco,Mezquitic,12,Río Bolaños 1,True,True,4383,0.75,False
BCSJL,"Bocas, Jal.",22.406111,-103.724444,1743,Jalisco,Mezquitic,12,Río Bolaños 1,True,True,5703,0.9758726899383984,True
C14098,Mezquitic,22.388333,-103.728889,1360,Jalisco,Mezquitic,12,Río Bolaños 1,True,True,0,0.0,False
C14134,Santa Clara,22.242778,-104.276389,1920,Jalisco,Mezquitic,12,Río Atengo,True,True,0,0.0,False
C14326,Totuate,22.284444,-103.735833,1360,Jalisco,Mezquitic,12,Río Bolaños 1,True,True,4092,0.7002053388090349,False
C14047,El Fuerte,20.330833,-102.763333,1540,Jalisco,Ocotlán,12,Río Lerma 7,True,True,4383,0.75,False
FTEJL,"El Fuerte, Jal.",20.298056,-102.766667,1551,Jalisco,Ocotlán,12,Río Lerma 7,True,True,4069,0.6962696783025325,False
C14102,Ocotlán,20.350833,-102.771667,1530,Jalisco,Ocotlán,12,Río Zula,True,True,0,0.0,False
C14097,Matanzas,21.766667,-101.65,2110,Jalisco,Ojuelos de Jalisco,12,Presa El Cuarenta,True,True,0,0.0,False
C14161,Vaquerías,21.816667,-101.65,2270,Jalisco,Ojuelos de Jalisco,12,Presa El Cuarenta,True,True,0,0.0,False
C14199,Cuitzeo,20.27,-102.77,1531,Jalisco,Poncitlán,12,Río Lerma 7,True,True,2983,0.5104380561259412,False
CUIJL,"Cuitzeo, Jal.",20.341389,-102.7825,1831,Jalisco,Poncitlán,12,Río Santiago 1,True,True,3733,0.6387748117727584,False
C14379,Mezcala,20.335556,-103.0175,1530,Jalisco,Poncitlán,12,Río Lerma 7,True,True,4352,0.7446954140999316,False
C14111,Poncitlán,20.381111,-102.927778,1520,Jalisco,Poncitlán,12,Río Santiago 1,True,True,2789,0.4772416153319644,False
C14119,Quitupán,19.933333,-102.883333,1660,Jalisco,Quitupan,18,Río Tepalcatepec,True,True,62,0.010609171800136893,False
C14180,Quitupán,19.926667,-102.875833,1660,Jalisco,Quitupan,18,Río Tepalcatepec,True,True,3803,0.6507529089664613,False
C14124,San Diego,19.888611,-102.834444,1620,Jalisco,Quitupan,18,Río Tepalcatepec,True,True,0,0.0,False
C14038,Cuixtla,21.051944,-103.438889,1000,Jalisco,San Cristóbal de la Barranca,12,Presa Santa Rosa,True,True,4382,0.7498288843258042,False
CXTJL,"Cuixtla, Jal.",21.066667,-103.45,816,Jalisco,San Cristóbal de la Barranca,12,Presa Santa Rosa,True,True,5195,0.8889459274469541,True
BOQJL,"La Boquilla, Jal.",21.058333,-103.397222,0,Jalisco,San Cristóbal de la Barranca,12,Río Juchipila 2,True,True,18,0.003080082135523614,False
C14123,San Diego de Alejandría,20.994167,-101.994167,1960,Jalisco,San Diego de Alejandría,12,Río Turbio,True,True,3525,0.6031827515400411,False
C14004,Agostadero,21.35,-102.333333,1810,Jalisco,San Juan de los Lagos,12,Río Grande,True,True,0,0.0,False
C14126,San Juan de Los Lagos,21.245833,-102.330833,1750,Jalisco,San Juan de los Lagos,12,Río de Lagos,True,True,0,0.0,False
C14128,San Julián,21.016667,-102.183333,2070,Jalisco,San Julián,12,Río de Lagos,True,True,0,0.0,False
C14182,San Julián,21.0,-102.2,2060,Jalisco,San Julián,12,Río de Lagos,True,True,0,0.0,False
SJLJL,"San Julián, Jal.",21.033333,-102.183333,2500,Jalisco,San Julián,12,Río de Lagos,True,True,10,0.0017111567419575632,False
C14327,San Martin de Bolaños,21.683333,-103.8,800,Jalisco,San Martín de Bolaños,12,Río Bolaños 2,True,True,0,0.0,False
C14131,San Miguel El Alto,21.029722,-102.402222,1850,Jalisco,San Miguel el Alto,12,Río San Miguel,True,True,0,0.0,False
SMAJL,"San Miguel el Alto, Jal.",21.05,-102.4,1860,Jalisco,San Miguel el Alto,12,Río San Miguel,True,True,9,0.001540041067761807,False
MIGJL,"San Miguel, Jal.",20.992222,-102.404444,0,Jalisco,San Miguel el Alto,12,Río San Miguel,True,True,315,0.053901437371663245,False
C14200,Foliquilla -Crae-,20.584167,-103.361667,1607,Jalisco,San Pedro Tlaquepaque,12,Río Santiago 1,True,True,2802,0.4794661190965092,False
PITJL,"Protección a Infraestructura y Atención a Emergencias, Jal.",20.583889,-103.361667,1593,Jalisco,San Pedro Tlaquepaque,12,Río Santiago 1,True,True,4185,0.7161190965092402,False
C14132,Tlaquepaque,20.638333,-103.310556,1540,Jalisco,San Pedro Tlaquepaque,12,Río Santiago 1,True,True,4442,0.7600958247775497,False
TLAJL,"Tlaquepaque, Jal.",20.583333,-103.316667,1593,Jalisco,San Pedro Tlaquepaque,12,Río Santiago 1,True,True,5478,0.9373716632443532,True
C14135,Santa María de Los Ángeles,22.166667,-103.233333,1745,Jalisco,Santa María de los Ángeles,12,Río Tepetongo,True,True,0,0.0,False
TENJL,"Tenasco, Jal.",22.171944,-103.198611,1850,Jalisco,Santa María de los Ángeles,12,Río Tepetongo,True,True,5652,0.9671457905544147,True
C14368,Usmajac,19.873333,-103.543333,1360,Jalisco,Sayula,12,Laguna de Sayula B,True,True,4136,0.7077344284736482,False
C14095,Manuel M. Diéguez,19.583333,-103.083333,1225,Jalisco,Tamazula de Gordiano,18,Río Tepalcatepec,True,True,0,0.0,False
C14323,Techaluta,20.066667,-103.55,1406,Jalisco,Techaluta de Montenegro,12,Laguna de Sayula B,True,True,498,0.08521560574948665,False
C14345,Ahuetita,21.432222,-102.647778,1985,Jalisco,Teocaltiche,12,Río Verde 1,True,True,0,0.0,False
C14006,Ajojucar,21.563333,-102.439444,1745,Jalisco,Teocaltiche,12,Río Aguascalientes,True,True,4322,0.7395619438740588,False
AJJJL,"Ajojúcar, Jal.",21.599444,-102.436944,1751,Jalisco,Teocaltiche,12,Presa Ajojucar,True,True,5598,0.9579055441478439,True
C14025,Calera,21.498056,-102.586389,1800,Jalisco,Teocaltiche,12,Río Aguascalientes,True,True,648,0.11088295687885011,False
CALJL,"Calerita, Jal.",21.436111,-102.578611,1747,Jalisco,Teocaltiche,12,Río Aguascalientes,True,True,81,0.013860369609856264,False
C14101,Michoacanejo,21.54,-102.596667,1860,Jalisco,Teocaltiche,12,Río Aguascalientes,True,True,3839,0.6569130732375086,False
C14108,Paso del Sabino,21.340556,-102.618333,1765,Jalisco,Teocaltiche,12,Río Verde 1,True,True,0,0.0,False
PDSJL,"Paso del Sabino, Jal.",21.337222,-102.532778,1699,Jalisco,Teocaltiche,12,Río Aguascalientes,True,True,107,0.018309377138945926,False
ANTJL,"San Antonio, Jal.",21.511111,-102.596944,0,Jalisco,Teocaltiche,12,Río Aguascalientes,True,True,258,0.044147843942505136,False
C14122,San Bernardo,21.631667,-102.391111,1800,Jalisco,Teocaltiche,12,Río Encarnación,True,True,4353,0.7448665297741273,False
C14145,Teocaltiche,21.433611,-102.573889,1740,Jalisco,Teocaltiche,12,Río Aguascalientes,True,True,4383,0.75,False
C14186,Teocaltiche,21.433333,-102.583333,1740,Jalisco,Teocaltiche,12,Río Aguascalientes,True,True,0,0.0,False
TCAJL,"Teocaltiche, Jal.",21.45,-102.583333,1740,Jalisco,Teocaltiche,12,Río Aguascalientes,True,True,5699,0.9751882272416154,True
C14146,Teocuitatlán,20.094167,-103.376389,1370,Jalisco,Teocuitatlán de Corona,12,Laguna de Sayula B,True,True,4384,0.7501711156741958,False
C14092,Los Olivos,19.2,-102.866667,420,Jalisco,Tepalcatepec,18,Río Tepalcatepec,True,True,0,0.0,False
GARJL,"Garabatos, Jal.",20.6275,-102.696111,0,Jalisco,Tepatitlán de Morelos,12,Río Zula,True,True,318,0.054414784394250515,False
C14087,La Red,20.725278,-102.812778,1774,Jalisco,Tepatitlán de Morelos,12,Río Santiago 1,True,True,4441,0.7599247091033539,False
C14147,Tepatitlán,20.816667,-102.761111,1800,Jalisco,Tepatitlán de Morelos,12,Río Verde 2,True,True,0,0.0,False
C14105,Paso de Analco,21.1375,-103.95,880,Jalisco,Tequila,12,Río Santiago 3,True,True,0,0.0,False
C14187,Tequila,20.882778,-103.836667,1180,Jalisco,Tequila,12,Río Santiago 3,True,True,4293,0.7345995893223819,False
C14391,Presa El Volantín,20.054444,-103.104167,1890,Jalisco,Tizapán el Alto,12,Río Lerma 7,True,True,4410,0.7546201232032854,False
C14149,Tizapán El Alto,20.166667,-103.05,1550,Jalisco,Tizapán el Alto,12,Río Lerma 7,True,True,30,0.00513347022587269,False
C14189,Tizapán El Alto,20.158333,-103.043333,1550,Jalisco,Tizapán el Alto,12,Río Lerma 7,True,True,3676,0.6290212183436003,False
TZPJL,"Tizapán, Jal.",20.166667,-103.033333,1534,Jalisco,Tizapán el Alto,12,Río Lerma 7,True,True,15,0.002566735112936345,False
VOLJL,"Volantín, Jal.",20.0675,-103.09,0,Jalisco,Tizapán el Alto,12,Río Lerma 7,True,True,78,0.013347022587268994,False
C14356,La Cañada,20.422222,-103.441667,1625,Jalisco,Tlajomulco de Zúñiga,12,Río Santiago 1,True,True,0,0.0,False
C14362,San Lucas Evangelista,20.403333,-103.316667,1560,Jalisco,Tlajomulco de Zúñiga,12,Río Santiago 1,True,True,0,0.0,False
C14380,San Luis,20.463333,-103.563889,1560,Jalisco,Tlajomulco de Zúñiga,12,Laguna Villa Corona B,True,True,0,0.0,False
SFEJL,"Santa Fe, Jal.",20.543333,-103.378333,0,Jalisco,Tlajomulco de Zúñiga,12,Río Santiago 1,True,True,281,0.04808350444900753,False
C14294,Tlajomulco de Zúñiga,20.472778,-103.446667,1560,Jalisco,Tlajomulco de Zúñiga,12,Río Santiago 1,True,True,260,0.044490075290896644,False
CLIJL,"Colimilla, Jal.",20.696111,-103.226111,0,Jalisco,Tonalá,12,Río Santiago 1,True,True,299,0.05116358658453114,False
LROJL,"Luis M. Rojas, Jal.",20.704444,-103.264722,0,Jalisco,Tonalá,12,Río Santiago 1,True,True,299,0.05116358658453114,False
C14386,Tonalá,20.623611,-103.241111,1660,Jalisco,Tonalá,12,Río Santiago 1,True,True,4401,0.7530800821355236,False
C14324,Temastián,21.974444,-103.525,1870,Jalisco,Totatiche,12,Río Bolaños 1,True,True,4347,0.7438398357289527,False
C14153,Totatiche,21.927222,-103.443056,1760,Jalisco,Totatiche,12,Río Tlaltenango,True,True,0,0.0,False
C14090,La Yerbabuena,20.581667,-102.745556,1588,Jalisco,Tototlán,12,Río Zula,True,True,4412,0.7549623545516769,False
C14154,Tototlán,20.5425,-102.793056,1540,Jalisco,Tototlán,12,Río Zula,True,True,263,0.045003422313483914,False
C14156,Tuxcueca,20.153611,-103.184444,1530,Jalisco,Tuxcueca,12,Río Lerma 7,True,True,3828,0.6550308008213552,False
C14367,Tlacuitapan,21.198056,-102.125,1800,Jalisco,Unión de San Antonio,12,Río de Lagos,True,True,2637,0.45123203285420943,False
C14157,Unión de San Antonio,21.131389,-102.004722,1917,Jalisco,Unión de San Antonio,12,Río de Lagos,True,True,4349,0.7441820670773442,False
ESLJL,"El Salto, Jal.",21.037222,-102.705,0,Jalisco,Valle de Guadalupe,12,Río del Valle,True,True,3220,0.5509924709103354,False
CLMJL,"La Colmena, Jal.",21.1,-102.614722,0,Jalisco,Valle de Guadalupe,12,Río San Miguel,True,True,263,0.045003422313483914,False
C14159,Valle de Guadalupe,21.010278,-102.616389,1860,Jalisco,Valle de Guadalupe,12,Río del Valle,True,True,0,0.0,False
C14160,Valle de Juárez,19.9325,-102.944444,1960,Jalisco,Valle de Juárez,18,Río Tepalcatepec,True,True,3681,0.6298767967145791,False
C14191,Valle de Juárez,19.933333,-102.95,1950,Jalisco,Valle de Juárez,18,Río Tepalcatepec,True,True,274,0.04688569472963724,False
VCVJL,"Vicente C. Villaseñor, Jal.",19.939722,-102.941667,0,Jalisco,Valle de Juárez,18,Río Tepalcatepec,True,True,2944,0.5037645448323066,False
C14163,Villa Corona,20.415833,-103.665278,1355,Jalisco,Villa Corona,12,Laguna Villa Corona B,True,True,0,0.0,False
C14164,Villa Guerrero,21.983333,-103.6,1785,Jalisco,Villa Guerrero,12,Río Bolaños 1,True,True,1825,0.3122861054072553,False
LARJL,"Charco Largo, Jal.",21.715833,-102.630833,0,Jalisco,Villa Hidalgo,12,Presa Ajojucar,True,True,263,0.045003422313483914,False
JUIJL,"Juiquinaque, Jal.",21.695,-102.543333,0,Jalisco,Villa Hidalgo,12,Presa Ajojucar,True,True,286,0.04893908281998631,False
SIGJL,"San Ignacio, Jal.",21.618056,-102.625,0,Jalisco,Villa Hidalgo,12,Río Aguascalientes,True,True,287,0.049110198494182064,False
SJUJL,"San Juan, Jal.",21.688889,-102.538889,1881,Jalisco,Villa Hidalgo,12,Presa Ajojucar,True,True,38,0.006502395619438741,False
C14127,San Juanico,21.65,-102.516667,1830,Jalisco,Villa Hidalgo,12,Presa Ajojucar,True,True,0,0.0,False
C14337,Apozol,21.018056,-102.825833,1698,Jalisco,Yahualica de González Gallo,12,Río Verde 1,True,True,4441,0.7599247091033539,False
ESTJL,"El Estribón, Jal.",21.185556,-102.900556,0,Jalisco,Yahualica de González Gallo,12,Río Verde 1,True,True,3230,0.552703627652293,False
STRJL,"El Estribón, Jal.",21.186111,-102.899722,0,Jalisco,Yahualica de González Gallo,12,Río Verde 1,True,True,305,0.05219028062970568,False
C14080,La Cuña,21.006667,-102.823333,1490,Jalisco,Yahualica de González Gallo,12,Río Verde 2,True,True,3205,0.5484257357973991,False
CUNJL,"La Cuña, Jal.",21.133333,-102.85,1700,Jalisco,Yahualica de González Gallo,12,Río Verde 1,True,True,4171,0.7137234770704997,False
C14167,Yahualica de Gonzalez Gallo,21.181667,-102.890556,1800,Jalisco,Yahualica de González Gallo,12,Río Verde 1,True,True,4170,0.7135523613963038,False
C14192,Yahualica de Gonzalez Gallo,21.183333,-102.883333,1800,Jalisco,Yahualica de González Gallo,12,Río Verde 1,True,True,0,0.0,False
YAHJL,"Yahualica, Jal.",21.181389,-102.885833,1842,Jalisco,Yahualica de González Gallo,12,Río Verde 1,True,True,454,0.07768651608487337,False
ZPOJL,"Zapotillo, Jal.",21.133333,-102.806389,0,Jalisco,Yahualica de González Gallo,12,Río Verde 1,True,True,365,0.06245722108145106,False
C14168,Zacoalco de Torres,20.227778,-103.569444,1350,Jalisco,Zacoalco de Torres,12,Laguna San Marcos-Zacoalco,True,True,3934,0.6731690622861054,False
C14373,Agua Prieta,20.801111,-103.344167,1380,Jalisco,Zapopan,12,Río Santiago 2,True,True,0,0.0,False
BAZJL,"Base Aérea Zapopan, Jal.",20.746667,-103.446389,1676,Jalisco,Zapopan,12,Río Santiago 2,True,True,3321,0.5682751540041068,False
C14292,Escuela de Agricultura,20.7,-103.416667,1600,Jalisco,Zapopan,12,Río Santiago 2,True,True,0,0.0,False
EXPJL,"La Experiencia, Jal.",20.733333,-103.333333,250,Jalisco,Zapopan,12,Río Santiago 2,True,True,5304,0.9075975359342916,True
C14088,La Soledad,20.896111,-103.365,1060,Jalisco,Zapopan,12,Río Santiago 2,True,True,0,0.0,False
C14295,Universidad Autónoma de Guadalajara,20.716667,-103.416667,1570,Jalisco,Zapopan,12,Río Santiago 2,True,True,0,0.0,False
C14169,Zapopan,20.720278,-103.391944,1560,Jalisco,Zapopan,12,Río Santiago 2,True,True,4045,0.6921629021218344,False
ZPPJL,"Zapopan, Jal.",20.716667,-103.366667,1575,Jalisco,Zapopan,12,Río Santiago 2,True,True,3025,0.5176249144421629,False
CHLJL,"Chila, Jal.",20.489722,-102.944167,0,Jalisco,Zapotlán del Rey,12,Río Santiago 1,True,True,2239,0.3831279945242984,False
CORJL,"Corona, Jal.",20.404167,-103.083333,1520,Jalisco,Zapotlán del Rey,12,Río Santiago 1,True,True,18,0.003080082135523614,False
LCLJL,"La Colonia, Jal.",20.43,-102.931944,0,Jalisco,Zapotlán del Rey,12,Río Santiago 1,True,True,2140,0.3661875427789186,False
PONJL,"Poncitlán, Jal.",20.385,-102.920833,1530,Jalisco,Zapotlán del Rey,12,Río Santiago 1,True,True,415,0.07101300479123887,False
C14030,Ciudad Guzman,19.718056,-103.464722,1515,Jalisco,Zapotlán el Grande,12,Laguna de Zapotlán,True,True,3218,0.5506502395619439,False
CGZJL,"Observatorio de Ciudad Guzmán, Jal.",19.697778,-103.465278,1527,Jalisco,Zapotlán el Grande,12,Laguna de Zapotlán,True,True,5169,0.8844969199178645,True
EGCJL,"Ing. Elías González Chávez, Jal.",20.680833,-102.976111,0,Jalisco,Zapotlanejo,12,Río Santiago 1,True,True,3126,0.5349075975359343,False
C14104,Palo Verde,20.640278,-102.951111,1730,Jalisco,Zapotlanejo,12,Río Santiago 1,True,True,2598,0.44455852156057496,False
C14397,Presa Calderón,20.695833,-102.9525,1620,Jalisco,Zapotlanejo,12,Río Santiago 1,True,True,4260,0.728952772073922,False
C14171,Zapotlanejo,20.616667,-103.066667,1515,Jalisco,Zapotlanejo,12,Río Santiago 1,True,True,3504,0.5995893223819302,False
C14388,Zapotlanejo,20.622222,-103.068333,1515,Jalisco,Zapotlanejo,12,Río Santiago 1,True,True,699,0.11960985626283367,False
C15001,Acambay,19.956667,-99.845833,2544,México,Acambay de Ruíz Castañeda,12,Río Lerma 2,True,True,0,0.0,False
C15194,Agostadero,20.048333,-99.994722,2713,México,Acambay de Ruíz Castañeda,12,Río Lerma 2,True,True,0,0.0,False
C15355,Doshtaje,19.966667,-99.95,2555,México,Acambay de Ruíz Castañeda,12,Río Lerma 2,True,True,0,0.0,False
LALMX,"La Loma, Méx.",20.05,-99.787222,0,México,Acambay de Ruíz Castañeda,26,Río Ðado,True,True,28,0.004791238877481177,False
C15244,Muyteje,20.021944,-99.930833,2840,México,Acambay de Ruíz Castañeda,26,Río Ðado,True,True,3480,0.5954825462012321,False
C15361,Pozo Ocho,19.955556,-99.745556,2626,México,Acambay de Ruíz Castañeda,26,Arroyo Zarco,True,True,4119,0.7048254620123203,False
C15360,Pozo Siete,19.931111,-99.880556,2509,México,Acambay de Ruíz Castañeda,12,Río Lerma 2,True,True,0,0.0,False
C15263,Acolman,19.64,-98.912778,2255,México,Acolman,26,Texcoco,True,True,3679,0.6295345653661876,False
SNLMX,"San Lucas, Méx.",19.644722,-98.858611,2240,México,Acolman,26,Texcoco,True,True,5315,0.909479808350445,True
C15124,Tepexpan,19.611389,-98.921667,2248,México,Acolman,26,Texcoco,True,True,31,0.0053045859000684465,False
C15002,Aculco,20.1,-99.82,2490,México,Aculco,26,Río Ðado,True,True,4274,0.7313483915126625,False
C15110,Aculco,20.1,-99.833333,2446,México,Aculco,26,Río Ðado,True,True,0,0.0,False
C15261,El Jazmín,20.020833,-99.88,2650,México,Aculco,26,Río Ðado,True,True,3207,0.5487679671457906,False
PMNMX,"El Molino, Méx.",20.124167,-99.739722,2740,México,Aculco,26,Arroyo Zarco,True,True,5572,0.9534565366187543,True
C15189,La Concepción,20.146667,-99.914722,2351,México,Aculco,26,Río Ðado,True,True,3600,0.6160164271047228,False
PNDMX,"Ñadó, Méx.",20.038611,-99.864444,2500,México,Aculco,26,Río Ðado,True,True,5564,0.9520876112251883,True
C15185,Presa El Molino,20.126944,-99.740556,2493,México,Aculco,26,Arroyo Zarco,True,True,3279,0.561088295687885,False
C15187,Presa Huapango,20.054444,-99.690278,2640,México,Aculco,26,Arroyo Zarco,True,True,3080,0.5270362765229295,False
C15273,Presa Ñadó,20.038611,-99.864444,2600,México,Aculco,26,Río Ðado,True,True,3273,0.5600616016427105,False
C15190,Presa San Ildefonso,20.1975,-99.956389,2290,México,Aculco,26,Río Ðado,True,True,3714,0.635523613963039,False
C15260,San Lucas Totolmaloya,20.084167,-99.906944,2737,México,Aculco,26,Río Ðado,True,True,3637,0.6223477070499658,False
C15253,Almoloya de Alquisiras E-14,18.862222,-99.893056,1980,México,Almoloya de Alquisiras,18,Río Amacuzac,True,True,0,0.0,False
C15283,La Unión Rivapalacio,18.826111,-99.82,1818,México,Almoloya de Alquisiras,18,Río Amacuzac,True,True,3598,0.6156741957563313,False
C15275,Los Pérez,18.7525,-99.851944,1950,México,Almoloya de Alquisiras,18,Río Medio Balsas,True,True,3858,0.660164271047228,False
C15003,Almoloya de Juárez,19.367222,-99.758889,2595,México,Almoloya de Juárez,12,Río La Gavia,True,True,0,0.0,False
C15010,Atotonilco,19.462222,-99.775556,2557,México,Almoloya de Juárez,12,Río La Gavia,True,True,4096,0.7008898015058179,False
ATOMX,"Atotonilco 2, Méx.",19.452778,-99.776389,2557,México,Almoloya de Juárez,12,Río La Gavia,True,True,403,0.0689596167008898,False
ATTMX,"Atotonilco, Méx.",19.443611,-99.773611,2570,México,Almoloya de Juárez,12,Río La Gavia,True,True,42,0.007186858316221766,False
PIRMX,"Ignacio Ramírez, Méx.",19.461667,-99.775,2557,México,Almoloya de Juárez,12,Río La Gavia,True,True,5493,0.9399383983572895,True
C15271,Mina México,19.410556,-99.727222,2600,México,Almoloya de Juárez,12,Río Lerma 2,True,True,0,0.0,False
C15236,Ocoyotepec,19.493889,-99.841667,2706,México,Almoloya de Juárez,12,Río La Gavia,True,True,3400,0.5817932922655715,False
C15089,San Francisco Tlalcilalcalpan,19.292222,-99.767778,2773,México,Almoloya de Juárez,12,Río Lerma 1,True,True,3903,0.667864476386037,False
C15345,San Nicolás Amealco,19.329722,-99.8775,2833,México,Almoloya de Juárez,12,Río La Gavia,True,True,0,0.0,False
C15282,Tres Barrancas,19.340833,-99.798333,2682,México,Almoloya de Juárez,12,Río La Gavia,True,True,4129,0.7065366187542779,False
TBRMX,"Tres Barrancas, Méx.",19.343056,-99.799167,2682,México,Almoloya de Juárez,12,Río La Gavia,True,True,4415,0.7554757015742642,False
C15388,Yebucivi,19.504722,-99.906667,2245,México,Almoloya de Juárez,12,Río La Gavia,True,True,4352,0.7446954140999316,False
C15004,Almoloya del Rio,19.155556,-99.491667,2572,México,Almoloya del Río,12,Río Lerma 1,True,True,0,0.0,False
C15374,Agua Bendita,19.267222,-99.950278,2817,México,Amanalco,18,Río Cutzamala,True,True,4224,0.7227926078028748,False
C15005,Amanalco de Becerra,19.255,-100.022778,2365,México,Amanalco,18,Río Cutzamala,True,True,0,0.0,False
C15174,Palo Mancornado,19.2925,-99.922222,3000,México,Amanalco,18,Río Cutzamala,True,True,2647,0.45294318959616703,False
C15006,Amatepec,18.683056,-100.1875,1800,México,Amatepec,18,Río Medio Balsas,True,True,0,0.0,False
C15346,El Sitio,18.770556,-100.257222,869,México,Amatepec,18,Río Medio Balsas,True,True,4533,0.7756673511293635,False
C15323,La Goleta,18.673889,-100.098611,2278,México,Amatepec,18,Río Medio Balsas,True,True,0,0.0,False
C15327,Matúz -Antes Corral Viejo,18.691667,-100.430278,678,México,Amatepec,18,Río Medio Balsas,True,True,4502,0.770362765229295,False
C15067,Palmar Chico,18.690278,-100.368333,788,México,Amatepec,18,Río Medio Balsas,True,True,0,0.0,False
C15364,San Francisco Monzones,18.678889,-100.332778,855,México,Amatepec,18,Río Medio Balsas,True,True,0,0.0,False
C15159,Santiago Amatepec,18.683056,-100.190556,1072,México,Amatepec,18,Río Medio Balsas,True,True,0,0.0,False
C15348,Tlacotepec A. Puente Viejo,18.727778,-100.223056,1138,México,Amatepec,18,Río Medio Balsas,True,True,0,0.0,False
C15007,Amecameca de Juárez,19.140556,-98.772222,2470,México,Amecameca,26,Río La Compañía,True,True,2033,0.34787816563997265,False
C15015,Amecameca de Juárez,19.133333,-98.766667,2480,México,Amecameca,26,Río La Compañía,True,True,0,0.0,False
C15103,San Pedro Nexapa,19.083611,-98.738333,2620,México,Amecameca,18,Río Amacuzac,True,True,3507,0.6001026694045175,False
C15008,Atenco,19.543889,-98.912778,2245,México,Atenco,26,Texcoco,True,True,3901,0.6675222450376455,False
C15138,Atenco,19.566667,-98.916667,2245,México,Atenco,26,Texcoco,True,True,0,0.0,False
ATEMX,"Atenco, Méx.",19.543611,-98.912222,0,México,Atenco,26,Texcoco,True,True,4897,0.8379534565366188,True
C15044,La Grande,19.576111,-98.913889,2250,México,Atenco,26,Texcoco,True,True,3599,0.615845311430527,False
C15176,Almoloya del Rio,19.166667,-99.5,2622,México,Atizapán,12,Río Lerma 1,True,True,0,0.0,False
C15013,Calacoaya,19.534167,-99.239444,2290,México,Atizapán de Zaragoza,26,Ciudad de México,True,True,4102,0.7019164955509924,False
CLYMX,"Calacoaya, Méx.",19.534167,-99.239444,2290,México,Atizapán de Zaragoza,26,Ciudad de México,True,True,4779,0.8177618069815195,True
ARBMX,"Las Arboledas, Méx.",19.566667,-99.216667,2280,México,Atizapán de Zaragoza,26,Ciudad de México,True,True,5668,0.9698836413415469,True
C15075,Presa Las Ruinas,19.581111,-99.278333,2360,México,Atizapán de Zaragoza,26,Ciudad de México,True,True,3681,0.6298767967145791,False
C15153,Presa San Juan,19.572222,-99.286944,2410,México,Atizapán de Zaragoza,26,Ciudad de México,True,True,2463,0.42145790554414786,False
SNJMX,"San Juan, Méx.",19.574444,-99.285,0,México,Atizapán de Zaragoza,26,Ciudad de México,True,True,3489,0.5970225872689938,False
C15100,San Mateo Tecoloapán,19.570833,-99.2375,2285,México,Atizapán de Zaragoza,26,Ciudad de México,True,True,3854,0.659479808350445,False
C15009,Atlacomulco,19.8,-99.883333,2560,México,Atlacomulco,12,Río Lerma 2,True,True,0,0.0,False
C15251,Atlacomulco 2,19.7975,-99.874444,2574,México,Atlacomulco,12,Río Lerma 2,True,True,3641,0.6230321697467488,False
C15139,Atlacomulco I,19.795833,-99.881111,2550,México,Atlacomulco,12,Río Lerma 2,True,True,0,0.0,False
ATPMX,"Atlacomulco Prepa., Méx.",19.783333,-99.866667,2500,México,Atlacomulco,12,Río Lerma 2,True,True,4982,0.8524982888432581,True
AMEMX,"Atlacomulco, Méx.",19.75,-99.783333,0,México,Atlacomulco,12,Río Lerma 2,True,True,497,0.0850444900752909,False
PSDMX,"El Pescado 2, Méx.",19.783333,-99.8,2749,México,Atlacomulco,12,Río Lerma 2,True,True,55,0.009411362080766598,False
C15029,El Tejocote,19.861667,-99.9175,2449,México,Atlacomulco,12,Río Lerma 2,True,True,4497,0.7695071868583162,False
TJCMX,"El Tejocote, Méx.",19.856944,-99.905278,2449,México,Atlacomulco,12,Río Lerma 2,True,True,4503,0.7705338809034907,False
PFBMX,"Francisco José Trinidad Fabela, Méx.",19.829167,-99.790278,2812,México,Atlacomulco,12,Río Lerma 2,True,True,5423,0.9279603011635866,True
C15078,Presa Francisco Trinidad Fabela,19.825,-99.790833,2718,México,Atlacomulco,12,Río Lerma 2,True,True,3536,0.6050650239561944,False
ACLMX,"Puente Atlacomulco, Méx.",19.788889,-99.893056,2496,México,Atlacomulco,12,Río Lerma 2,True,True,1257,0.21509240246406572,False
C15278,Santiago Acutzilapan,19.760278,-99.758611,3061,México,Atlacomulco,12,Río Lerma 2,True,True,0,0.0,False
C15252,Atlautla E-9,19.026944,-98.779722,2350,México,Atlautla,18,Río Amacuzac,True,True,3692,0.6317590691307323,False
C15080,Atlautla Repetidora,19.016667,-98.766667,2365,México,Atlautla,18,Río Amacuzac,True,True,0,0.0,False
C15373,Rancho Villa Verde,19.138889,-99.609722,2680,México,Calimaya,12,Río Lerma 1,True,True,2974,0.5088980150581793,False
C15395,Zoológico de Zacango,19.198333,-99.648333,2910,México,Calimaya,12,Río Lerma 1,True,True,4433,0.7585557837097878,False
C15020,Chalco -San Lucas-,19.258333,-98.895833,2240,México,Chalco,26,Río La Compañía,True,True,3411,0.5836755646817249,False
CHLMX,"Chalco, Méx.",19.288333,-98.876111,2243,México,Chalco,26,Río La Compañía,True,True,589,0.10078713210130048,False
CLAMX,"Chalco, Méx.",19.256944,-98.894444,0,México,Chalco,26,Río La Compañía,True,True,3756,0.6427104722792608,False
C15196,Chapa de Mota,19.816667,-99.533333,2264,México,Chapa de Mota,26,Presa Endhó,True,True,0,0.0,False
C15314,La Almendra,19.812222,-99.566667,2710,México,Chapa de Mota,26,Presa Endhó,True,True,0,0.0,False
BUFMX,"La Concepción, Méx.",19.775,-99.589444,0,México,Chapa de Mota,26,Presa Endhó,True,True,3155,0.5398699520876112,False
C15306,Chapultepec,19.204722,-99.550278,2585,México,Chapultepec,12,Río Lerma 1,True,True,0,0.0,False
C15023,Chimalhuacán,19.391389,-98.922222,2282,México,Chimalhuacán,26,Texcoco,True,True,0,0.0,False
C15145,Plan Lago de Texcoco,19.450556,-98.931667,2260,México,Chimalhuacán,26,Texcoco,True,True,2711,0.4638945927446954,False
C15284,Acuitlapilco E-16,18.905556,-99.786667,2830,México,Coatepec Harinas,18,Río Amacuzac,True,True,0,0.0,False
C15259,Agua Bendita,18.984722,-99.856389,2850,México,Coatepec Harinas,18,Río Amacuzac,True,True,2936,0.5023956194387406,False
C15166,Cercada Norte,18.878611,-99.784444,1891,México,Coatepec Harinas,18,Río Amacuzac,True,True,0,0.0,False
C15016,Coatepec Harinas,18.923056,-99.766111,2270,México,Coatepec Harinas,18,Río Amacuzac,True,True,3853,0.6593086926762491,False
C15254,El Molino E-16,18.989722,-99.755833,2500,México,Coatepec Harinas,18,Río Amacuzac,True,True,3052,0.5222450376454483,False
C15255,Ixtlahuaca Villada E-30,18.920278,-99.801111,2249,México,Coatepec Harinas,18,Río Amacuzac,True,True,3097,0.5299452429842574,False
C15270,Meyuca,18.851111,-99.781389,1850,México,Coatepec Harinas,18,Río Amacuzac,True,True,3421,0.5853867214236824,False
PC2MX,"Puente Colgante, Méx.",19.774722,-99.188611,2254,México,Coyotepec,26,Río Cuautitlán,True,True,4252,0.7275838466803559,False
C15043,Fes Cuautitlán,19.683333,-99.183333,2256,México,Cuautitlán Izcalli,26,Río Cuautitlán,False,False,0,0.0,False
LGLMX,"Lago de Guadalupe, Méx.",19.627778,-99.252778,2290,México,Cuautitlán Izcalli,26,Río Cuautitlán,True,True,5298,0.9065708418891171,True
C15098,San Martin Obispo,19.621667,-99.192778,2255,México,Cuautitlán Izcalli,26,Río Cuautitlán,True,True,2632,0.45037645448323066,False
OBSMX,"San Martín Obispo, Méx.",19.616667,-99.193611,2253,México,Cuautitlán Izcalli,26,Río Cuautitlán,True,True,4917,0.8413757700205339,True
GDLMX,"Sierra de Guadalupe, Méx.",19.635556,-99.252222,2290,México,Cuautitlán Izcalli,26,Río Cuautitlán,True,True,2291,0.39202600958247774,False
C15195,Bejucos,18.781111,-100.436389,944,México,Cutzamala de Pinzón,18,Río Medio Balsas,True,True,3062,0.5239561943874059,False
C15322,Asunción Donato Guerra,19.308889,-100.151111,2183,México,Donato Guerra,18,Río Cutzamala,True,True,0,0.0,False
C15040,Gran Canal Km 02+120 Bombas,19.609722,-99.06,2250,México,Ecatepec de Morelos,26,Ciudad de México,True,True,0,0.0,False
C15041,Gran Canal Km 27+250,19.561667,-99.019444,2236,México,Ecatepec de Morelos,26,Texcoco,True,True,1785,0.30544147843942504,False
K27MX,"km 27+250, Méx.",19.633333,-99.05,2250,México,Ecatepec de Morelos,26,Ciudad de México,True,True,5557,0.9508898015058179,True
KM2MX,"km 27+250, Méx.",19.6425,-99.055,2244,México,Ecatepec de Morelos,26,Ciudad de México,True,True,4292,0.7344284736481862,False
PCTMX,"Planta Chiconautla 1, Méx.",19.636944,-99.010278,2255,México,Ecatepec de Morelos,26,Ciudad de México,True,True,5184,0.8870636550308009,True
C15288,Ecatzingo E-8,18.955833,-98.752778,2386,México,Ecatzingo,18,Río Amacuzac,True,True,0,0.0,False
C15206,El Guarda,19.79,-100.0975,2722,México,El Oro,12,Río Lerma 3,True,True,0,0.0,False
C15183,El Oro,19.809167,-100.129444,2731,México,El Oro,12,Río Lerma 3,True,True,3060,0.5236139630390144,False
C15245,La Jordana,19.796111,-99.995,2620,México,El Oro,12,Río Lerma 2,True,True,2887,0.49401095140314855,False
C15070,Presa Brockman,19.769167,-100.140278,2929,México,El Oro,12,Río Lerma 3,True,True,3509,0.600444900752909,False
C15363,Pueblo Nuevo,19.783333,-100.016667,2956,México,El Oro,12,Río Lerma 3,True,True,0,0.0,False
C15128,Tultenango,19.811944,-100.081389,2601,México,El Oro,12,Río Lerma 3,True,True,3789,0.6483572895277208,False
C15032,Huehuetoca,19.848611,-99.2125,2258,México,Huehuetoca,26,Río Cuautitlán,True,True,3283,0.561772758384668,False
C15156,San Miguel Jagüeyes,19.835833,-99.280833,2288,México,Huehuetoca,26,Río Cuautitlán,True,True,0,0.0,False
C15274,Nopala,19.937778,-99.011944,2380,México,Hueypoxtla,26,Río de Las Avenidas de Pachuca,True,True,3892,0.6659822039698836,False
C15096,San Marcos Jilotzingo,19.866667,-99.05,2315,México,Hueypoxtla,26,Río de Las Avenidas de Pachuca,True,True,0,0.0,False
CDBMX,"Caída del Borracho, Méx.",19.406667,-99.298611,2476,México,Huixquilucan,26,Ciudad de México,True,True,5175,0.885523613963039,True
2RSMX,"Dos Ríos, Méx.",19.377222,-99.377222,0,México,Huixquilucan,26,Ciudad de México,True,True,5364,0.917864476386037,True
VNDMX,"El Venado, Méx.",19.382222,-99.334167,2567,México,Huixquilucan,26,Ciudad de México,True,True,5182,0.8867214236824094,True
C15033,Huixquilucan,19.361111,-99.350833,2723,México,Huixquilucan,26,Ciudad de México,True,True,0,0.0,False
C15053,Magdalena Chichicaspa,19.418056,-99.322778,3420,México,Huixquilucan,26,Ciudad de México,True,True,0,0.0,False
C15147,San Bartolomé,19.398333,-99.311111,2473,México,Huixquilucan,26,Ciudad de México,True,True,0,0.0,False
ITUMX,"Iturbide, Méx.",19.53,-99.465556,0,México,Isidro Fabela,26,Río Cuautitlán,True,True,20,0.0034223134839151265,False
C15358,Las Palomas,19.55,-99.483333,3356,México,Isidro Fabela,26,Río Cuautitlán,True,True,0,0.0,False
C15231,Presa Iturbide,19.529444,-99.464167,3290,México,Isidro Fabela,26,Río Cuautitlán,True,True,3879,0.6637577002053389,False
C15114,Santiago Tlazala,19.558056,-99.413889,2796,México,Isidro Fabela,26,Río Cuautitlán,True,True,3830,0.6553730321697467,False
C15017,Coatepec de Los Olivos,19.384722,-98.846111,2405,México,Ixtapaluca,26,Texcoco,True,True,3918,0.6704312114989733,False
CTPMX,"Coatepec de Los Olivos, Méx.",19.386389,-98.847778,2410,México,Ixtapaluca,26,Texcoco,True,True,1621,0.277378507871321,False
CT2MX,"Coatepec, Méx.",19.384444,-98.848333,2402,México,Ixtapaluca,26,Texcoco,True,True,4289,0.7339151266255989,False
C15018,Colonia Manuel A Camacho,19.325,-98.765278,2900,México,Ixtapaluca,26,Río La Compañía,True,True,0,0.0,False
C15141,E.T.A. 032 Tlalpitzahuatl,19.331667,-98.903333,2340,México,Ixtapaluca,26,Río La Compañía,True,True,0,0.0,False
C15268,Ixtapaluca,19.317222,-98.882222,2250,México,Ixtapaluca,26,Río La Compañía,True,True,0,0.0,False
C15398,Los Reyes -Rio La Compañía-,19.290556,-98.893611,2244,México,Ixtapaluca,26,Río La Compañía,True,True,2002,0.34257357973990415,False
C15082,Rio Frio,19.3525,-98.669722,2977,México,Ixtapaluca,18,Río Alto Atoyac,True,True,0,0.0,False
C15034,Ixtapan de La Sal,18.837778,-99.740278,1861,México,Ixtapan de la Sal,18,Río Amacuzac,True,True,0,0.0,False
C15180,Las  Animas,18.835,-99.663889,1844,México,Ixtapan de la Sal,18,Río Amacuzac,True,True,0,0.0,False
C15281,Tlapanaloya Tequisquiapan,18.826111,-99.669444,1760,México,Ixtapan de la Sal,18,Río Amacuzac,True,True,0,0.0,False
C15035,Ixtapan del Oro,19.266389,-100.266111,1719,México,Ixtapan del Oro,18,Río Cutzamala,True,True,0,0.0,False
C15026,Enyeje,19.563889,-99.85,2550,México,Ixtlahuaca,12,Río Lerma 2,True,True,4124,0.7056810403832992,False
C15036,Ixtlahuaca,19.564167,-99.76,2535,México,Ixtlahuaca,12,Río Lerma 2,True,True,0,0.0,False
C15372,Ixtlahuaca,19.568889,-99.766944,2540,México,Ixtlahuaca,12,Río Lerma 2,True,True,4385,0.7503422313483915,False
IXCMX,"Ixtlahuaca, Méx.",19.5675,-99.769444,2544,México,Ixtlahuaca,12,Río Lerma 2,True,True,3439,0.588466803559206,False
C15337,Pozo Uno,19.594167,-99.754167,2558,México,Ixtlahuaca,12,Río Lerma 2,True,True,0,0.0,False
C15085,San Bartolo del Llano,19.524444,-99.741389,2587,México,Ixtlahuaca,12,Río Lerma 2,True,True,3914,0.6697467488021903,False
SLBMX,"San Bartolo del Llano, Méx.",19.591667,-99.741667,2547,México,Ixtlahuaca,12,Río Lerma 2,True,True,5013,0.8578028747433265,True
C15308,San Cristobal de Los Baños,19.689444,-99.871667,2570,México,Ixtlahuaca,12,Río Lerma 2,True,True,4256,0.7282683093771389,False
C15158,San Pedro de Los Baños,19.669167,-99.830833,2552,México,Ixtlahuaca,12,Río Lerma 2,True,True,3003,0.5138603696098563,False
C15238,Santa María del Llano,19.514722,-99.728611,2618,México,Ixtlahuaca,12,Río Lerma 2,True,True,3510,0.6006160164271047,False
SMLMX,"Santa María del Llano, Méx.",19.633333,-99.8,2618,México,Ixtlahuaca,12,Río Lerma 2,True,True,4583,0.7842231348391513,False
ACZMX,"Acazuchitlán, Méx.",20.166667,-99.6,2645,México,Jilotepec,26,Río Tecozautla,True,True,36,0.006160164271047228,False
C15311,Calpulalpan,20.055,-99.635556,2719,México,Jilotepec,26,Presa Endhó,True,True,366,0.06262833675564682,False
DNXMX,"Danxhó, Méx.",19.884722,-99.559722,1249,México,Jilotepec,26,Presa Endhó,True,True,5637,0.9645790554414785,True
C15225,Jilotepec,19.958056,-99.531667,2500,México,Jilotepec,26,Presa Endhó,True,True,3296,0.5639972621492129,False
C15064,Oxthoc,20.119722,-99.544444,2353,México,Jilotepec,26,Presa Endhó,True,True,4212,0.7207392197125256,False
C15024,Presa Danxho,19.885833,-99.555,2490,México,Jilotepec,26,Presa Endhó,True,True,4278,0.7320328542094456,False
C15217,San Juan Acazuchitlán,20.14,-99.6025,2605,México,Jilotepec,26,Río Tecozautla,True,True,3074,0.526009582477755,False
C15246,Jilotzingo,19.537778,-99.396389,2750,México,Jilotzingo,26,Río Cuautitlán,True,True,0,0.0,False
C15095,San Luis Ayucan,19.495278,-99.367778,2755,México,Jilotzingo,26,Ciudad de México,True,True,3239,0.5542436687200547,False
C15318,Santa Ana Jilotzingo,19.538889,-99.396944,2871,México,Jilotzingo,26,Río Cuautitlán,True,True,3883,0.6644421629021219,False
C15264,Buenos Aires,19.616389,-99.668333,2576,México,Jiquipilco,12,Río Lerma 2,True,True,3522,0.6026694045174538,False
C15025,Ejido de Llano Grande,19.572778,-99.665,2538,México,Jiquipilco,12,Río Lerma 2,True,True,4147,0.7096167008898016,False
C15037,Jiquipilco,19.559167,-99.6,2772,México,Jiquipilco,12,Río Lerma 2,True,True,3154,0.5396988364134154,False
C15341,San Antonio Nixini,19.6725,-99.683333,2545,México,Jiquipilco,12,Río Lerma 2,True,True,3965,0.6784736481861738,False
C15111,Santa María Nativitas,19.583333,-99.583333,2986,México,Jiquipilco,12,Río Lerma 2,True,True,0,0.0,False
C15390,E. T. A. 013 Jocotitlán,19.711111,-99.788889,2650,México,Jocotitlán,12,Río Lerma 2,True,True,4630,0.7922655715263518,False
C15208,Pozo Cuatro,19.710556,-99.830278,2538,México,Jocotitlán,12,Río Lerma 2,True,True,0,0.0,False
C15277,San Miguel Tenochtitlan,19.758056,-99.921389,2566,México,Jocotitlán,12,Río Lerma 2,True,True,0,0.0,False
C15112,Santiago Yeché,19.704444,-99.703056,2696,México,Jocotitlán,12,Río Lerma 2,True,True,3798,0.6498973305954825,False
C15038,Joquicingo,19.051389,-99.531944,2797,México,Joquicingo,18,Río Amacuzac,True,True,3331,0.5699863107460643,False
C15105,San Pedro Techuchulco,19.114444,-99.520833,2581,México,Joquicingo,12,Río Lerma 1,True,True,0,0.0,False
C15039,Juchitepec,19.086944,-98.884722,2543,México,Juchitepec,18,Río Amacuzac,True,True,3620,0.6194387405886379,False
C15050,Los Reyes,19.357778,-98.991667,2248,México,La Paz,26,Ciudad de México,True,True,3748,0.6413415468856948,False
C15011,Atarasquillo,19.3175,-99.468056,2650,México,Lerma,12,Río Lerma 1,True,True,0,0.0,False
C15312,Colonia Álvaro Obregón,19.377778,-99.495833,2589,México,Lerma,12,Río Lerma 1,True,True,3267,0.5590349075975359,False
C15396,Colonia Emiliano Zapata,19.391389,-99.525278,2580,México,Lerma,12,Río Lerma 1,True,True,4648,0.7953456536618754,False
C15049,Lerma,19.284722,-99.511944,2570,México,Lerma,12,Río Lerma 1,True,True,272,0.04654346338124572,False
C15397,Rincón del Carmen,19.393611,-99.5175,1345,México,Lerma,12,Río Lerma 1,True,True,4412,0.7549623545516769,False
C15149,San Lorenzo Huitzizilapa,19.3975,-99.448333,2845,México,Lerma,12,Río Lerma 1,True,True,0,0.0,False
C15304,Xonacatlán,19.394167,-99.524722,2579,México,Lerma,12,Río Lerma 1,True,True,0,0.0,False
C15177,Acatitlán,19.009167,-100.288889,1102,México,Luvianos,18,Río Cutzamala,True,True,0,0.0,False
C15357,Las Palmas,18.908056,-100.444722,1078,México,Luvianos,18,Río Cutzamala,True,True,0,0.0,False
C15052,Luvianos,18.92,-100.298333,1130,México,Luvianos,18,Río Cutzamala,True,True,0,0.0,False
C15324,Colonia Hidalgo,18.795833,-99.4675,2311,México,Malinalco,18,Río Amacuzac,True,True,4583,0.7842231348391513,False
CHDMX,"Colonia Hidalgo, Méx.",18.795833,-99.4675,1240,México,Malinalco,18,Río Amacuzac,True,True,2522,0.43155373032169747,False
C15054,Malinalco,18.9475,-99.491389,1734,México,Malinalco,18,Río Amacuzac,True,True,0,0.0,False
C15223,Puente Caporal,18.902778,-99.455,1504,México,Malinalco,18,Río Amacuzac,True,True,3051,0.5220739219712526,False
C15296,San Sebastián E-27,18.973889,-99.484722,2045,México,Malinalco,18,Río Amacuzac,True,True,4077,0.6976386036960985,False
C15266,Codagem,19.248333,-99.575556,2762,México,Metepec,12,Río Lerma 1,True,True,3488,0.5968514715947981,False
CGCMX,"Gerencia Conagua CODAGEM, Méx.",19.205,-99.511667,0,México,Metepec,12,Río Lerma 1,True,True,5182,0.8867214236824094,True
C15056,Mexicalcingo,19.209444,-99.588611,2602,México,Mexicaltzingo,12,Río Lerma 1,True,True,3639,0.6226899383983573,False
C15209,Presa San Joaquín,19.416667,-99.233333,2574,México,Miguel Hidalgo,26,Ciudad de México,True,True,0,0.0,False
C15071,Presa El Tigre,19.780278,-99.686389,2710,México,Morelos,12,Río Lerma 2,True,True,3907,0.66854893908282,False
C15239,San Antonio Trojes,19.753056,-99.64,2831,México,Morelos,12,Río Lerma 2,True,True,3439,0.588466803559206,False
C15317,San José Epifanía,19.713056,-99.628611,2631,México,Morelos,12,Río Lerma 2,True,True,4268,0.730321697467488,False
C15093,San Lorenzo Malacota,19.646944,-99.613333,2658,México,Morelos,12,Río Lerma 2,True,True,3710,0.634839151266256,False
C15142,San Marcos Tlazalpán,19.785833,-99.717778,2711,México,Morelos,12,Río Lerma 2,True,True,0,0.0,False
EMOMX,"El Molinito Río Hondo, Méx.",19.453611,-99.238333,229,México,Naucalpan de Juárez,26,Ciudad de México,True,True,5277,0.9029774127310062,True
C15027,El Salitre,19.5,-99.3,2480,México,Naucalpan de Juárez,26,Ciudad de México,True,True,0,0.0,False
PMDMX,"Madín, Méx.",19.526944,-99.260833,2325,México,Naucalpan de Juárez,26,Ciudad de México,True,True,5781,0.9892197125256673,True
PM2MX,"Madín, Méx.",19.5225,-99.2675,2359,México,Naucalpan de Juárez,26,Ciudad de México,True,True,4290,0.7340862422997947,False
C15058,Molinito,19.453611,-99.238333,2289,México,Naucalpan de Juárez,26,Ciudad de México,True,True,3589,0.6141341546885695,False
C15059,Molino Blanco,19.4775,-99.220833,2265,México,Naucalpan de Juárez,26,Ciudad de México,True,True,2245,0.384154688569473,False
MBLMX,"Molino Blanco, Méx.",19.477778,-99.220833,2326,México,Naucalpan de Juárez,26,Ciudad de México,True,True,5453,0.9330937713894593,True
PLMMX,"Palmas, Méx.",19.429444,-99.248889,2436,México,Naucalpan de Juárez,26,Ciudad de México,True,True,5147,0.8807323750855578,True
C15152,Presa Los Cuartos,19.449167,-99.274444,2345,México,Naucalpan de Juárez,26,Ciudad de México,False,False,0,0.0,False
PMAMX,"Presa Madín, Méx.",19.526944,-99.260833,2325,México,Naucalpan de Juárez,26,Ciudad de México,True,True,140,0.023956194387405885,False
C15077,Presa Totolica,19.452778,-99.283611,2385,México,Naucalpan de Juárez,26,Ciudad de México,True,True,3955,0.6767624914442163,False
PTLMX,"Presa Totolica, Méx.",19.453611,-99.283333,2325,México,Naucalpan de Juárez,26,Ciudad de México,True,True,4542,0.7772073921971252,False
SJQMX,"San Joaquín, Méx.",19.435278,-99.227778,0,México,Naucalpan de Juárez,26,Ciudad de México,True,True,91,0.015571526351813827,False
TTLMX,"Totolica hidrométrica, Méx.",19.4525,-99.283056,2325,México,Naucalpan de Juárez,26,Ciudad de México,True,True,5532,0.946611909650924,True
C15127,Totolica San Bartolo,19.465556,-99.245556,2287,México,Naucalpan de Juárez,26,Ciudad de México,True,True,2779,0.47553045859000687,False
TOTMX,"Totolica, Méx.",19.453889,-99.283333,0,México,Naucalpan de Juárez,26,Ciudad de México,True,True,3626,0.6204654346338124,False
C15099,San Mateo Acuitlapilco,19.763333,-99.043889,2250,México,Nextlalpan,26,Ciudad de México,True,True,3266,0.5588637919233401,False
C15061,Nezahualcóyotl,19.415833,-99.045556,2278,México,Nezahualcóyotl,26,Ciudad de México,True,True,4136,0.7077344284736482,False
C15019,Colonia Vicente Guerrero,19.595556,-99.354722,2430,México,Nicolás Romero,26,Río Cuautitlán,True,True,3865,0.6613620807665982,False
CLMMX,"La Colmena, Méx.",19.595,-99.298333,0,México,Nicolás Romero,26,Río Cuautitlán,True,True,34,0.005817932922655715,False
C15073,Presa Guadalupe,19.623333,-99.282222,2310,México,Nicolás Romero,26,Río Cuautitlán,True,True,3559,0.6090006844626967,False
C15109,Santa María Magdalena Cahuacán,19.6375,-99.413889,2709,México,Nicolás Romero,26,Río Cuautitlán,True,True,0,0.0,False
C15216,Nopaltepec,19.781944,-98.7125,2491,México,Nopaltepec,26,Texcoco,True,True,0,0.0,False
C15045,La Marquesa,19.298611,-99.368611,2230,México,Ocoyoacac,12,Río Lerma 1,True,True,4197,0.7181724845995893,False
C15242,San Pedro Atlapulco,19.243056,-99.392222,2970,México,Ocoyoacac,12,Río Lerma 1,True,True,0,0.0,False
C15173,Ahuatenco,18.948333,-99.331389,2232,México,Ocuilan,18,Río Amacuzac,True,True,3238,0.554072553045859,False
C15228,La Lagunilla,19.096667,-99.406944,2780,México,Ocuilan,12,Río Lerma 1,True,True,0,0.0,False
OCUMX,"Ocuilán de Arteaga, Méx.",18.990833,-99.420833,2310,México,Ocuilan,18,Río Amacuzac,True,True,2691,0.46047227926078027,False
C15256,Ocuilán E-23,18.990833,-99.420833,2310,México,Ocuilan,18,Río Amacuzac,True,True,3746,0.6409993155373033,False
C15232,San Bartolo del Progreso,19.106389,-99.410278,2750,México,Ocuilan,12,Río Lerma 1,True,True,0,0.0,False
C15298,Santa Cruz Tezontepec E-21,19.063056,-99.386111,2827,México,Ocuilan,18,Río Amacuzac,True,True,3514,0.6013004791238877,False
C15300,Santa Martha E-29,19.060278,-99.380833,3060,México,Ocuilan,18,Río Amacuzac,True,True,0,0.0,False
C15065,Otumba,19.7,-98.758333,2349,México,Otumba,26,Texcoco,True,True,1552,0.2655715263518138,False
C15135,Xochihuacán,19.623889,-98.675278,1355,México,Otumba,26,Río de Las Avenidas de Pachuca,True,True,3293,0.5634839151266255,False
C15332,Otzoloapan,19.116944,-100.295,707,México,Otzoloapan,18,Río Cutzamala,True,True,0,0.0,False
C15219,Presa Pinzanes,19.113889,-100.383056,1878,México,Otzoloapan,18,Río Cutzamala,True,True,0,0.0,False
TROMX,"Trojes, Méx.",19.1,-100.283333,2577,México,Otzoloapan,18,Río Cutzamala,True,True,4231,0.723990417522245,False
C15014,Capulhuac,19.440833,-99.545278,2760,México,Otzolotepec,12,Río Lerma 1,True,True,4210,0.7203969883641341,False
C15030,Hacienda La Y,19.405,-99.563056,2576,México,Otzolotepec,12,Río Lerma 1,True,True,4207,0.7198836413415469,False
LAYMX,"La Y, Méx.",19.404444,-99.593889,2576,México,Otzolotepec,12,Río Lerma 1,True,True,145,0.024811772758384667,False
C15069,Polotitlán,20.219167,-99.845833,2280,México,Polotitlán,26,Arroyo Zarco,True,True,3381,0.5785420944558521,False
C15192,Taxhie,20.225556,-99.889167,2260,México,Polotitlán,26,Arroyo Zarco,True,True,3639,0.6226899383983573,False
C15316,Santa María Rayón,19.146389,-99.579722,2630,México,Rayón,12,Río Lerma 1,True,True,0,0.0,False
C15267,Chichilpa,19.719444,-100.041944,2795,México,San Felipe del Progreso,12,Río Jaltepec,True,True,3840,0.6570841889117043,False
C15247,La Ciénega,19.635556,-100.038889,2610,México,San Felipe del Progreso,12,Río Jaltepec,True,True,0,0.0,False
C15072,Presa Embajomuy,19.710278,-99.945278,2670,México,San Felipe del Progreso,12,Río Lerma 2,True,True,0,0.0,False
C15076,Presa Tepetitlán,19.6625,-99.957778,2564,México,San Felipe del Progreso,12,Río Lerma 2,True,True,3816,0.6529774127310062,False
TPTMX,"San Andrés Tepetitlán, Méx.",19.660833,-99.961389,2584,México,San Felipe del Progreso,12,Río Jaltepec,True,True,5489,0.9392539356605065,True
C15087,San Felipe del Progreso,19.716667,-99.961667,2550,México,San Felipe del Progreso,12,Río Lerma 2,True,True,0,0.0,False
C15148,San Felipe del Progreso,19.7125,-99.951111,2583,México,San Felipe del Progreso,12,Río Lerma 2,True,True,0,0.0,False
C15233,San Nicolás Mavatí,19.586667,-99.945556,2910,México,San Felipe del Progreso,12,Río Jaltepec,True,True,3479,0.5953114305270363,False
C15347,Tepetitlán,19.6525,-99.886667,2530,México,San Felipe del Progreso,12,Río Lerma 2,True,True,0,0.0,False
C15227,Concepción del Monte,19.65,-100.133333,2695,México,San José del Rincón,18,Río Cutzamala,True,True,0,0.0,False
C15230,Palo Amarillo,19.65,-100.216667,3080,México,San José del Rincón,12,Río Jaltepec,True,True,0,0.0,False
C15334,Palo Seco,19.527222,-100.159722,2925,México,San José del Rincón,18,Río Cutzamala,True,True,0,0.0,False
C15102,San Onofre,19.691944,-100.095278,2677,México,San José del Rincón,12,Río Jaltepec,True,True,0,0.0,False
C15097,San Martin de Las Pirámides,19.702778,-98.833889,2306,México,San Martín de las Pirámides,26,Texcoco,True,True,0,0.0,False
C15315,Caseta Epcca,19.285833,-99.523611,2575,México,San Mateo Atenco,12,Río Lerma 1,True,True,4297,0.7352840520191649,False
C15353,Buena Vista,19.007778,-100.043056,1865,México,San Simón de Guerrero,18,Río Cutzamala,True,True,4551,0.778747433264887,False
C15178,Ixtapantongo,19.173056,-100.241667,1377,México,Santo Tomás,18,Río Cutzamala,True,True,0,0.0,False
C15107,Santa Bárbara,19.206111,-100.324722,1346,México,Santo Tomás,18,Río Cutzamala,True,True,0,0.0,False
C15350,La Troja Vieja,18.758611,-99.9925,2830,México,Sultepec,18,Río Medio Balsas,True,True,4163,0.7123545516769336,False
C15335,Las Peñas Puentecillas,18.749722,-100.075556,1795,México,Sultepec,18,Río Medio Balsas,True,True,0,0.0,False
C15359,Potzontepec,18.736944,-99.876667,1608,México,Sultepec,18,Río Medio Balsas,True,True,0,0.0,False
C15235,San Miguel Totolmoloya,18.723611,-99.945833,1737,México,Sultepec,18,Río Medio Balsas,True,True,0,0.0,False
C15161,Sultepec,18.75,-99.883333,2524,México,Sultepec,18,Río Medio Balsas,True,True,0,0.0,False
C15162,Sultepec,18.791667,-99.963889,1917,México,Sultepec,18,Río Medio Balsas,True,True,0,0.0,False
C15022,Chiconautla,19.656667,-99.017222,2340,México,Tecámac,26,Ciudad de México,True,True,2522,0.43155373032169747,False
PCCMX,"Planta Chiconautla 2, Méx.",19.65,-99.025,2340,México,Tecámac,26,Ciudad de México,True,True,5182,0.8867214236824094,True
C15090,San Jerónimo Xonocahuacan,19.750833,-98.949444,2265,México,Tecámac,26,Ciudad de México,True,True,3402,0.582135523613963,False
C15012,Bejucos,18.776389,-100.428056,580,México,Tejupilco,18,Río Medio Balsas,True,True,0,0.0,False
BEJMX,"Bejucos, Mex.",18.781111,-100.436389,944,México,Tejupilco,18,Río Medio Balsas,True,True,929,0.15896646132785763,False
C15186,E.T.A. 193 Tejupilco A-8,18.866667,-100.166667,1403,México,Tejupilco,18,Río Medio Balsas,True,True,0,0.0,False
C15212,El Ciruelo,18.876944,-100.1675,1535,México,Tejupilco,18,Río Medio Balsas,True,True,0,0.0,False
C15326,El Mamey,18.995,-100.228333,1542,México,Tejupilco,18,Río Cutzamala,True,True,0,0.0,False
C15214,Ixtapan de La Panocha,18.855556,-100.113889,1780,México,Tejupilco,18,Río Medio Balsas,True,True,0,0.0,False
C15356,Jalpa,18.823889,-100.125556,1139,México,Tejupilco,18,Río Medio Balsas,True,True,3176,0.5434633812457221,False
C15320,La Cabecera,18.891944,-100.155,1316,México,Tejupilco,18,Río Medio Balsas,True,True,0,0.0,False
C15048,Las Juntas,18.8625,-100.236389,1042,México,Tejupilco,18,Río Medio Balsas,True,True,0,0.0,False
C15328,Mazatepec,18.893056,-100.102222,1400,México,Tejupilco,18,Río Medio Balsas,True,True,4508,0.7713894592744696,False
C15068,Paso del Cobre,18.885833,-100.229167,1130,México,Tejupilco,18,Río Medio Balsas,True,True,0,0.0,False
C15339,Rincón del Potrero,18.821111,-100.460278,1034,México,Tejupilco,18,Río Medio Balsas,True,True,0,0.0,False
C15116,Tejupilco,18.919722,-100.178889,1592,México,Tejupilco,18,Río Medio Balsas,True,True,0,0.0,False
C15094,San Luis Ameca,19.190278,-98.870833,2285,México,Temamatla,26,Río La Compañía,True,True,3736,0.6392881587953456,False
SLAMX,"San Luis Ameca, Méx.",19.190278,-98.870833,2279,México,Temamatla,26,Río La Compañía,True,True,5743,0.9827173169062287,True
C15055,Maquixco,19.784167,-98.832222,2530,México,Temascalapa,26,Río de Las Avenidas de Pachuca,True,True,3803,0.6507529089664613,False
C15031,Hacienda Solís,19.971111,-100.053611,2355,México,Temascalcingo,12,Río Lerma 2,True,True,0,0.0,False
C15243,Presa Juanacatlán,19.913056,-100.077778,2444,México,Temascalcingo,12,Río Lerma 3,True,True,0,0.0,False
C15146,Pueblo Nuevo,19.899444,-100.045833,2758,México,Temascalcingo,12,Río Lerma 3,True,True,0,0.0,False
C15079,Puente Ándaro,19.908056,-100.023333,2370,México,Temascalcingo,12,Río Lerma 2,True,True,0,0.0,False
C15376,San José Ixtapa,19.978056,-100.093056,2540,México,Temascalcingo,12,Río Lerma 2,True,True,0,0.0,False
C15344,San Mateo El Viejo,19.913056,-99.908056,2575,México,Temascalcingo,12,Río Lerma 2,True,True,0,0.0,False
C15310,San Pedro El Alto,19.910278,-99.959722,2764,México,Temascalcingo,12,Río Lerma 2,True,True,0,0.0,False
C15104,San Pedro Potla,19.855,-99.967778,2450,México,Temascalcingo,12,Río Lerma 2,True,True,3458,0.5917180013689254,False
C15279,Santiago Coachochitlán,19.857778,-100.008056,2615,México,Temascalcingo,12,Río Lerma 2,True,True,0,0.0,False
C15117,Temascalcingo,19.919722,-100.012222,2377,México,Temascalcingo,12,Río Lerma 2,True,True,3897,0.6668377823408624,False
TMCMX,"Temascalcingo, Méx.",19.904444,-100.023056,0,México,Temascalcingo,12,Río Lerma 2,True,True,0,0.0,False
C15285,Cajones E-26,19.053333,-99.878889,3005,México,Temascaltepec,18,Río Cutzamala,True,True,3629,0.6209787816563997,False
C15286,Cieneguillas de Labra E-27,18.996389,-99.916667,2830,México,Temascaltepec,18,Río Amacuzac,True,True,0,0.0,False
C15392,La Albarrada,19.0675,-100.078333,2180,México,Temascaltepec,18,Río Cutzamala,True,True,3691,0.6315879534565366,False
C15287,La Comunidad  D-8,19.134722,-99.93,2500,México,Temascaltepec,18,Río Cutzamala,True,True,4221,0.7222792607802875,False
C15291,Real de Arriba E-32,19.041944,-100.016667,1861,México,Temascaltepec,18,Río Cutzamala,True,True,0,0.0,False
C15088,San Francisco Oxtotilpan,19.155833,-99.907222,2605,México,Temascaltepec,18,Río Cutzamala,True,True,3682,0.6300479123887748,False
C15241,San Pedro Tenayac,19.0475,-100.176667,1723,México,Temascaltepec,18,Río Cutzamala,True,True,3363,0.5754620123203286,False
C15118,Temascaltepec,19.058056,-100.053056,1882,México,Temascaltepec,18,Río Cutzamala,True,True,3534,0.6047227926078029,False
C15237,Tequesquipan,19.056944,-99.945833,2320,México,Temascaltepec,18,Río Cutzamala,True,True,0,0.0,False
C15269,Jiquipilco El Viejo,19.514444,-99.553056,2748,México,Temoaya,12,Río Lerma 1,True,True,0,0.0,False
SBBMX,"José Antonio Alzate, Méx.",19.465833,-99.704722,2571,México,Temoaya,12,Río Lerma 2,True,True,5544,0.9486652977412731,True
C15086,San Bernabé,19.476111,-99.714444,2560,México,Temoaya,12,Río Lerma 2,True,True,3953,0.6764202600958248,False
C15119,Temoaya,19.469722,-99.593056,2694,México,Temoaya,12,Río Lerma 1,True,True,0,0.0,False
C15201,Trojes,19.428056,-99.6125,2583,México,Temoaya,12,Río Lerma 1,True,True,3088,0.5284052019164955,False
C15198,C.R.D.F. Guadalupe Victoria,18.913056,-99.573611,2330,México,Tenancingo,18,Río Amacuzac,True,True,0,0.0,False
C15297,San Simonito E-19,18.9525,-99.551944,2053,México,Tenancingo,18,Río Amacuzac,True,True,3888,0.6652977412731006,False
C15121,Tenancingo de Degollado,18.960833,-99.590556,2022,México,Tenancingo,18,Río Amacuzac,True,True,0,0.0,False
C15240,San Francisco Putla,19.118889,-99.631944,2747,México,Tenango del Valle,12,Río Lerma 1,True,True,2995,0.5124914442162902,False
C15292,San Francisco Tepexoxuca E-20,19.056389,-99.548333,2662,México,Tenango del Valle,18,Río Amacuzac,True,True,0,0.0,False
C15294,San Pedro Tlanixco E-18,19.066667,-99.65,2860,México,Tenango del Valle,18,Río Amacuzac,True,True,0,0.0,False
C15313,San Pedro Zictepec,19.034444,-99.577222,2550,México,Tenango del Valle,18,Río Amacuzac,True,True,0,0.0,False
C15295,San Pedro Zictepec D-10,19.119167,-99.551944,2560,México,Tenango del Valle,12,Río Lerma 1,True,True,4458,0.7628336755646817,False
C15122,Tenango,19.106944,-99.617222,2858,México,Tenango del Valle,12,Río Lerma 1,True,True,3785,0.6476728268309377,False
PCGMX,"Puente Colgante, Méx.",19.743056,-99.181944,2254,México,Teoloyucan,26,Río Cuautitlán,True,True,5197,0.8892881587953456,True
C15115,Santo Tomás Puente Colgante,19.774722,-99.166944,2250,México,Teoloyucan,26,Río Cuautitlán,True,True,3397,0.5812799452429842,False
C15091,San José,19.537222,-98.788333,2976,México,Tepetlaoxtoc,26,Texcoco,True,True,0,0.0,False
C15210,San Juan Totolapan,19.529722,-98.726667,2750,México,Tepetlaoxtoc,26,Texcoco,True,True,3098,0.5301163586584531,False
C15123,Tepetlaoxtoc,19.583333,-98.816667,2324,México,Tepetlaoxtoc,26,Texcoco,True,True,0,0.0,False
C15060,Nepantla,18.999167,-98.862222,2298,México,Tepetlixpa,18,Río Amacuzac,True,True,0,0.0,False
CNPMX,"La Concepción, Méx.",19.695,-99.304444,2360,México,Tepotzotlán,26,Río Cuautitlán,True,True,5807,0.993668720054757,True
C15074,Presa La Concepción,19.695,-99.301667,2300,México,Tepotzotlán,26,Río Cuautitlán,True,True,4166,0.7128678986995208,False
C15081,Represa El Alemán,19.704444,-99.219167,2365,México,Tepotzotlán,26,Río Cuautitlán,True,True,3591,0.614476386036961,False
C15028,El Tajo -Túnel Viejo-,19.908611,-99.126389,2229,México,Tequixquiac,26,Río Salado,True,True,3710,0.634839151266256,False
C15188,La Mora,19.866667,-99.166667,2300,México,Tequixquiac,26,Río Cuautitlán,True,True,0,0.0,False
TTQMX,"Tajo de Tequixquiac, Méx.",19.904722,-99.123889,2229,México,Tequixquiac,26,Río Salado,True,True,4458,0.7628336755646817,False
C15301,Texcaltitlán D-7,18.930556,-99.933889,2383,México,Texcaltitlán,18,Río Amacuzac,True,True,4629,0.7920944558521561,False
TESMX,"Texcaltitlán, Méx.",18.931389,-99.935833,0,México,Texcaltitlán,18,Río Amacuzac,True,True,5061,0.8660164271047228,True
C15021,Chapingo,19.483333,-98.883333,2250,México,Texcoco,26,Texcoco,True,True,0,0.0,False
C15170,Chapingo,19.484722,-98.886389,2250,México,Texcoco,26,Texcoco,True,True,3344,0.5722108145106092,False
CHPMX,"Chapingo, Méx.",19.483333,-98.884722,2250,México,Texcoco,26,Texcoco,True,True,5736,0.9815195071868583,True
CH2MX,"Chapingo, Méx.",19.483333,-98.884722,0,México,Texcoco,26,Texcoco,True,True,4290,0.7340862422997947,False
CPAMX,"Chapingo, Méx.",19.484722,-98.886389,2250,México,Texcoco,26,Texcoco,True,True,969,0.1658110882956879,False
ECDMX,"El Conde, Méx.",19.465278,-98.869444,0,México,Texcoco,26,Texcoco,True,True,81,0.013860369609856264,False
C15167,El Tejocote,19.443333,-98.902778,2256,México,Texcoco,26,Texcoco,True,True,3533,0.6045516769336071,False
C15383,Lago Nabor Carrillo,19.472222,-98.991667,2234,México,Texcoco,26,Texcoco,True,True,3679,0.6295345653661876,False
C15083,San Andrés,19.531944,-98.910556,2244,México,Texcoco,26,Texcoco,True,True,3948,0.675564681724846,False
SADMX,"San Andrés, Méx.",19.530556,-98.911111,2268,México,Texcoco,26,Texcoco,True,True,5618,0.9613278576317591,True
C15150,San Mateo Huexotla,19.476944,-98.877778,2240,México,Texcoco,26,Texcoco,True,True,2975,0.509069130732375,False
C15101,San Miguel Tlaixpan,19.519444,-98.8125,2405,México,Texcoco,26,Texcoco,True,True,3647,0.6240588637919233,False
C15125,Texcoco,19.505556,-98.881944,2250,México,Texcoco,26,Texcoco,True,True,4043,0.6918206707734429,False
C15163,Texcoco,19.516667,-98.883333,2255,México,Texcoco,26,Texcoco,True,True,0,0.0,False
GRDMX,"La Grande, Méx.",19.578889,-98.917222,2252,México,Tezoyuca,26,Texcoco,True,True,5751,0.9840862422997947,True
GR2MX,"La Grande, Méx.",19.578889,-98.917222,2252,México,Tezoyuca,26,Texcoco,True,True,3162,0.5410677618069816,False
C15113,Santiago Tianguistenco,19.175,-99.466667,2634,México,Tianguistenco,12,Río Lerma 1,True,True,0,0.0,False
C15333,El Palmito,19.917222,-99.68,2641,México,Timilpan,26,Arroyo Zarco,True,True,4344,0.7433264887063655,False
HPNMX,"Huapango, Méx.",20.046389,-99.696944,2623,México,Timilpan,26,Arroyo Zarco,True,True,5565,0.952258726899384,True
C15084,San Andrés Timilpan,19.875,-99.735,2658,México,Timilpan,26,Arroyo Zarco,True,True,3865,0.6613620807665982,False
PMTMX,"Manantial, Méx.",19.851389,-98.940278,0,México,Tizayuca,26,Río de Las Avenidas de Pachuca,True,True,931,0.15930869267624914,False
C15106,San Rafael,19.207778,-98.758333,2530,México,Tlalmanalco,26,Río La Compañía,True,True,3893,0.6661533196440794,False
C15280,Tlalmanalco,19.203889,-98.803333,2410,México,Tlalmanalco,26,Río La Compañía,True,True,4013,0.6866872005475702,False
C15137,Amealco,19.518056,-99.110833,2240,México,Tlalnepantla de Baz,26,Ciudad de México,True,True,3649,0.6244010951403148,False
C15047,Las Arboledas,19.562778,-99.215833,2270,México,Tlalnepantla de Baz,26,Ciudad de México,True,True,4032,0.6899383983572895,False
LRNMX,"Las Ruinas, Méx.",19.513333,-99.213333,0,México,Tlalnepantla de Baz,26,Ciudad de México,True,True,10,0.0017111567419575632,False
PBTMX,"Planta de bombeo Barrientos, Méx.",19.575,-99.175,0,México,Tlalnepantla de Baz,26,Ciudad de México,True,True,5184,0.8870636550308009,True
C15092,San Juan Ixhuatepec,19.521667,-99.114444,2235,México,Tlalnepantla de Baz,26,Ciudad de México,True,True,0,0.0,False
IXHMX,"San Juan Ixhuatepec, Méx.",19.52,-99.118611,2240,México,Tlalnepantla de Baz,26,Ciudad de México,True,True,11,0.0018822724161533196,False
VDCMX,"Vaso de Cristo, Méx.",19.510278,-99.211667,2263,México,Tlalnepantla de Baz,26,Ciudad de México,True,True,1716,0.2936344969199179,False
VDCDF,"Vaso de Cristo, Méx.",19.510278,-99.211667,2263,México,Tlalnepantla de Baz,26,Ciudad de México,True,True,4850,0.8299110198494182,True
C15154,Vaso Regulador Carretas,19.515278,-99.172778,2255,México,Tlalnepantla de Baz,26,Ciudad de México,True,True,2887,0.49401095140314855,False
C15321,Corral de Piedra,18.570556,-100.240556,1037,México,Tlatlaya,18,Río Medio Balsas,True,True,0,0.0,False
C15330,El Naranjo,18.502222,-100.324444,540,México,Tlatlaya,18,Río Medio Balsas,True,True,0,0.0,False
C15329,Moctezuma,18.487778,-100.223611,933,México,Tlatlaya,18,Río Medio Balsas,True,True,0,0.0,False
C15331,Nuevo Copaltepec,18.383611,-100.285833,380,México,Tlatlaya,18,Río Medio Balsas,True,True,0,0.0,False
C15200,Palmar Grande,18.579722,-100.406944,648,México,Tlatlaya,18,Río Medio Balsas,True,True,0,0.0,False
C15218,San Pedro Limón,18.578611,-100.307222,645,México,Tlatlaya,18,Río Medio Balsas,True,True,0,0.0,False
C15349,Tlatlaya,18.613333,-100.208889,914,México,Tlatlaya,18,Río Medio Balsas,True,True,0,0.0,False
C15203,Calixtlahuaca,19.338889,-99.684167,2630,México,Toluca,12,Río Lerma 1,True,True,3182,0.5444900752908967,False
CALMX,"Calixtlahuaca, Méx.",19.333333,-99.7,2635,México,Toluca,12,Río Lerma 1,True,True,4411,0.7547912388774812,False
C15262,Escuela Sec. 8 Manuel Bernal,19.283056,-99.668333,2686,México,Toluca,12,Río Lerma 1,True,True,0,0.0,False
C15211,Nueva Oxtotitlán,19.278889,-99.685833,2695,México,Toluca,12,Río Lerma 1,True,True,2918,0.499315537303217,False
C15063,Nueva Santa Elena,19.411111,-99.699444,2611,México,Toluca,12,Río Lerma 1,True,True,3901,0.6675222450376455,False
COBMX,"Observatorio de Toluca, Méx.",19.292222,-99.631667,2638,México,Toluca,12,Río Lerma 1,True,True,5213,0.8920260095824778,True
C15367,Observatorio Uaem,19.285278,-99.652778,2668,México,Toluca,12,Río Lerma 1,True,True,4644,0.7946611909650924,False
RECMX,"Rectoría, Méx.",19.296667,-99.653333,0,México,Toluca,12,Río Lerma 1,True,True,3328,0.5694729637234771,False
C15258,San Antonio Buenavista,19.258611,-99.710278,2769,México,Toluca,12,Río Lerma 1,True,True,0,0.0,False
C15164,Toluca,19.291667,-99.630556,2638,México,Toluca,12,Río Lerma 1,True,True,0,0.0,False
C15248,Coatepequito,18.750278,-99.622222,1584,México,Tonatico,18,Río Amacuzac,True,True,3307,0.5658795345653662,False
C15365,San Gaspar,18.814444,-99.625,687,México,Tonatico,18,Río Amacuzac,True,True,0,0.0,False
C15129,Tultepec,19.684167,-99.126667,2245,México,Tultepec,26,Ciudad de México,True,True,3887,0.6651266255989049,False
CHIMX,"Chilesdo, Méx.",19.2,-100.116667,1800,México,Valle de Bravo,18,Río Cutzamala,True,True,5711,0.9772416153319644,True
COLMX,"Colorines, Méx.",19.101667,-100.183333,1615,México,Valle de Bravo,18,Río Cutzamala,True,True,2694,0.46098562628336753,False
C15368,El Fresno,19.146111,-100.062778,2160,México,Valle de Bravo,18,Río Cutzamala,True,True,4166,0.7128678986995208,False
C15046,Presa Colorines,19.176389,-100.216389,1645,México,Valle de Bravo,18,Río Cutzamala,True,True,4015,0.6870294318959617,False
C15130,Presa Valle del Bravo,19.233333,-100.133333,1942,México,Valle de Bravo,18,Río Cutzamala,True,True,2677,0.4580766598220397,False
VBRMX,"Valle de Bravo, Méx.",19.2075,-100.18,2476,México,Valle de Bravo,18,Río Cutzamala,True,True,5844,1.0,True
C15165,Valle del Bravo,19.1925,-100.130556,1948,México,Valle de Bravo,18,Río Cutzamala,True,True,1581,0.2705338809034908,False
C15265,Campamento Los Berros,19.389444,-100.075833,2541,México,Villa de Allende,18,Río Cutzamala,True,True,3741,0.6401437371663244,False
C15197,Cuesta del Carmen,19.462778,-100.197778,2750,México,Villa de Allende,18,Río Cutzamala,True,True,2414,0.4130732375085558,False
LBEMX,"Los Berros, Méx.",19.383333,-100.075833,2544,México,Villa de Allende,18,Río Cutzamala,True,True,5716,0.9780971937029432,True
C15140,Presa Chilesdo,19.3475,-100.151944,2365,México,Villa de Allende,18,Río Cutzamala,True,True,3740,0.6399726214921286,False
C15378,San Pablo Malacatepec,19.370278,-100.156944,2383,México,Villa de Allende,18,Río Cutzamala,True,True,4203,0.7191991786447639,False
C15131,Villa de Allende,19.366667,-100.083333,2550,México,Villa de Allende,18,Río Cutzamala,True,True,0,0.0,False
C15393,La Cañada,19.781667,-99.4725,2496,México,Villa del Carbón,26,Presa Requena,True,True,4474,0.7655715263518138,False
C15394,Monte de Peña,19.731944,-99.5475,2890,México,Villa del Carbón,26,Presa Endhó,True,True,4039,0.6911362080766599,False
C15193,Presa Taxhimay I,19.841667,-99.4075,2235,México,Villa del Carbón,26,Presa Requena,True,True,365,0.06245722108145106,False
C15338,Rio Los Sabios,19.794167,-99.398611,2360,México,Villa del Carbón,26,Presa Requena,True,True,0,0.0,False
TXMHD,"Taxhimay, Méx.",19.834722,-99.385278,0,México,Villa del Carbón,26,Presa Requena,True,True,5751,0.9840862422997947,True
TXHHD,"Taxhimay, Méx.",19.834722,-99.385278,0,México,Villa del Carbón,26,Presa Requena,True,True,699,0.11960985626283367,False
C15132,Villa del Carbón,19.716667,-99.466667,2545,México,Villa del Carbón,26,Presa Requena,True,True,696,0.11909650924024641,False
C15184,El Islote,18.967778,-99.656111,2200,México,Villa Guerrero,18,Río Amacuzac,True,True,3002,0.5136892539356606,False
C15371,Porfirio Díaz,18.928611,-99.728611,2453,México,Villa Guerrero,18,Río Amacuzac,True,True,4597,0.7866187542778919,False
C15307,San Bartolomé D-5,19.004444,-99.674167,2412,México,Villa Guerrero,18,Río Amacuzac,True,True,0,0.0,False
C15299,Santa María E-31,18.988333,-99.649444,2291,México,Villa Guerrero,18,Río Amacuzac,True,True,3715,0.6356947296372347,False
C15120,Toma Tecomatepec,18.946667,-99.717778,2208,México,Villa Guerrero,18,Río Amacuzac,True,True,0,0.0,False
C15305,Totolmajac E-17,18.916944,-99.684722,1990,México,Villa Guerrero,18,Río Amacuzac,True,True,4491,0.7684804928131417,False
C15134,Vivero La Paz,18.894167,-99.643056,1900,México,Villa Guerrero,18,Río Amacuzac,True,True,3877,0.6634154688569472,False
C15205,Dolores Presa,19.399167,-99.908333,2616,México,Villa Victoria,12,Río La Gavia,True,True,3290,0.5629705681040383,False
C15391,E. T. A. 026 Villa Victoria,19.456111,-100.069444,2580,México,Villa Victoria,18,Río Cutzamala,True,True,4597,0.7866187542778919,False
C15051,Los Velazquez,19.423889,-99.869444,2577,México,Villa Victoria,12,Río La Gavia,True,True,3434,0.5876112251882273,False
C15199,Mina Vieja,19.556111,-99.9475,2927,México,Villa Victoria,18,Río Cutzamala,True,True,3549,0.6072895277207392,False
C15066,Palizada,19.5075,-100.097778,2635,México,Villa Victoria,18,Río Cutzamala,True,True,3937,0.6736824093086927,False
C15133,Presa Villa Victoria,19.457222,-99.991944,2577,México,Villa Victoria,18,Río Cutzamala,True,True,4014,0.686858316221766,False
C15160,Santiago del Monte,19.400833,-99.945,2770,México,Villa Victoria,18,Río Cutzamala,True,True,3132,0.5359342915811088,False
VVCMX,"Villa Victoria, Méx.",19.461667,-100.055556,2577,México,Villa Victoria,18,Río Cutzamala,True,True,5844,1.0,True
C15369,C. B. T. A.  Jalatlaco,19.179722,-99.421667,2756,México,Xalatlaco,12,Río Lerma 1,True,True,0,0.0,False
C15222,Coaxapa,19.156944,-99.394444,2940,México,Xalatlaco,12,Río Lerma 1,True,True,0,0.0,False
C15354,El Capulín,19.135556,-99.291111,3062,México,Xalatlaco,18,Río Amacuzac,True,True,0,0.0,False
C15057,Mimiapan,19.443056,-99.464444,2882,México,Xonacatlán,12,Río Lerma 1,True,True,4157,0.7113278576317591,False
C15191,San Juan Zacazonapan,19.074444,-100.253611,1375,México,Zacazonapan,18,Río Cutzamala,True,True,0,0.0,False
C15272,El Mirador,18.806944,-99.779167,1704,México,Zacualpan,18,Río Amacuzac,True,True,3972,0.6796714579055442,False
C15340,El Salto,18.78,-99.834167,2180,México,Zacualpan,18,Río Amacuzac,True,True,0,0.0,False
C15336,Peña Lisa Teocalcingo,18.683056,-99.850278,1700,México,Zacualpan,18,Río Medio Balsas,True,True,4332,0.7412731006160165,False
C15362,Puerto Santiago,18.742778,-99.733889,1621,México,Zacualpan,18,Río Amacuzac,True,True,0,0.0,False
C15136,Zacualpan,18.715833,-99.776111,2005,México,Zacualpan,18,Río Amacuzac,True,True,0,0.0,False
C15207,El Molino 2,19.266667,-99.75,2802,México,Zinacantepec,12,Río Lerma 1,True,True,0,0.0,False
C15289,El Molino Wii A-9,19.283889,-99.748333,2750,México,Zinacantepec,12,Río Lerma 1,True,True,0,0.0,False
C15229,Loma Alta,19.171944,-99.806111,3432,México,Zinacantepec,12,Río Lerma 1,True,True,3525,0.6031827515400411,False
C15062,Nevado de Toluca,19.118611,-99.781389,4283,México,Zinacantepec,18,Río Cutzamala,True,True,4369,0.7476043805612594,False
C15276,San José del Contadero,19.234444,-99.808056,3045,México,Zinacantepec,12,Río Lerma 1,True,True,3827,0.6548596851471595,False
C15293,San Juan de Las Huertas,19.2375,-99.764167,2905,México,Zinacantepec,12,Río Lerma 1,True,True,3968,0.6789869952087612,False
SJHMX,"San Juan de las Huertas, Méx.",19.238333,-99.764722,2882,México,Zinacantepec,12,Río Lerma 1,True,True,4293,0.7345995893223819,False
C15108,Santa María del Monte,19.306111,-99.824722,2839,México,Zinacantepec,12,Río La Gavia,True,True,3033,0.518993839835729,False
C15126,Toluca,19.291111,-99.714167,2726,México,Zinacantepec,12,Río Lerma 1,True,True,3635,0.6220054757015743,False
PDZMX,"Porfirio Díaz, Méx.",18.928333,-99.728333,2453,México,Zumpahuacán,18,Río Amacuzac,True,True,3709,0.6346680355920602,False
C15366,Zumpahuacan,18.815833,-99.559444,1934,México,Zumpahuacán,18,Río Amacuzac,True,True,3847,0.6582819986310746,False
C15042,Gran Canal Km 46+930,19.8,-99.1,2363,México,Zumpango,26,Río de Las Avenidas de Pachuca,True,True,0,0.0,False
C15151,Zumpango,19.796944,-99.099167,2250,México,Zumpango,26,Río de Las Avenidas de Pachuca,True,True,0,0.0,False
C16001,Acuitzio del Canje,19.498889,-101.344722,2200,Michoacán de Ocampo,Acuitzio,12,Lago de Cuitzeo,True,True,273,0.04671457905544148,False
C16003,Aguililla,18.733333,-102.75,933,Michoacán de Ocampo,Aguililla,18,Río Tepalcatepec,True,True,2111,0.3612251882272416,False
C16157,Chila,18.933333,-102.616667,278,Michoacán de Ocampo,Aguililla,18,Río Tepalcatepec,True,True,0,0.0,False
C16004,Álvaro Obregón,19.816667,-101.033333,590,Michoacán de Ocampo,Álvaro Obregón,12,Lago de Cuitzeo,True,True,0,0.0,False
C16091,Álvaro Obregón,19.823333,-101.038333,1840,Michoacán de Ocampo,Álvaro Obregón,12,Lago de Cuitzeo,True,True,3412,0.5838466803559206,False
C16016,Carrillo Puerto,19.897222,-101.038056,1840,Michoacán de Ocampo,Álvaro Obregón,12,Lago de Cuitzeo,True,True,2978,0.5095824777549623,False
C16005,Angamacutiro,20.149722,-101.708333,1685,Michoacán de Ocampo,Angamacutiro,12,Río Lerma 5,True,True,0,0.0,False
C16159,El Rosario,20.128611,-101.748889,1700,Michoacán de Ocampo,Angamacutiro,12,Río Angulo,True,True,3652,0.6249144421629022,False
MOCMC,"Melchor Ocampo, Mich.",20.127222,-101.724444,1720,Michoacán de Ocampo,Angamacutiro,12,Río Angulo,True,True,5768,0.9869952087611226,True
C16228,Acahuato,19.147778,-102.3325,227,Michoacán de Ocampo,Apatzingán,18,Río Tepalcatepec,True,True,4261,0.7291238877481178,False
C16007,Apatzingán,19.088611,-102.350833,320,Michoacán de Ocampo,Apatzingán,18,Río Tepalcatepec,True,True,4249,0.7270704996577686,False
C16149,Apatzingán,19.083333,-102.35,332,Michoacán de Ocampo,Apatzingán,18,Río Tepalcatepec,True,True,0,0.0,False
C16150,Apatzingán,19.091667,-102.35,334,Michoacán de Ocampo,Apatzingán,18,Río Tepalcatepec,True,True,0,0.0,False
APTMC,"Apatzingán, Mich.",19.083056,-102.371111,305,Michoacán de Ocampo,Apatzingán,18,Río Tepalcatepec,True,True,5591,0.9567077344284737,True
C16168,Ario de Rosales,19.2,-101.733333,1840,Michoacán de Ocampo,Ario,18,Río Cupatitzio,True,True,0,0.0,False
C16515,La Sandia,19.263333,-101.675278,2180,Michoacán de Ocampo,Ario,18,Río Cupatitzio,True,True,2692,0.460643394934976,False
C16046,El Vaso Infiernillo,18.52,-101.9175,194,Michoacán de Ocampo,Arteaga,18,Río Bajo Balsas,True,True,0,0.0,False
INFMC,"Infiernillo, Mich.",18.266667,-101.883333,194,Michoacán de Ocampo,Arteaga,18,Río Bajo Balsas,True,True,4816,0.8240930869267625,True
C16169,La Garita,18.406111,-102.259167,75,Michoacán de Ocampo,Arteaga,18,Río Bajo Balsas,True,True,0,0.0,False
C16076,Los Pozos,18.429444,-102.245833,920,Michoacán de Ocampo,Arteaga,18,Río Bajo Balsas,True,True,0,0.0,False
PZDMC,"Pinzandarán, Mich.",18.395,-101.898333,196,Michoacán de Ocampo,Arteaga,18,Río Bajo Balsas,True,True,52,0.00889801505817933,False
SATMC,"San Antonio, Mich.",18.273889,-101.9175,0,Michoacán de Ocampo,Arteaga,18,Río Bajo Balsas,True,True,64,0.010951403148528405,False
YURMC,"Yurécuaro, Mich.",20.339444,-102.242222,1537,Michoacán de Ocampo,Ayotlán,12,Río Lerma 6,True,True,5548,0.9493497604380561,True
C16030,Cuimato,20.257778,-102.589444,1520,Michoacán de Ocampo,Briseñas,12,Río Lerma 7,True,True,3635,0.6220054757015743,False
CUUMC,"Cumuato, Mich.",20.253889,-102.586389,1547,Michoacán de Ocampo,Briseñas,12,Río Lerma 7,True,True,2382,0.4075975359342916,False
C16216,Buenavista 2,19.209444,-102.586389,450,Michoacán de Ocampo,Buenavista,18,Río Tepalcatepec,True,True,0,0.0,False
C16011,Buenavista I,19.208889,-102.586389,450,Michoacán de Ocampo,Buenavista,18,Río Tepalcatepec,True,True,0,0.0,False
C16039,Piedras Blancas,19.246944,-102.768611,419,Michoacán de Ocampo,Buenavista,18,Río Tepalcatepec,True,True,4292,0.7344284736481862,False
C16090,Piedras Blancas,19.246667,-102.768333,400,Michoacán de Ocampo,Buenavista,18,Río Tepalcatepec,True,True,0,0.0,False
C16101,Punta de Agua,19.211111,-102.683333,384,Michoacán de Ocampo,Buenavista,18,Río Tepalcatepec,True,True,0,0.0,False
C16187,E.T.A. 139 Carécuaro,19.0,-101.116667,604,Michoacán de Ocampo,Carácuaro,18,Río Tacámbaro,True,True,0,0.0,False
C16032,Charapán,19.7,-102.2,2407,Michoacán de Ocampo,Charapan,18,Río Paracho-Nahuatzen,True,True,0,0.0,False
C16045,El Temazcal,19.650556,-100.955,2220,Michoacán de Ocampo,Charo,18,Río Cutzamala,True,True,3284,0.5619438740588638,False
ELLMC,"El Llano, Mich.",20.0,-102.4,0,Michoacán de Ocampo,Chavinda,12,Río Duero,True,True,37,0.006331279945242984,False
ESPMC,"Esperanza, Mich.",20.0,-102.4,0,Michoacán de Ocampo,Chavinda,12,Río Duero,True,True,53,0.009069130732375086,False
C16223,La Esperanza,20.053611,-102.411111,1550,Michoacán de Ocampo,Chavinda,12,Río Duero,True,True,0,0.0,False
C16253,Tanaco,19.7375,-102.079167,2140,Michoacán de Ocampo,Cherán,18,Río Paracho-Nahuatzen,True,True,3543,0.6062628336755647,False
C16015,Carapán,19.860278,-102.037222,1940,Michoacán de Ocampo,Chilchota,12,Río Duero,True,True,0,0.0,False
C16034,El Jacal,19.886667,-101.335556,1875,Michoacán de Ocampo,Chucándiro,12,Lago de Cuitzeo,True,True,0,0.0,False
C16513,El Jacal,19.886111,-101.336111,1874,Michoacán de Ocampo,Chucándiro,12,Lago de Cuitzeo,True,True,2298,0.3932238193018481,False
C16231,Las Cruces Barreras,19.938889,-101.383333,2408,Michoacán de Ocampo,Chucándiro,12,Lago de Cuitzeo,True,True,3304,0.5653661875427789,False
C16035,Churumuco,18.659722,-101.643333,205,Michoacán de Ocampo,Churumuco,18,Río Bajo Balsas,True,True,0,0.0,False
CHRMC,"Churumuco, Mich.",18.655556,-101.631944,171,Michoacán de Ocampo,Churumuco,18,Río Bajo Balsas,True,True,95,0.01625598904859685,False
C16129,Tepuxtepec,19.996667,-100.230278,2358,Michoacán de Ocampo,Contepec,12,Río Lerma 2,True,True,0,0.0,False
C16175,Tepuxtepec,19.989167,-100.225,2370,Michoacán de Ocampo,Contepec,12,Río Lerma 3,True,True,0,0.0,False
TEPMC,"Tepuxtepec, Mich.",20.000278,-100.229167,2380,Michoacán de Ocampo,Contepec,12,Río Lerma 2,True,True,5822,0.9962354551676934,True
C16023,Copándaro de Galeana,19.892222,-101.213611,1840,Michoacán de Ocampo,Copándaro,12,Lago de Cuitzeo,True,True,0,0.0,False
C16027,Cuitzeo,19.956111,-101.138056,1831,Michoacán de Ocampo,Copándaro,12,Lago de Cuitzeo,True,True,2671,0.4570499657768652,False
CUIMC,"Cuitzeo, Mich.",19.956111,-101.138056,1831,Michoacán de Ocampo,Copándaro,12,Lago de Cuitzeo,True,True,992,0.1697467488021903,False
C16119,Santa Rita,19.903889,-101.261111,1880,Michoacán de Ocampo,Copándaro,12,Lago de Cuitzeo,True,True,3117,0.5333675564681725,False
C16025,Cotija,19.716667,-102.666667,2341,Michoacán de Ocampo,Cotija,18,Río Tepalcatepec,True,True,0,0.0,False
C16043,El Puerto,19.801111,-102.670278,1640,Michoacán de Ocampo,Cotija,18,Río Tepalcatepec,True,True,3612,0.6180698151950719,False
SJUMC,"San Juanico, Mich.",19.839444,-102.651389,0,Michoacán de Ocampo,Cotija,18,Río Tepalcatepec,True,True,5804,0.9931553730321697,True
C16059,La Caimanera,18.464444,-100.890833,234,Michoacán de Ocampo,Coyuca de Catalán,18,Río Medio Balsas,True,True,0,0.0,False
CUOMC,"Lago de Cuitzeo Oriente, Mich.",19.940278,-101.138056,1821,Michoacán de Ocampo,Cuitzeo,12,Lago de Cuitzeo,True,True,74,0.012662559890485968,False
C16233,Epitacio Huerta,20.149167,-100.297222,2503,Michoacán de Ocampo,Epitacio Huerta,12,Río Lerma 2,True,True,3131,0.535763175906913,False
C16012,Cajones,19.21,-101.911667,480,Michoacán de Ocampo,Gabriel Zamora,18,Río Cupatitzio,True,True,0,0.0,False
C16156,Charapendo,19.266667,-102.066667,1013,Michoacán de Ocampo,Gabriel Zamora,18,Río Cupatitzio,True,True,942,0.16119096509240247,False
C16089,Planta El Cobano,19.159444,-102.010556,643,Michoacán de Ocampo,Gabriel Zamora,18,Río Cupatitzio,True,True,0,0.0,False
C16002,Agostitlán,19.536944,-100.618333,2520,Michoacán de Ocampo,Hidalgo,18,Río Cutzamala,True,True,364,0.06228610540725531,False
AGOMC,"Agostitlán, Mich.",19.579722,-100.608889,2520,Michoacán de Ocampo,Hidalgo,18,Río Cutzamala,True,True,5755,0.9847707049965777,True
C16020,Ciudad Hidalgo,19.691667,-100.553611,2060,Michoacán de Ocampo,Hidalgo,18,Río Cutzamala,True,True,0,0.0,False
C16152,Ciudad Hidalgo,19.716667,-100.55,2327,Michoacán de Ocampo,Hidalgo,18,Río Cutzamala,True,True,0,0.0,False
CHIMC,"Ciudad Hidalgo, Mich.",19.7,-100.55,2060,Michoacán de Ocampo,Hidalgo,18,Río Cutzamala,True,True,4789,0.8194729637234771,True
C16235,Huajúmbaro,19.679167,-100.741667,2285,Michoacán de Ocampo,Hidalgo,18,Río Cutzamala,True,True,2007,0.343429158110883,False
C16071,Los Azufres,19.766667,-100.65,2953,Michoacán de Ocampo,Hidalgo,18,Río Cutzamala,True,True,0,0.0,False
C16092,Presa Agostitlán,19.566667,-100.6,2443,Michoacán de Ocampo,Hidalgo,18,Río Cutzamala,True,True,0,0.0,False
C16097,Presa Pucuato,19.622222,-100.685556,2490,Michoacán de Ocampo,Hidalgo,18,Río Cutzamala,True,True,3141,0.5374743326488707,False
C16098,Presa Sabaneta,19.610556,-100.669167,2510,Michoacán de Ocampo,Hidalgo,18,Río Cutzamala,True,True,2622,0.4486652977412731,False
PUCMC,"Pucuato, Mich.",19.621389,-100.684167,2486,Michoacán de Ocampo,Hidalgo,18,Río Cutzamala,True,True,5734,0.9811772758384668,True
SABMC,"Sabaneta, Mich.",19.622778,-100.669444,2510,Michoacán de Ocampo,Hidalgo,18,Río Cutzamala,True,True,4957,0.8482203969883642,True
C16250,Huandacareo,19.988889,-101.275,1851,Michoacán de Ocampo,Huandacareo,12,Lago de Cuitzeo,True,True,2431,0.41598220396988367,False
C16050,Huaniqueo,19.899167,-101.504722,2040,Michoacán de Ocampo,Huaniqueo,12,Río Angulo,True,True,2098,0.3590006844626968,False
C16100,Puente San Isidro,19.865833,-101.518889,2022,Michoacán de Ocampo,Huaniqueo,12,Río Angulo,True,True,0,0.0,False
CMNMC,"Caimanera, Mich.",18.5,-100.9,234,Michoacán de Ocampo,Huetamo,18,Río Medio Balsas,True,True,5399,0.9238535249828884,True
C16041,El Pejo,18.683333,-100.95,380,Michoacán de Ocampo,Huetamo,18,Río Medio Balsas,True,True,0,0.0,False
C16051,Huetamo,18.626944,-100.897222,300,Michoacán de Ocampo,Huetamo,18,Río Medio Balsas,True,True,2031,0.3475359342915811,False
C16069,La Estancia,18.558611,-101.1125,220,Michoacán de Ocampo,Huetamo,18,Río Tacámbaro,True,True,0,0.0,False
C16075,Los Pinzanes,18.543333,-101.103889,199,Michoacán de Ocampo,Huetamo,18,Río Tacámbaro,True,True,0,0.0,False
LPZMC,"Los Pinzanes, Mich.",18.8,-101.2,199,Michoacán de Ocampo,Huetamo,18,Río Tacámbaro,True,True,5248,0.8980150581793293,True
C16110,San Jerónimo,18.530833,-101.326389,180,Michoacán de Ocampo,Huetamo,18,Río Bajo Balsas,True,True,0,0.0,False
TARMC,"Tariácuri, Mich.",19.52,-101.45,0,Michoacán de Ocampo,Huiramba,12,Lago de Cuitzeo,True,True,12,0.002053388090349076,False
TRJMC,"Terejero, Mich.",19.48,-101.433333,1980,Michoacán de Ocampo,Huiramba,12,Lago de Cuitzeo,True,True,166,0.02840520191649555,False
VJIMC,"Villa Jiménez, Mich.",19.55,-101.45,1980,Michoacán de Ocampo,Huiramba,12,Lago de Cuitzeo,True,True,5330,0.9120465434633812,True
C16105,Quirio,19.7975,-100.995,1858,Michoacán de Ocampo,Indaparapeo,12,Lago de Cuitzeo,True,True,3652,0.6249144421629022,False
C16213,Irimbo,19.699167,-100.478333,2180,Michoacán de Ocampo,Irimbo,18,Río Cutzamala,True,True,623,0.1066050650239562,False
C16514,Jaripeo,19.651111,-100.482778,1880,Michoacán de Ocampo,Irimbo,18,Río Cutzamala,True,True,1877,0.32118412046543465,False
BIBMC,"Barraje de Ibarra, Mich.",20.183889,-102.419167,1530,Michoacán de Ocampo,Ixtlán,12,Río Lerma 7,True,True,5051,0.8643052703627653,True
C16054,Ixtlán de Los Hervores,20.166667,-102.3925,1537,Michoacán de Ocampo,Ixtlán,12,Río Lerma 7,True,True,0,0.0,False
C16060,La Estanzuela,20.120833,-102.369444,2445,Michoacán de Ocampo,Ixtlán,12,Río Lerma 7,True,True,0,0.0,False
C16108,San Cristobal,20.188333,-102.433333,1530,Michoacán de Ocampo,Ixtlán,12,Río Lerma 7,True,True,3140,0.5373032169746749,False
C16220,San Simón,20.117778,-102.374167,1550,Michoacán de Ocampo,Ixtlán,12,Río Duero,True,True,3306,0.5657084188911704,False
SSIMC,"San Simón, Mich.",20.1,-102.4,1550,Michoacán de Ocampo,Ixtlán,12,Río Duero,True,True,5011,0.857460643394935,True
C16162,Orandino,19.966667,-102.325,1580,Michoacán de Ocampo,Jacona,12,Río Duero,True,True,3813,0.6524640657084189,False
ORAMC,"Orandino, Mich.",19.964167,-102.325,1647,Michoacán de Ocampo,Jacona,12,Río Duero,True,True,4515,0.7725872689938398,False
AMEMC,"Aristeo Mercado, Mich.",19.926111,-101.661111,1998,Michoacán de Ocampo,Jiménez,12,Río Angulo,True,True,4720,0.8076659822039699,True
C16248,Caurio de Guadalupe,19.920278,-101.858333,2064,Michoacán de Ocampo,Jiménez,12,Río Angulo,True,True,0,0.0,False
C16155,Copándaro,19.899722,-101.659167,1980,Michoacán de Ocampo,Jiménez,12,Río Angulo,True,True,1348,0.23066392881587952,False
C16225,Villa Jimenez 2,19.923056,-101.746944,2000,Michoacán de Ocampo,Jiménez,12,Río Angulo,True,True,4220,0.7221081451060917,False
C16057,Villa Jimenez I,19.9225,-101.746667,2000,Michoacán de Ocampo,Jiménez,12,Río Angulo,True,True,0,0.0,False
C16019,Cerrito Pelón,19.966667,-102.7,1754,Michoacán de Ocampo,Jiquilpan,12,Río Lerma 7,True,True,0,0.0,False
CPAMC,"Copándaro, Mich.",20.001667,-102.861389,1997,Michoacán de Ocampo,Jiquilpan,12,Río Lerma 7,True,True,889,0.15212183436002738,False
C16197,Jiquilpan,20.0,-102.7,1536,Michoacán de Ocampo,Jiquilpan,12,Río Lerma 7,True,True,0,0.0,False
C16017,Casa Blanca,20.319444,-101.459167,1694,Michoacán de Ocampo,José Sixto Verduzco,12,Río Lerma 5,True,True,2846,0.4869952087611225,False
CBLMC,"Casa Blanca, Mich.",20.324167,-101.461389,1694,Michoacán de Ocampo,José Sixto Verduzco,12,Río Lerma 5,True,True,5731,0.9806639288158795,True
LANMC,"Los Ángeles, Mich.",20.248889,-101.626667,1687,Michoacán de Ocampo,José Sixto Verduzco,12,Río Lerma 5,True,True,3948,0.675564681724846,False
C16086,Pastor Ortiz,20.305556,-101.597222,1692,Michoacán de Ocampo,José Sixto Verduzco,12,Río Lerma 5,True,True,4234,0.7245037645448323,False
PORMC,"Pastor Ortiz, Mich.",20.3,-101.6,1692,Michoacán de Ocampo,José Sixto Verduzco,12,Río Lerma 5,True,True,4565,0.7811430527036276,False
C16058,Jungapeo,19.458333,-100.494167,1248,Michoacán de Ocampo,Jungapeo,18,Río Cutzamala,True,True,2160,0.36960985626283366,False
C16206,San José Purúa,19.483333,-100.483333,1572,Michoacán de Ocampo,Jungapeo,18,Río Cutzamala,True,True,0,0.0,False
SSEMC,"San Sebastián, Mich.",19.49,-100.566667,0,Michoacán de Ocampo,Jungapeo,18,Río Cutzamala,True,True,15,0.002566735112936345,False
C16193,E.T.A. 036 La Huacana,18.9625,-101.806111,480,Michoacán de Ocampo,La Huacana,18,Río Bajo Balsas,True,True,0,0.0,False
C16047,El Zapote,18.914167,-101.717778,520,Michoacán de Ocampo,La Huacana,18,Río Bajo Balsas,True,True,4281,0.7325462012320328,False
FMUMC,"General Francisco José Múgica, Mich.",19.016667,-102.05,0,Michoacán de Ocampo,La Huacana,18,Río Cupatitzio,True,True,840,0.1437371663244353,False
C16062,La Huacana,18.962222,-101.806389,651,Michoacán de Ocampo,La Huacana,18,Río Bajo Balsas,True,True,0,0.0,False
C16064,La Pastoría,18.930278,-102.056667,221,Michoacán de Ocampo,La Huacana,18,Río Bajo Balsas,True,True,0,0.0,False
LPSMC,"La Pastoría, Mich.",18.8,-102.2,221,Michoacán de Ocampo,La Huacana,18,Río Bajo Balsas,True,True,5427,0.9286447638603696,True
LCRMC,"Las Cruces, Mich.",18.767222,-102.115278,0,Michoacán de Ocampo,La Huacana,18,Río Bajo Balsas,True,True,190,0.0325119780971937,False
C16074,Los Panches,18.848611,-102.133333,207,Michoacán de Ocampo,La Huacana,18,Río Bajo Balsas,True,True,0,0.0,False
LPNMC,"Los Panches, Mich.",18.848611,-102.133333,207,Michoacán de Ocampo,La Huacana,18,Río Bajo Balsas,True,True,5324,0.9110198494182067,True
ZICMC,"Zicuirán, Mich.",18.921111,-101.931944,0,Michoacán de Ocampo,La Huacana,18,Río Bajo Balsas,True,True,5688,0.973305954825462,True
C16147,Ziritzícuaro,18.9,-102.0,213,Michoacán de Ocampo,La Huacana,18,Río Bajo Balsas,True,True,0,0.0,False
C16044,El Salto,20.375556,-102.118889,1650,Michoacán de Ocampo,La Piedad,12,Río Lerma 6,True,True,0,0.0,False
C16065,La Piedad de Cabadas,20.337222,-102.021389,1684,Michoacán de Ocampo,La Piedad,12,Río Lerma 6,True,True,2157,0.3690965092402464,False
C16066,La Piedad de Cabadas,20.338611,-102.024722,1699,Michoacán de Ocampo,La Piedad,12,Río Lerma 6,True,True,0,0.0,False
LPDMC,"La Piedad, Mich.",20.354444,-102.004444,1672,Michoacán de Ocampo,La Piedad,12,Río Lerma 6,True,True,4480,0.7665982203969883,False
C16131,Ticuitaco,20.3,-102.016667,1750,Michoacán de Ocampo,La Piedad,12,Río Lerma 6,True,True,0,0.0,False
VILMC,"José María Morelos y Pavón, Mich.",18.048333,-102.180278,92,Michoacán de Ocampo,Lázaro Cárdenas,18,Río Bajo Balsas,True,True,5807,0.993668720054757,True
C16161,La Villita,18.045833,-102.188333,65,Michoacán de Ocampo,Lázaro Cárdenas,18,Río Bajo Balsas,True,True,0,0.0,False
C16227,Lázaro Cardenas,18.033611,-102.195833,70,Michoacán de Ocampo,Lázaro Cárdenas,18,Río Bajo Balsas,True,True,3499,0.5987337440109514,False
C16183,Melchor Ocampo,18.016667,-102.2,20,Michoacán de Ocampo,Lázaro Cárdenas,18,Río Bajo Balsas,True,True,0,0.0,False
MLCMC,"Melchor Ocampo L. C., Mich.",18.023056,-102.205833,0,Michoacán de Ocampo,Lázaro Cárdenas,18,Río Bajo Balsas,True,True,3168,0.5420944558521561,False
C16070,Vaso La Villita,18.049722,-102.197222,92,Michoacán de Ocampo,Lázaro Cárdenas,18,Río Bajo Balsas,True,True,0,0.0,False
C16072,Los Chorros del Varal,19.52,-102.570278,930,Michoacán de Ocampo,Los Reyes,18,Río Tepalcatepec,True,True,0,0.0,False
C16073,Los Limones,19.601667,-102.528056,1175,Michoacán de Ocampo,Los Reyes,18,Río Tepalcatepec,True,True,0,0.0,False
C16077,Los Reyes,19.583333,-102.483333,1280,Michoacán de Ocampo,Los Reyes,18,Río Tepalcatepec,True,True,0,0.0,False
C16053,San Sebastián,19.571944,-102.481667,1300,Michoacán de Ocampo,Los Reyes,18,Río Tepalcatepec,True,True,0,0.0,False
C16049,Etúcuaro,19.383333,-101.216667,1690,Michoacán de Ocampo,Madero,18,Río Tacámbaro,True,True,0,0.0,False
PDBMC,"Planta de bombeo, Mich.",19.49,-101.05,0,Michoacán de Ocampo,Madero,18,Río Tacámbaro,True,True,5036,0.8617385352498289,True
C16109,San Diego Curupatzeo,19.333333,-101.183333,1444,Michoacán de Ocampo,Madero,18,Río Tacámbaro,True,True,2724,0.46611909650924027,False
C16139,Villa Madero,19.4,-101.266667,2097,Michoacán de Ocampo,Madero,18,Río Tacámbaro,True,True,0,0.0,False
C16140,Villa Madero,19.39,-101.2775,2182,Michoacán de Ocampo,Madero,18,Río Tacámbaro,True,True,0,0.0,False
C16040,El Gigante,19.969167,-100.4525,1961,Michoacán de Ocampo,Maravatío,12,Río Lerma 3,True,True,0,0.0,False
EGIMC,"El Gigante, Mich.",19.966667,-100.45,1961,Michoacán de Ocampo,Maravatío,12,Río Lerma 3,True,True,5738,0.9818617385352498,True
C16061,Laguna del Fresno,19.816389,-100.415556,2080,Michoacán de Ocampo,Maravatío,12,Río Lerma 3,True,True,3529,0.6038672142368241,False
LDFMC,"Laguna del Fresno, Mich.",19.838056,-100.406389,2078,Michoacán de Ocampo,Maravatío,12,Río Lerma 3,True,True,4224,0.7227926078028748,False
C16078,Maravatío,19.892778,-100.4425,2020,Michoacán de Ocampo,Maravatío,12,Río Lerma 3,True,True,985,0.16854893908281998,False
MRVMC,"Maravatío, Mich.",19.890833,-100.439167,2024,Michoacán de Ocampo,Maravatío,12,Río Lerma 3,True,True,5531,0.9464407939767283,True
C16111,San José,19.9075,-100.319167,2043,Michoacán de Ocampo,Maravatío,12,Río Lerma 3,True,True,3138,0.5369609856262834,False
SJOMC,"San José, Mich.",19.9075,-100.316667,2043,Michoacán de Ocampo,Maravatío,12,Río Lerma 3,True,True,227,0.038843258042436685,False
C16252,San Lorenzo,19.95,-100.433333,2205,Michoacán de Ocampo,Maravatío,12,Río Lerma 3,True,True,0,0.0,False
C16199,San Miguel Curinhuato,19.989444,-100.589167,2020,Michoacán de Ocampo,Maravatío,12,Río Lerma 3,True,True,3640,0.6228610540725531,False
C16115,San Nicolásito,19.919444,-100.406111,2030,Michoacán de Ocampo,Maravatío,12,Río Lerma 3,True,True,0,0.0,False
C16247,Capula,19.675,-101.391667,2097,Michoacán de Ocampo,Morelia,12,Lago de Cuitzeo,True,True,2749,0.4703969883641341,False
C16022,Coíntzio,19.625,-101.281111,2096,Michoacán de Ocampo,Morelia,12,Lago de Cuitzeo,True,True,2485,0.4252224503764545,False
COIMC,"Coíntzio, Mich.",19.629722,-101.259167,2096,Michoacán de Ocampo,Morelia,12,Lago de Cuitzeo,True,True,5836,0.998631074606434,True
C16028,Cuitzillo Grande,19.766667,-101.119444,1987,Michoacán de Ocampo,Morelia,12,Lago de Cuitzeo,True,True,0,0.0,False
CGRMC,"Cuitzillo Grande, Mich.",19.766667,-101.116667,1831,Michoacán de Ocampo,Morelia,12,Lago de Cuitzeo,True,True,145,0.024811772758384667,False
C16055,Jesús del Monte,19.651667,-101.151389,2180,Michoacán de Ocampo,Morelia,12,Lago de Cuitzeo,True,True,3159,0.5405544147843943,False
C16080,Morelia,19.7,-101.183333,1913,Michoacán de Ocampo,Morelia,12,Lago de Cuitzeo,True,True,2981,0.5100958247775497,False
C16081,Morelia,19.688611,-101.176111,1908,Michoacán de Ocampo,Morelia,12,Lago de Cuitzeo,True,True,4016,0.6872005475701575,False
MCEMC,"Morelia Centro, Mich.",19.7,-101.1,1912,Michoacán de Ocampo,Morelia,12,Lago de Cuitzeo,True,True,5726,0.9798083504449008,True
MNOMC,"Morelia Norte, Mich.",19.7,-101.2,1951,Michoacán de Ocampo,Morelia,12,Lago de Cuitzeo,True,True,5713,0.9775838466803559,True
MORMC,"Observatorio de Morelia, Mich.",19.688611,-101.176111,1903,Michoacán de Ocampo,Morelia,12,Lago de Cuitzeo,True,True,5666,0.9695414099931554,True
C16114,San Miguel del Monte,19.620278,-101.134167,1965,Michoacán de Ocampo,Morelia,12,Lago de Cuitzeo,True,True,3370,0.5766598220396988,False
C16120,Santiago Undameo,19.602778,-101.32,2130,Michoacán de Ocampo,Morelia,12,Lago de Cuitzeo,True,True,0,0.0,False
C16254,Teremendo,19.783333,-101.477778,2188,Michoacán de Ocampo,Morelia,12,Río Angulo,True,True,3544,0.6064339493497605,False
C16026,Cuatro Caminos,18.988056,-102.103056,672,Michoacán de Ocampo,Múgica,18,Río Bajo Balsas,True,True,4258,0.7286105407255304,False
C16082,Nueva Italia,19.065556,-102.086389,391,Michoacán de Ocampo,Múgica,18,Río Cupatitzio,True,True,0,0.0,False
C16259,Tzindio,19.403056,-102.108889,1778,Michoacán de Ocampo,Nuevo Parangaricutiro,18,Río Cupatitzio,True,True,0,0.0,False
URUMC,"Uruapan, Mich.",19.4,-102.2,0,Michoacán de Ocampo,Nuevo Parangaricutiro,18,Río Tepalcatepec,True,True,1387,0.23733744010951402,False
ADUMC,"Adjuntas, Mich.",20.231389,-101.99,1630,Michoacán de Ocampo,Numarán,12,Río Lerma 6,True,True,4755,0.8136550308008214,True
C16079,Melchor Ocampo,19.583333,-100.333333,2300,Michoacán de Ocampo,Ocampo,18,Río Cutzamala,True,True,0,0.0,False
C16083,Pajacuarán,20.116667,-102.566667,1536,Michoacán de Ocampo,Pajacuarán,12,Río Lerma 7,True,True,0,0.0,False
C16196,San Gregorio,20.183333,-102.533333,1523,Michoacán de Ocampo,Pajacuarán,12,Río Lerma 7,True,True,0,0.0,False
C16084,Panindícuaro,19.975,-101.759444,1852,Michoacán de Ocampo,Panindícuaro,12,Río Angulo,True,True,3304,0.5653661875427789,False
C16006,Antunez,19.0125,-102.2,360,Michoacán de Ocampo,Parácuaro,18,Río Tepalcatepec,True,True,4259,0.7287816563997263,False
C16085,Parácuaro,19.15,-102.225,597,Michoacán de Ocampo,Parácuaro,18,Río Tepalcatepec,True,True,3832,0.6557152635181382,False
C16087,Pátzcuaro,19.516389,-101.609722,2140,Michoacán de Ocampo,Pátzcuaro,12,Lago de Pátzcuaro,True,True,2890,0.4945242984257358,False
PTZMC,"Pátzcuaro, Mich.",19.542778,-101.616944,2042,Michoacán de Ocampo,Pátzcuaro,12,Lago de Pátzcuaro,True,True,789,0.13501026694045173,False
C16257,Santa Isabel de Ajuno,19.5,-101.583333,2250,Michoacán de Ocampo,Pátzcuaro,12,Lago de Pátzcuaro,True,True,0,0.0,False
TIRMC,"Tiríndaro, Mich.",19.48,-101.466667,383,Michoacán de Ocampo,Pátzcuaro,12,Lago de Cuitzeo,True,True,176,0.030116358658453114,False
C16024,Corrales,20.207222,-101.861667,1730,Michoacán de Ocampo,Penjamillo,12,Río Lerma 6,True,True,2447,0.41872005475701574,False
CORMC,"Corrales, Mich.",20.207222,-101.861667,1693,Michoacán de Ocampo,Penjamillo,12,Río Lerma 6,True,True,5676,0.971252566735113,True
C16117,Santa Fe del Rio,20.201944,-101.826944,1681,Michoacán de Ocampo,Penjamillo,12,Río Lerma 6,True,True,3239,0.5542436687200547,False
C16243,Ziquítaro,20.061111,-101.888889,1831,Michoacán de Ocampo,Penjamillo,12,Río Lerma 6,True,True,1833,0.31365503080082136,False
CDVMC,"Chorros del Varal, Mich.",19.5,-102.4,0,Michoacán de Ocampo,Peribán,18,Río Tepalcatepec,True,True,83,0.014202600958247776,False
C16088,Peribán,19.521111,-102.415,1640,Michoacán de Ocampo,Peribán,18,Río Tepalcatepec,True,True,0,0.0,False
C16103,Purépero,19.915,-102.017778,2083,Michoacán de Ocampo,Purépero,12,Río Duero,True,True,0,0.0,False
C16234,Galeana,20.038889,-101.575,1935,Michoacán de Ocampo,Puruándiro,12,Río Lerma 5,True,True,1977,0.33829568788501024,False
C16104,Puruandiro,20.088056,-101.515833,2012,Michoacán de Ocampo,Puruándiro,12,Río Lerma 5,True,True,517,0.08846680355920603,False
MLPMC,"Malpaís, Mich.",19.829167,-100.873611,1859,Michoacán de Ocampo,Queréndaro,12,Lago de Cuitzeo,True,True,5664,0.9691991786447639,True
C16096,Presa Malpaís,19.826389,-100.878889,1859,Michoacán de Ocampo,Queréndaro,12,Lago de Cuitzeo,True,True,3108,0.5318275154004107,False
C16116,San Sebastián,19.840278,-100.941667,1836,Michoacán de Ocampo,Queréndaro,12,Lago de Cuitzeo,True,True,0,0.0,False
C16118,Santa Fe,19.673056,-101.556111,2203,Michoacán de Ocampo,Quiroga,12,Lago de Pátzcuaro,True,True,3281,0.5614305270362765,False
C16018,Casa Fuerte,20.066667,-102.683333,1523,Michoacán de Ocampo,Sahuayo,12,Río Lerma 7,True,True,0,0.0,False
C16067,La Raya,20.050556,-102.859722,2181,Michoacán de Ocampo,Sahuayo,12,Río Lerma 7,True,True,0,0.0,False
C16068,Las Fuentes,20.051667,-102.837222,2200,Michoacán de Ocampo,Sahuayo,12,Río Lerma 7,True,True,3286,0.5622861054072553,False
C16174,Sahuayo,20.056944,-102.723889,1540,Michoacán de Ocampo,Sahuayo,12,Río Lerma 7,True,True,4198,0.7183436002737851,False
SAHMC,"Sahuayo, Mich.",20.066667,-102.716667,1526,Michoacán de Ocampo,Sahuayo,12,Río Lerma 7,True,True,5416,0.9267624914442163,True
C16146,Zirahuén,19.454167,-101.731944,2090,Michoacán de Ocampo,Salvador Escalante,18,Río Zirahuén,True,True,3586,0.6136208076659821,False
C16113,San Lucas,18.566667,-100.783333,318,Michoacán de Ocampo,San Lucas,18,Río Medio Balsas,True,True,0,0.0,False
C16033,Chincúa,19.7725,-100.288333,2415,Michoacán de Ocampo,Senguio,12,Río Lerma 3,True,True,0,0.0,False
C16121,Senguío,19.732778,-100.352222,2260,Michoacán de Ocampo,Senguio,12,Río Lerma 3,True,True,896,0.15331964407939766,False
TMUMC,"Tercer Mundo, Mich.",19.766389,-100.299167,2466,Michoacán de Ocampo,Senguio,12,Río Lerma 3,True,True,5175,0.885523613963039,True
C16122,Susupuato de Guerrero,19.214722,-100.406667,1260,Michoacán de Ocampo,Susupuato,18,Río Cutzamala,True,True,3528,0.6036960985626283,False
C16010,Bartolinas,19.2,-101.433333,1400,Michoacán de Ocampo,Tacámbaro,18,Río Tacámbaro,True,True,0,0.0,False
C16123,Tacámbaro,19.235556,-101.456944,1640,Michoacán de Ocampo,Tacámbaro,18,Río Tacámbaro,True,True,2920,0.4996577686516085,False
TRCMC,"Tarecuato, Mich.",19.837778,-102.517222,1988,Michoacán de Ocampo,Tangamandapio,18,Río Tepalcatepec,True,True,1143,0.19558521560574949,False
C16229,Adjuntas,19.913333,-102.203889,1680,Michoacán de Ocampo,Tangancícuaro,12,Río Duero,True,True,334,0.05715263518138262,False
C16014,Camécuaro,19.916667,-102.2125,1708,Michoacán de Ocampo,Tangancícuaro,12,Río Duero,True,True,0,0.0,False
CAMMC,"Camécuaro, Mich.",19.916667,-102.2125,93,Michoacán de Ocampo,Tangancícuaro,12,Río Duero,True,True,22,0.0037645448323066393,False
C16251,Patambán,19.8025,-102.288889,2140,Michoacán de Ocampo,Tangancícuaro,12,Río Duero,True,True,3135,0.5364476386036962,False
C16125,Tangancicuaro,19.888889,-102.205,1710,Michoacán de Ocampo,Tangancícuaro,12,Río Duero,True,True,3364,0.5756331279945243,False
C16126,Tanhuato,20.266667,-102.35,1540,Michoacán de Ocampo,Tanhuato,12,Río Lerma 7,True,True,0,0.0,False
C16224,Tanhuato,20.281944,-102.331944,1542,Michoacán de Ocampo,Tanhuato,12,Río Lerma 7,True,True,1366,0.23374401095140315,False
C16127,Taretan,19.335556,-101.918056,1147,Michoacán de Ocampo,Taretan,18,Río Cupatitzio,True,True,0,0.0,False
C16512,El Colegio,19.7725,-101.178056,1880,Michoacán de Ocampo,Tarímbaro,12,Lago de Cuitzeo,True,True,3525,0.6031827515400411,False
C16124,Temascales,20.050833,-100.149444,2409,Michoacán de Ocampo,Temascalcingo,12,Río Lerma 2,True,True,3376,0.5776865160848734,False
C16261,Chilatán,19.236389,-102.77,440,Michoacán de Ocampo,Tepalcatepec,18,Río Tepalcatepec,True,True,4248,0.7268993839835729,False
C16037,El Cajón,18.966667,-102.75,321,Michoacán de Ocampo,Tepalcatepec,18,Río Tepalcatepec,True,True,0,0.0,False
C16158,El Cajón,18.970833,-102.75,296,Michoacán de Ocampo,Tepalcatepec,18,Río Tepalcatepec,True,True,3525,0.6031827515400411,False
C16038,El Carrizo,19.021667,-102.999444,520,Michoacán de Ocampo,Tepalcatepec,18,Río Tepalcatepec,True,True,0,0.0,False
LOLMC,"Los Olivos, Mich.",19.210833,-102.865556,379,Michoacán de Ocampo,Tepalcatepec,18,Río Tepalcatepec,True,True,5764,0.9863107460643394,True
C16264,Presa Los Olivos,19.200556,-102.837222,379,Michoacán de Ocampo,Tepalcatepec,18,Río Tepalcatepec,True,True,4373,0.7482888432580425,False
C16128,Tepacaltepec,19.183333,-102.833333,365,Michoacán de Ocampo,Tepalcatepec,18,Río Tepalcatepec,True,True,0,0.0,False
C16203,Escuela Secundaria Federal,19.508333,-101.858333,1387,Michoacán de Ocampo,Tingambato,18,Río Cupatitzio,True,True,0,0.0,False
C16106,San Ángel,19.86,-102.548611,1840,Michoacán de Ocampo,Tingüindín,12,Río Lerma 7,True,True,0,0.0,False
SANMC,"San Marcos, Mich.",19.854444,-102.54,1859,Michoacán de Ocampo,Tingüindín,12,Río Lerma 7,True,True,67,0.011464750171115675,False
C16237,El Limón,18.930833,-100.564722,460,Michoacán de Ocampo,Tiquicheo de Nicolás Romero,18,Río Cutzamala,True,True,3530,0.6040383299110198,False
C16245,San Carlos 2,19.241667,-100.789722,651,Michoacán de Ocampo,Tiquicheo de Nicolás Romero,18,Río Cutzamala,True,True,0,0.0,False
C16107,San Carlos I,19.245556,-100.79,799,Michoacán de Ocampo,Tiquicheo de Nicolás Romero,18,Río Cutzamala,True,True,0,0.0,False
C16219,San Pedro,19.071667,-100.828333,530,Michoacán de Ocampo,Tiquicheo de Nicolás Romero,18,Río Cutzamala,True,True,3529,0.6038672142368241,False
C16132,Tiquicheo,18.9,-100.737222,380,Michoacán de Ocampo,Tiquicheo de Nicolás Romero,18,Río Cutzamala,True,True,0,0.0,False
C16244,Tiquicheo,18.902778,-100.736111,383,Michoacán de Ocampo,Tiquicheo de Nicolás Romero,18,Río Cutzamala,True,True,2519,0.4310403832991102,False
C16137,Urepetiro,19.975,-102.126944,1753,Michoacán de Ocampo,Tlazazalca,12,Río Duero,True,True,2187,0.3742299794661191,False
UREMC,"Urepetiro, Mich.",19.962222,-102.137778,1807,Michoacán de Ocampo,Tlazazalca,12,Río Duero,True,True,5769,0.9871663244353183,True
C16194,E.T.A. 039 Tocumbo,19.701944,-102.520278,1600,Michoacán de Ocampo,Tocumbo,18,Río Tepalcatepec,True,True,1055,0.18052703627652292,False
C16190,Arceo,18.72,-102.268889,320,Michoacán de Ocampo,Tumbiscatío,18,Río Bajo Balsas,True,True,0,0.0,False
C16230,Las Cruces,19.065278,-101.427778,800,Michoacán de Ocampo,Turicato,18,Río Tacámbaro,True,True,3468,0.5934291581108829,False
C16133,Turicato,19.053611,-101.420556,740,Michoacán de Ocampo,Turicato,18,Río Tacámbaro,True,True,3764,0.6440793976728268,False
C16099,Presa Tuxpan,19.562778,-100.476111,1750,Michoacán de Ocampo,Tuxpan,18,Río Cutzamala,True,True,0,0.0,False
C16258,Presa Tuxpan,19.539722,-100.482222,1747,Michoacán de Ocampo,Tuxpan,18,Río Cutzamala,True,True,2769,0.47381930184804927,False
C16134,Tuxpan,19.566667,-100.45,1800,Michoacán de Ocampo,Tuxpan,18,Río Cutzamala,True,True,0,0.0,False
C16238,Melchor Ocampo,19.095556,-100.658611,496,Michoacán de Ocampo,Tuzantla,18,Río Cutzamala,True,True,2331,0.398870636550308,False
C16135,Tuzantla,19.216667,-100.583333,666,Michoacán de Ocampo,Tuzantla,18,Río Cutzamala,True,True,51,0.008726899383983572,False
C16163,Tuzantla,19.205833,-100.574722,600,Michoacán de Ocampo,Tuzantla,18,Río Cutzamala,True,True,0,0.0,False
CPUMC,"Carrillo Puerto, Mich.",19.55,-101.05,0,Michoacán de Ocampo,Tzitzio,18,Río Cutzamala,True,True,0,0.0,False
C16232,El Devanador,19.384167,-100.824722,1060,Michoacán de Ocampo,Tzitzio,18,Río Cutzamala,True,True,2555,0.4372005475701574,False
C16241,Tafetán,19.423889,-100.907222,913,Michoacán de Ocampo,Tzitzio,18,Río Cutzamala,True,True,2706,0.46303901437371664,False
C16136,Tzitzío,19.5825,-100.923889,1565,Michoacán de Ocampo,Tzitzio,18,Río Cutzamala,True,True,4169,0.7133812457221081,False
ZZMMC,"Zinzimeo, Mich.",19.49,-101.0,1736,Michoacán de Ocampo,Tzitzio,18,Río Cutzamala,True,True,12,0.002053388090349076,False
C16212,Barranca de Cupatitzio,19.466667,-102.083333,2078,Michoacán de Ocampo,Uruapan,18,Río Cupatitzio,True,True,0,0.0,False
C16178,E.N.G.F. Uruapan,19.383333,-102.033333,2193,Michoacán de Ocampo,Uruapan,18,Río Cupatitzio,True,True,119,0.020362765229295005,False
C16056,Jicalan,19.393611,-102.07,1610,Michoacán de Ocampo,Uruapan,18,Río Cupatitzio,True,True,0,0.0,False
C16138,Uruapan,19.384722,-102.058333,1578,Michoacán de Ocampo,Uruapan,18,Río Cupatitzio,True,True,0,0.0,False
C16164,Uruapan,19.416667,-102.066667,1634,Michoacán de Ocampo,Uruapan,18,Río Cupatitzio,True,True,0,0.0,False
C16165,Uruapan,19.395,-102.051944,1611,Michoacán de Ocampo,Uruapan,18,Río Cupatitzio,True,True,0,0.0,False
C16191,Cuatro Esquinas,20.206111,-102.589167,1522,Michoacán de Ocampo,Venustiano Carranza,12,Río Lerma 7,True,True,0,0.0,False
C16029,Cuimatillo,20.133333,-102.666667,1522,Michoacán de Ocampo,Venustiano Carranza,12,Río Lerma 7,True,True,0,0.0,False
CMTMC,"Cumuatillo, Mich.",20.111111,-102.661667,1574,Michoacán de Ocampo,Venustiano Carranza,12,Río Lerma 7,True,True,38,0.006502395619438741,False
C16198,La Arena,20.2,-102.666667,1527,Michoacán de Ocampo,Venustiano Carranza,12,Río Lerma 7,True,True,0,0.0,False
C16063,La Palma,20.145278,-102.768333,1520,Michoacán de Ocampo,Venustiano Carranza,12,Río Lerma 7,True,True,0,0.0,False
LPAMC,"La Palma, Mich.",20.146667,-102.751389,1555,Michoacán de Ocampo,Venustiano Carranza,12,Río Lerma 7,True,True,4906,0.8394934976043805,True
C16204,E.T.A. 132 Villamar,20.033333,-102.55,1597,Michoacán de Ocampo,Villamar,12,Río Lerma 7,True,True,0,0.0,False
C16186,Emiliano Zapata,19.991944,-102.618611,1540,Michoacán de Ocampo,Villamar,12,Río Lerma 7,True,True,0,0.0,False
EZPMC,"Emiliano Zapata, Mich.",20.0,-102.566667,0,Michoacán de Ocampo,Villamar,12,Río Lerma 7,True,True,83,0.014202600958247776,False
GUAMC,"Guaracha, Mich.",19.979167,-102.541389,1580,Michoacán de Ocampo,Villamar,12,Río Lerma 7,True,True,5770,0.9873374401095141,True
JARMC,"Jaripo, Mich.",19.958333,-102.601944,1587,Michoacán de Ocampo,Villamar,12,Río Lerma 7,True,True,5772,0.9876796714579056,True
C16094,Presa Guaracha,19.960556,-102.584444,1580,Michoacán de Ocampo,Villamar,12,Río Lerma 7,True,True,4181,0.7154346338124572,False
C16095,Presa Jaripo,19.958333,-102.6,1587,Michoacán de Ocampo,Villamar,12,Río Lerma 7,True,True,4183,0.7157768651608487,False
DGNMC,"De Gonzalo, Mich.",20.304444,-102.436944,1534,Michoacán de Ocampo,Vista Hermosa,12,Río Lerma 7,True,True,5284,0.9041752224503764,True
C16093,Presa Gonzalo,20.300833,-102.438611,1530,Michoacán de Ocampo,Vista Hermosa,12,Río Lerma 7,True,True,0,0.0,False
SCRMC,"San Cristóbal, Mich.",20.208333,-102.464722,1561,Michoacán de Ocampo,Vista Hermosa,12,Río Lerma 7,True,True,5149,0.8810746064339493,True
RINMC,"Rinconada, Mich.",20.333333,-102.283333,1520,Michoacán de Ocampo,Yurécuaro,12,Río Lerma 7,True,True,43,0.007357973990417523,False
C16141,Yurécuaro,20.3375,-102.283056,1543,Michoacán de Ocampo,Yurécuaro,12,Río Lerma 7,True,True,4107,0.7027720739219713,False
C16240,El Pueblito,19.822222,-101.929167,2371,Michoacán de Ocampo,Zacapu,12,Río Duero,True,True,2219,0.3797056810403833,False
C16188,Tiríndaro,19.766667,-101.741667,2002,Michoacán de Ocampo,Zacapu,12,Río Angulo,True,True,0,0.0,False
C16142,Zacapu,19.805278,-101.795,1986,Michoacán de Ocampo,Zacapu,12,Río Angulo,True,True,3083,0.5275496235455168,False
C16171,Zacapu,19.816667,-101.783333,1994,Michoacán de Ocampo,Zacapu,12,Río Angulo,True,True,0,0.0,False
ZCAMC,"Zacapu, Mich.",19.805278,-101.795,1986,Michoacán de Ocampo,Zacapu,12,Río Angulo,True,True,4677,0.8003080082135524,True
C16031,Chaparaco,19.973611,-102.265278,1589,Michoacán de Ocampo,Zamora,12,Río Duero,True,True,0,0.0,False
CHAMC,"Chaparaco, Mich.",19.973611,-102.265278,159,Michoacán de Ocampo,Zamora,12,Río Duero,True,True,5259,0.8998973305954825,True
C16222,La Rinconada,20.043333,-102.287222,1580,Michoacán de Ocampo,Zamora,12,Río Duero,True,True,0,0.0,False
ZAMMC,"Observatorio de Zamora, Mich.",20.006667,-102.284167,1636,Michoacán de Ocampo,Zamora,12,Río Duero,True,True,4617,0.7900410677618069,False
C16048,Zamora,19.985556,-102.283056,1580,Michoacán de Ocampo,Zamora,12,Río Duero,True,True,2919,0.49948665297741274,False
C16143,Zamora,20.011111,-102.280556,1564,Michoacán de Ocampo,Zamora,12,Río Duero,True,True,608,0.10403832991101986,False
C16144,Zamora,19.985,-102.283056,1580,Michoacán de Ocampo,Zamora,12,Río Duero,True,True,0,0.0,False
C16221,Fruticultores,19.873056,-100.814444,1986,Michoacán de Ocampo,Zinapécuaro,12,Lago de Cuitzeo,True,True,0,0.0,False
C16052,Huingo,19.921111,-100.862222,1921,Michoacán de Ocampo,Zinapécuaro,12,Lago de Cuitzeo,True,True,1643,0.28114305270362766,False
C16255,Ucareo,19.9,-100.691667,2554,Michoacán de Ocampo,Zinapécuaro,12,Lago de Cuitzeo,True,True,3278,0.5609171800136893,False
C16145,Zinapécuaro,19.858611,-100.827222,1880,Michoacán de Ocampo,Zinapécuaro,12,Lago de Cuitzeo,True,True,3942,0.6745379876796714,False
ZINMC,"Zinapécuaro, Mich.",19.860278,-100.828611,1886,Michoacán de Ocampo,Zinapécuaro,12,Lago de Cuitzeo,True,True,3266,0.5588637919233401,False
LCAMC,"La Calera, Mich.",18.429167,-100.997222,0,Michoacán de Ocampo,Zirándaro,18,Río Bajo Balsas,True,True,21,0.003593429158110883,False
C16189,C.R.E.D.F.F.A.,19.533333,-100.233333,3090,Michoacán de Ocampo,Zitácuaro,18,Río Cutzamala,True,True,0,0.0,False
ETAMC,"E. T. A., Mich.",19.53,-100.28,505,Michoacán de Ocampo,Zitácuaro,18,Río Cutzamala,True,True,2260,0.3867214236824093,False
DBOMC,"El Bosque, Mich.",19.387778,-100.421111,1909,Michoacán de Ocampo,Zitácuaro,18,Río Cutzamala,True,True,5844,1.0,True
C16192,La Encarnación,19.412778,-100.393889,1720,Michoacán de Ocampo,Zitácuaro,18,Río Cutzamala,True,True,3316,0.567419575633128,False
C16036,Presa El Bosque,19.383333,-100.383333,1909,Michoacán de Ocampo,Zitácuaro,18,Río Cutzamala,True,True,2587,0.4426762491444216,False
C16148,Zitácuaro,19.433333,-100.366667,1870,Michoacán de Ocampo,Zitácuaro,18,Río Cutzamala,True,True,0,0.0,False
AMCMR,"Amacuzac, Mor.",18.596111,-99.376944,911,Morelos,Amacuzac,18,Río Amacuzac,True,True,5649,0.9666324435318275,True
C17044,E.T.A. 040 Amacuzac,18.598611,-99.369444,1278,Morelos,Amacuzac,18,Río Amacuzac,True,True,2922,0.5,False
C17007,Huajintlán,18.61,-99.424444,942,Morelos,Amacuzac,18,Río Amacuzac,True,True,2922,0.5,False
HUAMR,"Huajintlán, Mor.",18.608333,-99.424167,1049,Morelos,Amacuzac,18,Río Amacuzac,True,True,5686,0.9729637234770705,True
C17032,San Gabriel,18.616667,-99.35,929,Morelos,Amacuzac,18,Río Amacuzac,True,True,0,0.0,False
C17001,Atlatlahuacan,18.936667,-98.928056,1600,Morelos,Atlatlahucan,18,Río Amacuzac,True,True,3286,0.5622861054072553,False
ATLMR,"Atlatlahucan, Mor.",18.935833,-98.901667,1497,Morelos,Atlatlahucan,18,Río Amacuzac,True,True,5322,0.9106776180698152,True
OAXMR,"Oaxtepec, Mor.",18.900556,-98.901389,1360,Morelos,Atlatlahucan,18,Río Amacuzac,True,True,5248,0.8980150581793293,True
SMAMR,"San Miguel Atlatlahuacan, Mor.",18.9475,-98.928056,1600,Morelos,Atlatlahucan,18,Río Amacuzac,True,True,11,0.0018822724161533196,False
TLYMR,"Tlayacapan, Mor.",18.9,-98.9,1500,Morelos,Atlatlahucan,18,Río Amacuzac,True,True,902,0.1543463381245722,False
C17030,Axochiapan,18.5,-98.75,1036,Morelos,Axochiapan,18,Río Nexapa,True,True,0,0.0,False
C17036,Lagunillas de Rayón,18.483333,-98.716667,1010,Morelos,Axochiapan,18,Río Nexapa,True,True,2862,0.48973305954825463,False
LCUMR,"La Cuera, Mor.",18.683611,-98.914444,1186,Morelos,Ayala,18,Río Amacuzac,True,True,5658,0.9681724845995893,True
C17054,Moyotepec,18.670833,-98.975278,1154,Morelos,Ayala,18,Río Amacuzac,True,True,2557,0.4375427789185489,False
MYOMR,"Moyotepec, Mor.",18.725833,-98.999722,1215,Morelos,Ayala,18,Río Amacuzac,True,True,5520,0.944558521560575,True
C17064,Tecomalco,18.650833,-98.9925,1305,Morelos,Ayala,18,Río Amacuzac,True,True,3093,0.5292607802874744,False
APAMR,"Apacingo, Mor.",18.68,-99.463611,0,Morelos,Coatlán del Río,18,Río Amacuzac,True,True,2066,0.3535249828884326,False
C17061,Apancingo,18.68,-99.463611,1152,Morelos,Coatlán del Río,18,Río Amacuzac,True,True,4018,0.687542778918549,False
C17062,Chavarría,18.725833,-99.469167,1163,Morelos,Coatlán del Río,18,Río Amacuzac,True,True,2918,0.499315537303217,False
C17059,Coatlán del Rio,18.745278,-99.433333,1027,Morelos,Coatlán del Río,18,Río Amacuzac,True,True,0,0.0,False
ALPMR,"Alpanocán, Mor.",18.731111,-98.689722,2100,Morelos,Cohuecan,18,Río Nexapa,True,True,334,0.05715263518138262,False
C17003,Cuautla,18.804167,-98.950833,1303,Morelos,Cuautla,18,Río Amacuzac,True,True,3287,0.562457221081451,False
C17005,Cuautla,18.810278,-98.950833,1302,Morelos,Cuautla,18,Río Amacuzac,True,True,3652,0.6249144421629022,False
CUAMR,"Cuautla, Mor.",18.808611,-98.948889,1303,Morelos,Cuautla,18,Río Amacuzac,True,True,5785,0.9899041752224503,True
C17017,Tetelcingo,18.866667,-98.933333,1418,Morelos,Cuautla,18,Río Amacuzac,True,True,0,0.0,False
C17024,Yautepec,18.854444,-99.021667,1343,Morelos,Cuautla,18,Río Amacuzac,True,True,3225,0.5518480492813141,False
C17002,Colonia Empleado,18.948333,-99.230833,1614,Morelos,Cuernavaca,18,Río Amacuzac,True,True,0,0.0,False
C17004,Cuernavaca,18.918611,-99.234167,1510,Morelos,Cuernavaca,18,Río Amacuzac,True,True,3652,0.6249144421629022,False
CUCMR,"Cuernavaca Centro, Mor.",18.95,-99.233333,1650,Morelos,Cuernavaca,18,Río Amacuzac,True,True,449,0.0768309377138946,False
C17037,Escuela de Biología Uaem,18.983333,-99.233333,1893,Morelos,Cuernavaca,18,Río Amacuzac,True,True,3287,0.562457221081451,False
OBSMR,"Observatorio de Cuernavaca, Mor.",18.908889,-99.219167,1450,Morelos,Cuernavaca,18,Río Amacuzac,True,True,5791,0.990930869267625,True
CURMR,"Secretaría de Eduación Pública Cuernavaca, Mor.",18.948333,-99.230833,1560,Morelos,Cuernavaca,18,Río Amacuzac,True,True,450,0.07700205338809035,False
PROMR,"Progreso, Mor.",18.771111,-99.156944,1400,Morelos,Emiliano Zapata,18,Río Amacuzac,True,True,5295,0.9060574948665298,True
CBTMR,"C.B.T.A. 154 Huitzilac, Mor.",19.028333,-99.267222,2550,Morelos,Huitzilac,18,Río Amacuzac,True,True,332,0.0568104038329911,False
C17009,C.B.T.A.154 Huitzilac,19.028333,-99.267222,2550,Morelos,Huitzilac,18,Río Amacuzac,True,True,365,0.06245722108145106,False
C17047,Huitzilac,19.058333,-99.274167,2801,Morelos,Huitzilac,18,Río Amacuzac,True,True,3287,0.562457221081451,False
HUIMR,"Huitzilac, Mor.",19.028889,-99.265,2850,Morelos,Huitzilac,18,Río Amacuzac,True,True,5693,0.9741615331964408,True
C17022,Tres Cumbres,19.036667,-99.258056,2639,Morelos,Huitzilac,18,Río Amacuzac,True,True,2945,0.5039356605065024,False
C17093,Tres Marías,19.050278,-99.246111,2827,Morelos,Huitzilac,18,Río Amacuzac,True,True,881,0.15075290896646132,False
TMAMR,"Tres Marías, Mor.",19.054167,-99.241667,2830,Morelos,Huitzilac,18,Río Amacuzac,True,True,3422,0.5855578370978781,False
C17055,Tenango,18.620556,-98.746944,1188,Morelos,Jantetelco,18,Río Nexapa,True,True,0,0.0,False
CUEMR,"Cuernavaca, Mor.",18.9,-99.2,1560,Morelos,Jiutepec,18,Río Amacuzac,True,True,5707,0.9765571526351814,True
C17071,Progreso,18.88,-99.153333,1366,Morelos,Jiutepec,18,Río Amacuzac,True,True,2557,0.4375427789185489,False
SLDMR,"Solidaridad, Mor.",18.918333,-99.190556,1465,Morelos,Jiutepec,18,Río Amacuzac,True,True,5631,0.9635523613963038,True
TEMMR,"Temixco, Mor.",18.856944,-99.223611,1265,Morelos,Jiutepec,18,Río Amacuzac,True,True,5754,0.9845995893223819,True
C17074,El Higuerón,18.5775,-99.180556,907,Morelos,Jojutla,18,Río Amacuzac,True,True,2922,0.5,False
HIGMR,"Higuerón, Mor.",18.573889,-99.180278,920,Morelos,Jojutla,18,Río Amacuzac,True,True,5690,0.9736481861738535,True
C17031,Jojutla,18.583889,-99.184167,959,Morelos,Jojutla,18,Río Amacuzac,True,True,4018,0.687542778918549,False
C17075,Jojutla,18.583333,-99.183333,890,Morelos,Jojutla,18,Río Amacuzac,True,True,0,0.0,False
JOJMR,"Jojutla, Mor.",18.6,-99.2,920,Morelos,Jojutla,18,Río Amacuzac,True,True,5838,0.9989733059548255,True
C17016,Tequesquitengo,18.611111,-99.259722,932,Morelos,Jojutla,18,Río Amacuzac,True,True,2557,0.4375427789185489,False
TQGMR,"Tequesquitengo, Mor.",18.611111,-99.250278,0,Morelos,Jojutla,18,Río Amacuzac,True,True,2009,0.3437713894592745,False
ELPMR,"El Peñón, Mor.",18.690556,-98.786667,1422,Morelos,Jonacatepec de Leandro Valle,18,Río Nexapa,True,True,5381,0.9207734428473648,True
C17028,Jonacatepec,18.691667,-98.824722,1350,Morelos,Jonacatepec de Leandro Valle,18,Río Nexapa,True,True,3652,0.6249144421629022,False
JNCMR,"Jonacatepec, Mor.",18.7,-98.8,1165,Morelos,Jonacatepec de Leandro Valle,18,Río Nexapa,True,True,5737,0.981690622861054,True
C17090,Tepalcingo Bachillerato,18.638056,-98.817778,1265,Morelos,Jonacatepec de Leandro Valle,18,Río Nexapa,True,True,1096,0.18754277891854895,False
C17092,Vista Alegre,18.73,-99.383611,0,Morelos,Mazatepec,18,Río Amacuzac,True,True,0,0.0,False
C17006,El Rodeo,18.778611,-99.323611,1858,Morelos,Miacatlán,18,Río Amacuzac,True,True,2922,0.5,False
RODMR,"El Rodeo, Mor.",18.765278,-99.331389,1200,Morelos,Miacatlán,18,Río Amacuzac,True,True,5831,0.9977754962354551,True
C17029,Palpan,18.8675,-99.429167,1620,Morelos,Miacatlán,18,Río Amacuzac,True,True,2677,0.4580766598220397,False
PAPMR,"Palpan, Mor.",18.8675,-99.433333,1470,Morelos,Miacatlán,18,Río Amacuzac,True,True,2559,0.43788501026694043,False
C17045,Huecahuaxco E-7,18.911944,-98.753056,2305,Morelos,Ocuituco,18,Río Amacuzac,True,True,2557,0.4375427789185489,False
HUXMR,"Huecahuaxco, Mor.",18.936667,-98.781667,2197,Morelos,Ocuituco,18,Río Amacuzac,True,True,3885,0.6647843942505134,False
HUEMR,"Hueyapan, Mor.",18.879444,-98.696944,2290,Morelos,Ocuituco,18,Río Nexapa,True,True,4306,0.7368240930869268,False
OCTMR,"Ocuituco, Mor.",18.8825,-98.758611,1885,Morelos,Ocuituco,18,Río Amacuzac,True,True,4829,0.8263175906913073,True
C17048,Puente Ocuituco E-5,18.878056,-98.775278,1941,Morelos,Ocuituco,18,Río Amacuzac,True,True,3653,0.6250855578370978,False
C17069,Ahuehuetzingo,18.717778,-99.278611,1068,Morelos,Puente de Ixtla,18,Río Amacuzac,True,True,3163,0.5412388774811773,False
C17076,Puente de Ixtla,18.629167,-99.325833,903,Morelos,Puente de Ixtla,18,Río Amacuzac,True,True,2557,0.4375427789185489,False
PIXMR,"Puente de Ixtla, Mor.",18.633333,-99.322778,906,Morelos,Puente de Ixtla,18,Río Amacuzac,True,True,4805,0.8222108145106092,True
C17019,Tilzapotla,18.487778,-99.306111,1303,Morelos,Puente de Ixtla,18,Río Amacuzac,True,True,2557,0.4375427789185489,False
TILMR,"Tilzapotla, Mor.",18.487778,-99.306111,97,Morelos,Puente de Ixtla,18,Río Amacuzac,True,True,5329,0.9118754277891855,True
C17077,Xoxocotla,18.685,-99.243889,1030,Morelos,Puente de Ixtla,18,Río Amacuzac,True,True,3653,0.6250855578370978,False
XXOMR,"Xoxocotla, Mor.",18.683333,-99.25,1020,Morelos,Puente de Ixtla,18,Río Amacuzac,True,True,2497,0.42727583846680356,False
C17058,Cuentepec,18.860278,-99.326389,1487,Morelos,Temixco,18,Río Amacuzac,True,True,3652,0.6249144421629022,False
CUNMR,"Cuentepec, Mor.",18.862778,-99.324722,1627,Morelos,Temixco,18,Río Amacuzac,True,True,982,0.16803559206023272,False
C17067,Cuernavaca,18.892222,-99.233333,1372,Morelos,Temixco,18,Río Amacuzac,True,True,2860,0.4893908281998631,False
C17014,Temixco,18.854444,-99.227222,1283,Morelos,Temixco,18,Río Amacuzac,True,True,2557,0.4375427789185489,False
TTAMR,"Tetlama, Mor.",18.833333,-99.278333,1208,Morelos,Temixco,18,Río Amacuzac,True,True,216,0.03696098562628337,False
C17081,Amilcingo,18.73,-98.7625,1519,Morelos,Temoac,18,Río Nexapa,True,True,3287,0.562457221081451,False
AMIMR,"Amilcingo, Mor.",18.755278,-98.771111,0,Morelos,Temoac,18,Río Nexapa,True,True,2923,0.5001711156741958,False
TMCMR,"Temoac, Mor.",18.778056,-98.786944,1616,Morelos,Temoac,18,Río Nexapa,True,True,4997,0.8550650239561944,True
C17057,El Limón,18.531111,-98.9375,1248,Morelos,Tepalcingo,18,Río Amacuzac,True,True,3287,0.562457221081451,False
C17015,Tepalcingo,18.596389,-98.843611,1160,Morelos,Tepalcingo,18,Río Nexapa,True,True,2922,0.5,False
TPLMR,"Tepalcingo, Mor.",18.596389,-98.843611,1160,Morelos,Tepalcingo,18,Río Nexapa,True,True,5526,0.9455852156057495,True
C17021,Tlacualera,18.616667,-98.943611,1250,Morelos,Tepalcingo,18,Río Amacuzac,True,True,2557,0.4375427789185489,False
C17039,San Juan Tlacotenco,19.039167,-99.093889,2836,Morelos,Tepoztlán,18,Río Amacuzac,True,True,2557,0.4375427789185489,False
C17049,Tepoztlán E-12,18.985278,-99.099722,1716,Morelos,Tepoztlán,18,Río Amacuzac,True,True,854,0.1461327857631759,False
TPZMR,"Tepoztlán, Mor.",18.971389,-99.072778,1700,Morelos,Tepoztlán,18,Río Amacuzac,True,True,3193,0.54637234770705,False
C17073,Cuautlita,18.700278,-99.384444,986,Morelos,Tetecala,18,Río Amacuzac,True,True,3972,0.6796714579055442,False
CUTMR,"Cuautlita, Mor.",18.701667,-99.375556,946,Morelos,Tetecala,18,Río Amacuzac,True,True,4202,0.7190280629705681,False
MIAMR,"Miacatlán, Mor.",18.7,-99.4,1035,Morelos,Tetecala,18,Río Amacuzac,True,True,5153,0.8817590691307323,True
C17060,Alponocan,18.931111,-98.689722,2769,Morelos,Tetela del Volcán,18,Río Nexapa,True,True,3651,0.6247433264887063,False
C17046,Hueyapan E-4,18.885,-98.690278,2285,Morelos,Tetela del Volcán,18,Río Nexapa,True,True,3377,0.5778576317590691,False
TETMR,"Tetela del Volcán, Mor.",18.876389,-98.710278,0,Morelos,Tetela del Volcán,18,Río Nexapa,True,True,2078,0.35557837097878164,False
C17066,El Vigía,19.01,-98.96,2160,Morelos,Tlalnepantla,18,Río Amacuzac,True,True,2855,0.4885352498288843,False
TLCMR,"Tlacualera, Mor.",19.038056,-98.943611,2550,Morelos,Tlalnepantla,18,Río Amacuzac,True,True,4795,0.8204996577686516,True
CMMMR,"Centro Internacional de Mejoramiento de Maíz y Trigo, Mor.",18.686944,-99.126389,955,Morelos,Tlaltizapán de Zapata,18,Río Amacuzac,True,True,923,0.15793976728268308,False
C17056,San Pablo Hidalgo,18.581944,-99.044722,925,Morelos,Tlaltizapán de Zapata,18,Río Amacuzac,True,True,2922,0.5,False
SPHMR,"San Pablo Hidalgo, Mor.",18.580278,-99.042778,932,Morelos,Tlaltizapán de Zapata,18,Río Amacuzac,True,True,2738,0.46851471594798083,False
C17013,Temilpa,18.705833,-99.093889,1135,Morelos,Tlaltizapán de Zapata,18,Río Amacuzac,True,True,3287,0.562457221081451,False
C17018,Ticumán,18.759167,-99.121111,970,Morelos,Tlaltizapán de Zapata,18,Río Amacuzac,True,True,3652,0.6249144421629022,False
TICMR,"Ticumán, Mor.",18.794167,-99.103889,988,Morelos,Tlaltizapán de Zapata,18,Río Amacuzac,True,True,5225,0.8940793976728268,True
C17008,Huautla,18.44,-99.025,966,Morelos,Tlaquiltenango,18,Río Amacuzac,True,True,2557,0.4375427789185489,False
HUTMR,"Huautla, Mor.",18.441389,-99.025,970,Morelos,Tlaquiltenango,18,Río Amacuzac,True,True,5475,0.936858316221766,True
C17038,Nexpa,18.52,-99.145,800,Morelos,Tlaquiltenango,18,Río Amacuzac,True,True,3287,0.562457221081451,False
NEXMR,"Nexpa, Mor.",18.519444,-99.140833,1200,Morelos,Tlaquiltenango,18,Río Amacuzac,True,True,4636,0.7932922655715263,False
C17065,Valle de Vazquez,18.529167,-99.07,950,Morelos,Tlaquiltenango,18,Río Amacuzac,True,True,3312,0.5667351129363449,False
C17023,Xicatlacotla,18.519167,-99.191944,803,Morelos,Tlaquiltenango,18,Río Amacuzac,True,True,0,0.0,False
C17033,Xicatlacotla,18.45,-99.1,1095,Morelos,Tlaquiltenango,18,Río Amacuzac,True,True,2769,0.47381930184804927,False
XICMR,"Xicatlacotla, Mor.",18.528889,-99.190278,814,Morelos,Tlaquiltenango,18,Río Amacuzac,True,True,5513,0.9433607118412046,True
C17050,Tlayacapan E-11,18.955556,-98.972778,1662,Morelos,Tlayacapan,18,Río Amacuzac,True,True,0,0.0,False
C17051,Totolapan E-10,18.986944,-98.919722,1908,Morelos,Totolapan,18,Río Amacuzac,True,True,2557,0.4375427789185489,False
TOTMR,"Totolapan, Mor.",18.9875,-98.92,1920,Morelos,Totolapan,18,Río Amacuzac,True,True,5360,0.917180013689254,True
C17072,Alpuyeca,18.735,-99.265833,1025,Morelos,Xochitepec,18,Río Amacuzac,True,True,3287,0.562457221081451,False
ALUMR,"Alpuyeca, Mor.",18.734722,-99.258056,1041,Morelos,Xochitepec,18,Río Amacuzac,True,True,5566,0.9524298425735798,True
C17070,Apluyeca,18.743611,-99.258056,1050,Morelos,Xochitepec,18,Río Amacuzac,True,True,0,0.0,False
OACMR,"Oacalco, Mor.",18.923333,-99.031389,1363,Morelos,Xochitepec,18,Río Amacuzac,True,True,5333,0.9125598904859685,True
ETAMR,"E.T.A. 118, Mor.",18.881944,-98.967222,1590,Morelos,Yautepec,18,Río Amacuzac,True,True,428,0.0732375085557837,False
C17082,Oacalco,18.922222,-99.030556,1297,Morelos,Yautepec,18,Río Amacuzac,True,True,1826,0.3124572210814511,False
C17012,Oaxtepec,18.906389,-98.970278,1380,Morelos,Yautepec,18,Río Amacuzac,True,True,2922,0.5,False
YAHMR,"Yautepec, Mor.",18.899167,-99.050556,1244,Morelos,Yautepec,18,Río Amacuzac,True,True,5626,0.9626967830253251,True
C17068,Achichipico D-4,18.947222,-98.829167,2117,Morelos,Yecapixtla,18,Río Amacuzac,True,True,3652,0.6249144421629022,False
ACHMR,"Achichipico, Mor.",18.947222,-98.829167,1910,Morelos,Yecapixtla,18,Río Amacuzac,True,True,4828,0.8261464750171116,True
C17043,E.T.A. 118 Yecapixtla,18.891667,-98.858333,1600,Morelos,Yecapixtla,18,Río Amacuzac,True,True,2311,0.3954483230663929,False
C17063,Tecajec,18.798056,-98.812222,1824,Morelos,Yecapixtla,18,Río Amacuzac,True,True,2913,0.4984599589322382,False
C17025,Yecapixtla,18.85,-98.866667,1610,Morelos,Yecapixtla,18,Río Amacuzac,True,True,0,0.0,False
C17052,Yecapixtla,18.883333,-98.865,1590,Morelos,Yecapixtla,18,Río Amacuzac,True,True,2220,0.3798767967145791,False
YECMR,"Yecapixtla, Mor.",18.881944,-98.866111,1500,Morelos,Yecapixtla,18,Río Amacuzac,True,True,2588,0.44284736481861736,False
C17026,C.A.E. La Victoria,18.636667,-99.200833,1364,Morelos,Zacatepec,18,Río Amacuzac,True,True,1734,0.29671457905544146,False
ZCTMR,"Observatorio de Zacatepec, Mor.",18.651389,-99.196667,932,Morelos,Zacatepec,18,Río Amacuzac,True,True,5471,0.9361738535249828,True
C17042,Zacatepec,18.65,-99.183333,918,Morelos,Zacatepec,18,Río Amacuzac,True,True,0,0.0,False
C17020,Tlacotepec,18.813333,-98.75,1754,Morelos,Zacualpan de Amilpas,18,Río Nexapa,True,True,2557,0.4375427789185489,False
TLOMR,"Tlacotepec, Mor.",18.813333,-98.75,1754,Morelos,Zacualpan de Amilpas,18,Río Nexapa,True,True,5649,0.9666324435318275,True
CARNR,"Carrizal, Nay.",21.85,-104.8,0,Nayarit,Del Nayar,12,Río Santiago 5,True,True,11,0.0018822724161533196,False
C18063,Chapalacana,21.944167,-104.5,277,Nayarit,Del Nayar,12,Río Atengo,True,True,0,0.0,False
CHPNR,"Chapalagana, Nay.",21.944167,-104.5,320,Nayarit,Del Nayar,12,Río Atengo,True,True,4473,0.7654004106776181,False
C18009,El Carrizal,21.826944,-104.830278,80,Nayarit,Del Nayar,12,Río Santiago 6,True,True,0,0.0,False
C18045,El Carrizal,21.827222,-104.575,632,Nayarit,Del Nayar,12,Río Santiago 5,True,True,0,0.0,False
C18014,Huaynamota,21.919722,-104.513611,670,Nayarit,Del Nayar,12,Río Santiago 5,True,True,0,0.0,False
HUYNR,"Huaynamota, Nay.",21.9225,-104.511111,960,Nayarit,Del Nayar,12,Río Santiago 5,True,True,10,0.0017111567419575632,False
C18018,Jesús María,22.255278,-104.516111,411,Nayarit,Del Nayar,12,Río Huaynamota,True,True,3400,0.5817932922655715,False
JMANR,"Jesús María, Nay.",22.250833,-104.516944,960,Nayarit,Del Nayar,12,Río Huaynamota,True,True,4132,0.7070499657768652,False
LSANR,"Los Sabinos, Nay.",21.941111,-104.553889,1964,Nayarit,Del Nayar,12,Río Santiago 5,True,True,10,0.0017111567419575632,False
C18031,San Juan Peyotán,22.361111,-104.431667,639,Nayarit,Del Nayar,12,Río Jesús María,True,True,3582,0.6129363449691991,False
C18075,Cacalutlán,21.115833,-104.260833,908,Nayarit,Ixtlán del Río,12,Río Santiago 4,True,True,3568,0.6105407255304586,False
CAINR,"El Caimán, Nay.",21.201389,-104.080556,0,Nayarit,La Yesca,12,Río Santiago 4,True,True,122,0.02087611225188227,False
C18011,Guadalupe Ocotán,21.888333,-104.356111,1094,Nayarit,La Yesca,12,Río Atengo,True,True,3546,0.606776180698152,False
C18013,Huajimic,21.6825,-104.316111,1131,Nayarit,La Yesca,12,Río Atengo,True,True,3572,0.6112251882272416,False
C18020,La Yesca,21.324444,-104.0125,1357,Nayarit,La Yesca,12,Río Bolaños 2,True,True,152,0.026009582477754964,False
C18082,Cordón del Jilguero,21.927222,-104.960833,470,Nayarit,Ruiz,12,Río Santiago 6,True,True,2695,0.4611567419575633,False
C18026,Puerta de Platanares,21.918333,-104.984722,123,Nayarit,Ruiz,12,Río Santiago 6,True,True,3543,0.6062628336755647,False
C18005,Cerro Blanco,21.376667,-104.618333,965,Nayarit,Santa María del Oro,12,Río Santiago 5,True,True,3613,0.6182409308692677,False
CJNNR,"Leonardo Rodríguez Alcaine, Nay.",21.428333,-104.450833,0,Nayarit,Santa María del Oro,12,Río Santiago 4,True,True,5813,0.9946954140999316,True
ANRNR,"Amado Nervo, Nay.",21.733333,-105.033333,0,Nayarit,Santiago Ixcuintla,12,Río Santiago 6,True,True,13,0.0022245037645448325,False
C18004,Capomal,21.839444,-105.121111,35,Nayarit,Santiago Ixcuintla,12,Río Santiago 6,True,True,2763,0.47279260780287474,False
CAPNR,"Capomal, Nay.",21.831111,-105.1125,13,Nayarit,Santiago Ixcuintla,12,Río Santiago 6,True,True,4513,0.7722450376454483,False
C18037,El Tizate,21.803333,-105.115556,19,Nayarit,Santiago Ixcuintla,12,Río Santiago 6,True,True,3016,0.5160848733744011,False
C18057,Nanchi,21.798333,-105.061944,37,Nayarit,Santiago Ixcuintla,12,Río Santiago 6,True,True,0,0.0,False
C18034,Santiago Ixcuintla,21.813611,-105.203333,20,Nayarit,Santiago Ixcuintla,12,Río Santiago 6,True,True,0,0.0,False
AGMNR,"Aguamilpa Solidaridad, Nay.",21.839167,-104.802222,0,Nayarit,Tepic,12,Río Santiago 5,True,True,5830,0.9976043805612594,True
C18053,Aguirre,21.483333,-104.716667,1206,Nayarit,Tepic,12,Río Santiago 5,True,True,0,0.0,False
C18065,Amado Nervo,21.725,-105.033333,43,Nayarit,Tepic,12,Río Santiago 6,True,True,1100,0.18822724161533197,False
C18008,Despeñadero,21.841389,-104.7225,315,Nayarit,Tepic,12,Río Santiago 5,True,True,0,0.0,False
MOLNR,"Mololoa, Nay.",21.516111,-104.889722,620,Nayarit,Tepic,12,Río Santiago 6,True,True,308,0.05270362765229295,False
TEPNR,"Observatorio de Tepic, Nay.",21.489444,-104.891944,941,Nayarit,Tepic,12,Río Santiago 6,True,True,5798,0.9921286789869952,True
C18073,Presa del Baño,21.6075,-104.737778,840,Nayarit,Tepic,12,Río Santiago 5,True,True,0,0.0,False
RSRNR,"Reguladora San Rafael, Nay.",21.8,-104.8,0,Nayarit,Tepic,12,Río Santiago 6,True,True,5787,0.9902464065708418,True
C18058,Roseta,21.755556,-104.918056,60,Nayarit,Tepic,12,Río Santiago 6,True,True,0,0.0,False
C18038,Tepic,21.5,-104.883333,935,Nayarit,Tepic,12,Río Santiago 6,True,True,0,0.0,False
C18039,Tepic,21.489167,-104.893056,963,Nayarit,Tepic,12,Río Santiago 6,True,True,2810,0.4808350444900753,False
CALOX,"Calihualá, Oax.",17.532778,-98.278333,1311,Oaxaca,Calihualá,18,Río Tlapaneco,True,True,2760,0.4722792607802875,False
C20018,Coicoyán de Las Flores,17.25,-98.299722,2003,Oaxaca,Coicoyán de las Flores,18,Río Tlapaneco,True,True,0,0.0,False
C20355,Cosoltepec,18.133056,-97.799722,1825,Oaxaca,Cosoltepec,18,Río Mixteco,True,True,0,0.0,False
C20323,C.A.E. La Mixteca Baja,17.766389,-97.75,1819,Oaxaca,Heroica Ciudad de Huajuapan de León,18,Río Mixteco,True,True,0,0.0,False
C20035,Huajuapan de León,17.8,-97.783056,1600,Oaxaca,Heroica Ciudad de Huajuapan de León,18,Río Mixteco,True,True,0,0.0,False
C20275,Huajuapan de León,17.8,-97.766667,1584,Oaxaca,Heroica Ciudad de Huajuapan de León,18,Río Mixteco,True,True,0,0.0,False
C20298,Huajuapan de León,17.8,-97.766667,1635,Oaxaca,Heroica Ciudad de Huajuapan de León,18,Río Mixteco,True,True,1611,0.27566735112936347,False
HDLOX,"Huajuapan de León, Oax.",17.806667,-97.776111,1588,Oaxaca,Heroica Ciudad de Huajuapan de León,18,Río Mixteco,True,True,3081,0.5272073921971252,False
C20207,Magdalena Tetatepec,17.759167,-97.854444,1851,Oaxaca,Heroica Ciudad de Huajuapan de León,18,Río Mixteco,True,True,0,0.0,False
HLOOX,"Observatorio de Huajuapan de León, Oax.",17.806667,-97.776111,1588,Oaxaca,Heroica Ciudad de Huajuapan de León,18,Río Mixteco,True,True,5381,0.9207734428473648,True
FOYOX,"San Francisco Yosocuta, Oax.",17.746389,-97.819167,1549,Oaxaca,Heroica Ciudad de Huajuapan de León,18,Río Mixteco,True,True,2822,0.48288843258042435,False
C20133,Santiago Chilixtlahuaca,17.853056,-97.9,2099,Oaxaca,Heroica Ciudad de Huajuapan de León,18,Río Mixteco,True,True,0,0.0,False
SCHOX,"Santiago Chilixtlahuaca, Oax.",17.905833,-97.895,1664,Oaxaca,Heroica Ciudad de Huajuapan de León,18,Río Mixteco,True,True,2158,0.36926762491444215,False
TLXOX,"Heroica Ciudad de Tlaxiaco, Oax.",17.267222,-97.680278,2064,Oaxaca,Heroica Ciudad de Tlaxiaco,18,Río Mixteco,True,True,1842,0.31519507186858314,False
C20167,Santa María Asunción Tlaxiaco,17.266667,-97.683056,2078,Oaxaca,Heroica Ciudad de Tlaxiaco,18,Río Mixteco,True,True,0,0.0,False
C20168,Santa María Asunción Tlaxiaco,17.266667,-97.683056,2095,Oaxaca,Heroica Ciudad de Tlaxiaco,18,Río Mixteco,True,True,0,0.0,False
TSLOX,"Heroica Villa Tezoatlán de Segura y Luna, Oax.",17.654444,-97.808333,1515,Oaxaca,"Heroica Villa Tezoatlán de Segura y Luna, Cuna de la Independencia de Oaxaca",18,Río Mixteco,True,True,2471,0.4228268309377139,False
C20163,Tezoatlán de Segura Y Luna,17.651944,-97.810833,1527,Oaxaca,"Heroica Villa Tezoatlán de Segura y Luna, Cuna de la Independencia de Oaxaca",18,Río Mixteco,True,True,0,0.0,False
C20315,Yukukimí,17.433056,-97.883056,1968,Oaxaca,"Heroica Villa Tezoatlán de Segura y Luna, Cuna de la Independencia de Oaxaca",18,Río Mixteco,True,True,0,0.0,False
C20067,Mariscala de Juárez,17.858056,-98.140556,1072,Oaxaca,Mariscala de Juárez,18,Río Mixteco,True,True,0,0.0,False
C20103,San Andrés Lagunas,17.573333,-97.5225,2310,Oaxaca,San Andrés Lagunas,18,Río Mixteco,True,True,3875,0.6630732375085557,False
AMTOX,"San Antonino Monte Verde, Oax.",17.533611,-97.720556,2243,Oaxaca,San Antonino Monte Verde,18,Río Mixteco,True,True,2324,0.3976728268309377,False
C20368,San Antonio Monteverde,17.533056,-97.733056,2078,Oaxaca,San Antonino Monte Verde,18,Río Mixteco,True,True,0,0.0,False
C20322,Calihuala,17.516667,-98.266667,1325,Oaxaca,San Francisco Tlapancingo,18,Río Tlapaneco,True,True,0,0.0,False
C20110,San Jorge Nuchita,17.673056,-98.083056,1409,Oaxaca,San Jorge Nuchita,18,Río Mixteco,True,True,0,0.0,False
C20304,Cieneguilla,17.829722,-98.298056,1482,Oaxaca,San Juan Ihualtepec,18,Río Tlapaneco,True,True,0,0.0,False
C20371,Ihualtepec,17.726667,-98.303056,1732,Oaxaca,San Juan Ihualtepec,18,Río Tlapaneco,True,True,0,0.0,False
TEPOX,"San Juan Teposcolula, Oax.",17.550556,-97.424444,2307,Oaxaca,San Juan Teposcolula,18,Río Mixteco,True,True,2568,0.4394250513347023,False
C20108,San Francisco Yosocuta,17.716667,-97.783056,1544,Oaxaca,San Marcos Arteaga,18,Río Mixteco,True,True,0,0.0,False
YOSOX,"Yosocuta, Oax.",17.724444,-97.826111,1410,Oaxaca,San Marcos Arteaga,18,Río Mixteco,True,True,5800,0.9924709103353867,True
C20307,San Martin Itunyoso,17.233056,-97.853056,2475,Oaxaca,San Martín Itunyoso,18,Río Mixteco,True,True,0,0.0,False
SMNOX,"San Martín Itunyoso, Oax.",17.228889,-97.881389,2616,Oaxaca,San Martín Itunyoso,18,Río Mixteco,True,True,1310,0.2241615331964408,False
C20373,San Martin Peras,17.366667,-98.25,2053,Oaxaca,San Martín Peras,18,Río Tlapaneco,True,True,0,0.0,False
C20033,La Expiración,17.816667,-98.066667,1360,Oaxaca,San Martín Zacatepec,18,Río Mixteco,True,True,0,0.0,False
C20306,San Lorenzo Vista Hermosa,17.958056,-98.067778,1527,Oaxaca,San Miguel Amatitlán,18,Río Mixteco,True,True,0,0.0,False
C20310,San Miguel Tlacotepec,17.45,-98.0,1721,Oaxaca,San Miguel Tlacotepec,18,Río Mixteco,True,True,0,0.0,False
SMTOX,"San Miguel Tlacotepec, Oax.",17.45,-98.0,1721,Oaxaca,San Miguel Tlacotepec,18,Río Mixteco,True,True,466,0.07973990417522245,False
C20380,Yosocuno,17.85,-97.583056,2277,Oaxaca,San Pedro Nopala,18,Río Mixteco,True,True,0,0.0,False
C20159,San Pedro Y San Pablo Teposcolula,17.516667,-97.5,2312,Oaxaca,San Pedro y San Pablo Teposcolula,18,Río Mixteco,True,True,0,0.0,False
C20362,Membrillos,18.016667,-97.549722,2604,Oaxaca,Santa Catarina Zapoquila,18,Río Mixteco,True,True,0,0.0,False
C20305,San Juan Nochixtlán,18.1,-97.626667,1916,Oaxaca,Santiago Chazumba,18,Río Mixteco,True,True,0,0.0,False
C20311,San Sebastián Frontera,18.250833,-97.653333,1780,Oaxaca,Santiago Chazumba,18,Río Mixteco,True,True,0,0.0,False
C20248,Santiago Chazumba 2,18.14,-97.733056,1660,Oaxaca,Santiago Chazumba,18,Río Mixteco,True,True,0,0.0,False
C20285,Santiago Chazumba I,18.188611,-97.680278,1716,Oaxaca,Santiago Chazumba,18,Río Mixteco,True,True,0,0.0,False
SNCOX,"Santiago Chazumba, Oax.",18.188611,-97.680278,1700,Oaxaca,Santiago Chazumba,18,Río Mixteco,True,True,2655,0.45431211498973306,False
C20287,Agua Fría,17.216667,-97.983056,1780,Oaxaca,Santiago Juxtlahuaca,18,Río Mixteco,True,True,0,0.0,False
C20115,San Martin Duraznos,17.3,-98.066667,2352,Oaxaca,Santiago Juxtlahuaca,18,Río Mixteco,True,True,0,0.0,False
C20050,Santiago Juxtlahuaca,17.35,-98.016667,1680,Oaxaca,Santiago Juxtlahuaca,18,Río Mixteco,True,True,0,0.0,False
C20146,Santiago Tamazola,17.67,-98.220556,1782,Oaxaca,Santiago Tamazola,18,Río Tlapaneco,True,True,0,0.0,False
C20125,Santa Catarina,17.666667,-97.95,1349,Oaxaca,Santo Domingo Tonalá,18,Río Mixteco,True,True,0,0.0,False
C20376,Santos Reyes Tepejillo,17.413056,-97.933056,1970,Oaxaca,Santos Reyes Tepejillo,18,Río Mixteco,True,True,0,0.0,False
C20502,La Estancia,17.399722,-98.163056,1988,Oaxaca,Silacayoápam,18,Río Mixteco,True,True,0,0.0,False
C20375,Santiago del Rio,17.469722,-98.099722,1628,Oaxaca,Silacayoápam,18,Río Mixteco,True,True,0,0.0,False
C20141,Silacayoapam,17.5,-98.15,1675,Oaxaca,Silacayoápam,18,Río Mixteco,True,True,0,0.0,False
C20142,Silacayoapam,17.5,-98.15,1705,Oaxaca,Silacayoápam,18,Río Mixteco,True,True,0,0.0,False
SLAOX,"Silacayoápam, Oax.",17.501389,-98.1425,1651,Oaxaca,Silacayoápam,18,Río Mixteco,True,True,2543,0.43514715947980837,False
C20270,Teotongo,17.714167,-97.537778,2064,Oaxaca,Teotongo,18,Río Mixteco,True,True,0,0.0,False
CHDOX,"Chilapa de Díaz, Oax.",17.57,-97.616667,1881,Oaxaca,Villa de Chilapa de Díaz,18,Río Mixteco,True,True,448,0.07665982203969883,False
C20028,Santa María Chilapa de Díaz,17.57,-97.616667,1881,Oaxaca,Villa de Chilapa de Díaz,18,Río Mixteco,True,True,0,0.0,False
C20137,Santiago Teotongo,17.716667,-97.549722,2076,Oaxaca,Villa de Tamazulápam del Progreso,18,Río Mixteco,True,True,0,0.0,False
STTOX,"Santiago Teotongo, Oax.",17.726111,-97.536667,2054,Oaxaca,Villa de Tamazulápam del Progreso,18,Río Mixteco,True,True,2904,0.49691991786447637,False
C20147,Tamazulapam del Progreso,17.666667,-97.566667,2125,Oaxaca,Villa de Tamazulápam del Progreso,18,Río Mixteco,True,True,0,0.0,False
C20278,Tamazulapam del Progreso,17.666667,-97.566667,2125,Oaxaca,Villa de Tamazulápam del Progreso,18,Río Mixteco,True,True,0,0.0,False
C20316,Zapotitlán Lagunas,17.7,-98.416667,1540,Oaxaca,Zapotitlán Lagunas,18,Río Tlapaneco,True,True,0,0.0,False
ZALOX,"Zapotitlán Lagunas, Oax.",17.755278,-98.389444,1551,Oaxaca,Zapotitlán Lagunas,18,Río Tlapaneco,True,True,2740,0.46885694729637234,False
C20190,Zapotitlán Palmas,17.888333,-97.817778,1913,Oaxaca,Zapotitlán Palmas,18,Río Mixteco,True,True,0,0.0,False
C20317,Zapotitlán Palmas,17.883056,-97.816667,1454,Oaxaca,Zapotitlán Palmas,18,Río Mixteco,True,True,0,0.0,False
ZAPOX,"Zapotitlán Palmas, Oax.",17.889722,-97.818056,1913,Oaxaca,Zapotitlán Palmas,18,Río Mixteco,True,True,2793,0.4779260780287474,False
C21136,Acajete,19.1125,-97.956111,2479,Puebla,Acajete,18,Río Bajo Atoyac,True,True,4606,0.7881587953456537,False
ACJPB,"Acajete, Pue.",19.0625,-97.934167,2330,Puebla,Acajete,18,Río Bajo Atoyac,True,True,5365,0.9180355920602327,True
C21003,Acatlán de Osorio,18.3,-98.05,1180,Puebla,Acatlán,18,Río Mixteco,True,True,4581,0.7838809034907598,False
C21004,Acatlán de Osorio,18.296667,-98.055556,1427,Puebla,Acatlán,18,Río Mixteco,True,True,0,0.0,False
ADOPB,"Acatlán de Osorio, Pue.",18.277222,-98.055,1270,Puebla,Acatlán,18,Río Mixteco,True,True,5628,0.9630390143737166,True
C21005,Acatzingo de Hidalgo,18.993889,-97.805556,2197,Puebla,Acatzingo,18,Río Bajo Atoyac,True,True,4165,0.7126967830253251,False
C21169,Peñas,18.226389,-98.220556,1173,Puebla,Ahuehuetitla,18,Río Mixteco,True,True,0,0.0,False
C21183,Acaxtlahuacan,18.015278,-98.54,1270,Puebla,Albino Zertuche,18,Río Bajo Atoyac,True,True,0,0.0,False
C21242,Capulac,19.093056,-98.059444,2435,Puebla,Amozoc,18,Río Alto Atoyac,True,True,4607,0.7883299110198494,False
CPLPB,"Capulac, Pue.",19.092778,-98.059444,2430,Puebla,Amozoc,18,Río Alto Atoyac,True,True,5625,0.9625256673511293,True
C21101,Flor del Bosque,19.035278,-98.114722,2225,Puebla,Amozoc,18,Río Alto Atoyac,True,True,1406,0.2405886379192334,False
FLBPB,"Flor del Bosque, Pue.",19.035278,-98.114722,2225,Puebla,Amozoc,18,Río Alto Atoyac,True,True,963,0.16478439425051336,False
C21216,Tepoxtitlan,18.387222,-97.678611,1929,Puebla,Atexcal,18,Río Mixteco,True,True,0,0.0,False
C21012,Atlixco,18.921667,-98.454167,1904,Puebla,Atlixco,18,Río Nexapa,True,True,4580,0.783709787816564,False
ATXPB,"Atlixco, Pue.",18.921111,-98.420833,1855,Puebla,Atlixco,18,Río Nexapa,True,True,5689,0.9734770704996578,True
C21134,Los Molinos,18.942778,-98.396111,1985,Puebla,Atlixco,18,Río Nexapa,True,True,0,0.0,False
C21235,San Isidro Huilotepec,18.883889,-98.380278,1815,Puebla,Atlixco,18,Río Nexapa,True,True,4374,0.7484599589322382,False
C21193,San Pedro Benito Juárez E-1,18.921944,-98.551389,2143,Puebla,Atlixco,18,Río Nexapa,True,True,4159,0.7116700889801506,False
C21015,Axutla,18.170556,-98.388056,921,Puebla,Axutla,18,Río Mixteco,True,True,0,0.0,False
HJTPB,"Huejotzingo, Pue.",19.101111,-98.456111,2260,Puebla,Calpan,18,Río Nexapa,True,True,5780,0.9890485968514716,True
C21167,San Andrés Calpan,19.105556,-98.463611,2317,Puebla,Calpan,18,Río Alto Atoyac,True,True,4227,0.723305954825462,False
C21002,Acatepec,18.227778,-97.578056,2053,Puebla,Caltepec,18,Río Mixteco,True,True,4226,0.7231348391512663,False
C21026,Ciudad Serdán,18.983889,-97.441667,2561,Puebla,Chalchicomula de Sesma,18,Río Libres Oriental,True,True,4607,0.7883299110198494,False
CDSPB,"Ciudad Serdán, Pue.",18.987222,-97.441667,2550,Puebla,Chalchicomula de Sesma,18,Río Libres Oriental,True,True,5806,0.9934976043805612,True
C21072,San Diego Texmelucan,19.019722,-97.450556,2581,Puebla,Chalchicomula de Sesma,18,Río Libres Oriental,True,True,4195,0.7178302532511978,False
C21116,Chiautla de Tapia,18.286667,-98.601111,991,Puebla,Chiautla,18,Río Bajo Atoyac,True,True,0,0.0,False
C21187,San Juan Pilcaya,18.217222,-98.706111,1228,Puebla,Chiautla,18,Río Bajo Atoyac,True,True,0,0.0,False
C21179,Tlacualpican,18.426667,-98.689444,967,Puebla,Chiautla,18,Río Nexapa,True,True,0,0.0,False
C21164,C.A.E. San Juan Tetla,19.215278,-98.502222,3392,Puebla,Chiautzingo,18,Río Alto Atoyac,True,True,0,0.0,False
C21214,San Juan Tetla Siete Norte,19.173889,-98.580556,3393,Puebla,Chiautzingo,18,Río Alto Atoyac,True,True,0,0.0,False
C21024,Chietla,18.526667,-98.582222,1117,Puebla,Chietla,18,Río Nexapa,True,True,4580,0.783709787816564,False
CHIPB,"Chietla, Pue.",18.516111,-98.579167,929,Puebla,Chietla,18,Río Nexapa,True,True,5775,0.9881930184804928,True
C21139,E.T.A. 051 Atencingo,18.502222,-98.617778,1432,Puebla,Chietla,18,Río Nexapa,True,True,0,0.0,False
C21037,El Paredón,19.867778,-98.253333,2620,Puebla,Chignahuapan,26,Tochac-Tecocomulco,True,True,0,0.0,False
C21130,Los Reyes,19.802778,-98.246667,2663,Puebla,Chignahuapan,26,Tochac-Tecocomulco,True,True,0,0.0,False
C21198,Chila de La Sal,18.109444,-98.483333,1059,Puebla,Chila de la Sal,18,Río Bajo Atoyac,True,True,4581,0.7838809034907598,False
C21063,Piaxtla,18.199722,-98.260278,1119,Puebla,Chinantla,18,Río Mixteco,True,True,4581,0.7838809034907598,False
PIXPB,"Piaxtla, Pue.",18.2,-98.264722,1119,Puebla,Chinantla,18,Río Mixteco,True,True,5745,0.9830595482546202,True
COAPB,"Coatzingo, Pue.",18.612778,-98.164722,1210,Puebla,Coatzingo,18,Río Bajo Atoyac,True,True,4944,0.8459958932238193,True
C21230,San Juan Coatzingo,18.604167,-98.170833,1178,Puebla,Coatzingo,18,Río Bajo Atoyac,True,True,4581,0.7838809034907598,False
C21172,Santa María Cohetzala,18.185556,-98.810278,898,Puebla,Cohetzala,18,Río Bajo Atoyac,True,True,0,0.0,False
C21029,Colonia Temextla,19.621944,-97.681111,2476,Puebla,Cuyoaco,18,Río Libres Oriental,True,True,4519,0.7732717316906229,False
C21129,Francisco I. Madero,19.614722,-97.501111,2585,Puebla,Cuyoaco,18,Río Libres Oriental,True,True,4105,0.7024298425735798,False
C21199,Guadalupe,18.085833,-98.158889,1100,Puebla,Guadalupe,18,Río Mixteco,True,True,0,0.0,False
C21038,El Progreso,19.385278,-97.289167,2553,Puebla,Guadalupe Victoria,18,Río Libres Oriental,True,True,4506,0.771047227926078,False
C21040,Guadalupe Buenavista,19.370278,-97.355833,2360,Puebla,Guadalupe Victoria,18,Río Libres Oriental,True,True,4472,0.7652292950034223,False
C21117,Guadalupe Victoria,19.291389,-97.341944,1320,Puebla,Guadalupe Victoria,18,Río Libres Oriental,True,True,4483,0.7671115674195756,False
C21077,San Luis Atexcac,19.346389,-97.456111,2414,Puebla,Guadalupe Victoria,18,Río Libres Oriental,True,True,4380,0.7494866529774127,False
C21123,Huaquechula,18.778611,-98.540833,1624,Puebla,Huaquechula,18,Río Nexapa,True,True,4581,0.7838809034907598,False
HQCPB,"Huaquechula, Pue.",18.772222,-98.540278,1580,Puebla,Huaquechula,18,Río Nexapa,True,True,5719,0.9786105407255304,True
C21124,Huehuetlán El Chico,18.374722,-98.6875,980,Puebla,Huehuetlán el Chico,18,Río Nexapa,True,True,0,0.0,False
C21045,Huehuetlán El Grande,18.748889,-98.169167,1425,Puebla,Huehuetlán el Grande,18,Río Bajo Atoyac,True,True,4221,0.7222792607802875,False
C21046,Huejotzingo,19.161944,-98.406389,2454,Puebla,Huejotzingo,18,Río Alto Atoyac,True,True,4606,0.7881587953456537,False
C21048,Ixcamilpa,18.039722,-98.72,715,Puebla,Ixcamilpa de Guerrero,18,Río Bajo Atoyac,True,True,0,0.0,False
C21049,Izúcar de Matamoros,18.623056,-98.467222,1324,Puebla,Izúcar de Matamoros,18,Río Nexapa,True,True,0,0.0,False
C21132,Izúcar de Matamoros,18.612222,-98.468056,1297,Puebla,Izúcar de Matamoros,18,Río Nexapa,True,True,4581,0.7838809034907598,False
IZMPB,"Izúcar de Matamoros, Pue.",18.610833,-98.466389,1260,Puebla,Izúcar de Matamoros,18,Río Nexapa,True,True,5800,0.9924709103353867,True
C21050,Jolalpan,18.323611,-98.819722,904,Puebla,Jolalpan,18,Río Nexapa,True,True,3799,0.6500684462696783,False
C21217,Teutla,18.295556,-98.815556,1537,Puebla,Jolalpan,18,Río Nexapa,True,True,2767,0.47347707049965776,False
C21145,Guadalupe Victoria,19.3,-97.3,2790,Puebla,Lafragua,18,Río Libres Oriental,True,True,0,0.0,False
C21119,Libres,19.500278,-97.758056,2897,Puebla,Libres,18,Río Libres Oriental,True,True,4517,0.7729295003422314,False
C21184,Libres,19.434722,-97.696389,2423,Puebla,Libres,18,Río Libres Oriental,True,True,0,0.0,False
C21200,Libres,19.463056,-97.686111,3494,Puebla,Libres,18,Río Libres Oriental,True,True,0,0.0,False
LIBPB,"Libres, Pue.",19.457222,-97.691111,2430,Puebla,Libres,18,Río Libres Oriental,True,True,5152,0.8815879534565366,True
C21203,Molcaxac,18.738333,-97.911111,1727,Puebla,Molcaxac,18,Río Bajo Atoyac,True,True,4192,0.7173169062286106,False
SMCPB,"San Miguel Canoa, Pue.",18.735,-97.91,2583,Puebla,Molcaxac,18,Río Bajo Atoyac,True,True,5585,0.9556810403832992,True
C21034,Echeverría,18.955556,-98.275278,2066,Puebla,Ocoyucan,18,Río Alto Atoyac,True,True,4607,0.7883299110198494,False
C21122,Oriental,19.377222,-97.618056,2350,Puebla,Oriental,18,Río Libres Oriental,True,True,0,0.0,False
QUIPB,"Quimixtlán, Pue.",19.25,-97.616667,2070,Puebla,Oriental,18,Río Libres Oriental,True,True,5749,0.9837440109514032,True
C21105,Zacatepec,19.266111,-97.533611,2375,Puebla,Oriental,18,Río Libres Oriental,True,True,0,0.0,False
C21170,La Purísima,18.831111,-97.573333,2437,Puebla,Palmar de Bravo,18,Río Bajo Atoyac,True,True,0,0.0,False
C21060,Palmar de Bravo,18.836944,-97.547222,2414,Puebla,Palmar de Bravo,18,Río Bajo Atoyac,True,True,4018,0.687542778918549,False
C21171,Santa Cruz Monterrosas,18.899722,-97.564722,2272,Puebla,Palmar de Bravo,18,Río Bajo Atoyac,True,True,0,0.0,False
C21052,Alchichica,19.411944,-97.393889,2343,Puebla,Perote,18,Río Libres Oriental,True,True,4607,0.7883299110198494,False
C21175,Santa Ana Tepejillo,18.054722,-97.848611,1450,Puebla,Petlalcingo,18,Río Mixteco,True,True,0,0.0,False
C21166,Anonas,18.02,-98.316111,976,Puebla,Piaxtla,18,Río Mixteco,True,True,0,0.0,False
C21188,Tecuatitlán,18.134722,-98.308889,995,Puebla,Piaxtla,18,Río Mixteco,True,True,0,0.0,False
C21249,Áfricam Zafari,18.938889,-98.135,2390,Puebla,Puebla,18,Río Alto Atoyac,True,True,4601,0.7873032169746749,False
AFRPB,"Áfricam, Pue.",18.9425,-98.135833,2120,Puebla,Puebla,18,Río Alto Atoyac,True,True,5061,0.8660164271047228,True
CNAPB,"Conagua, Pue.",19.022778,-98.198611,2150,Puebla,Puebla,18,Río Alto Atoyac,True,True,5799,0.992299794661191,True
ECHPB,"Echeverría, Pue.",18.966111,-98.275556,2075,Puebla,Puebla,18,Río Alto Atoyac,True,True,5702,0.9757015742642026,True
C21163,El Batan,18.979722,-98.177778,2108,Puebla,Puebla,18,Río Alto Atoyac,True,True,0,0.0,False
BDDPB,"Manuel Ávila Camacho, Pue.",18.9125,-98.108611,2060,Puebla,Puebla,18,Río Bajo Atoyac,True,True,5840,0.999315537303217,True
MAYPB,"Mayorazgo 21 Poniente, Pue.",19.010556,-98.231111,2122,Puebla,Puebla,18,Río Alto Atoyac,True,True,5745,0.9830595482546202,True
C21035,Puebla,19.0125,-98.193056,2122,Puebla,Puebla,18,Río Alto Atoyac,True,True,4607,0.7883299110198494,False
C21065,Puebla,19.05,-98.166667,2179,Puebla,Puebla,18,Río Alto Atoyac,True,True,4607,0.7883299110198494,False
C21248,Puebla (Conagua),19.0125,-98.193056,2145,Puebla,Puebla,18,Río Alto Atoyac,True,True,4606,0.7881587953456537,False
C21071,San Baltazar Tetela,18.904444,-98.170556,2060,Puebla,Puebla,18,Río Alto Atoyac,True,True,0,0.0,False
SCRPB,"San Cristóbal Caleras, Pue.",19.113056,-98.22,2513,Puebla,Puebla,18,Río Alto Atoyac,True,True,5137,0.8790212183436003,True
C21148,San Miguel Canoa,19.132222,-98.077778,2583,Puebla,Puebla,18,Río Alto Atoyac,True,True,4597,0.7866187542778919,False
C21120,Universidad de Puebla,18.995556,-98.201389,2130,Puebla,Puebla,18,Río Alto Atoyac,True,True,0,0.0,False
C21182,Palmarito,18.903333,-97.635556,236,Puebla,Quecholac,18,Río Bajo Atoyac,True,True,0,0.0,False
ACAPB,"Acatepec, Pue.",19.016667,-98.285,0,Puebla,San Andrés Cholula,18,Río Alto Atoyac,True,True,2495,0.42693360711841205,False
C21176,Tonahuixtla,18.185278,-97.919722,1441,Puebla,San Jerónimo Xayacatlán,18,Río Mixteco,True,True,4580,0.783709787816564,False
TONPB,"Tonahuixtla, Pue.",18.199444,-97.884722,1325,Puebla,San Jerónimo Xayacatlán,18,Río Mixteco,True,True,0,0.0,False
C21221,Atenco,19.085278,-97.541389,2233,Puebla,San Juan Atenco,18,Río Libres Oriental,True,True,4266,0.7299794661190965,False
C21081,Santa Cruz Coyotepec,19.023333,-97.566944,2428,Puebla,San Juan Atenco,18,Río Libres Oriental,True,True,4228,0.7234770704996578,False
C21232,San Cristobal Tepatlaxco,19.285833,-98.442222,2289,Puebla,San Martín Texmelucan,18,Río Alto Atoyac,True,True,0,0.0,False
C21078,San Martin Texmelucan Labastida,19.298611,-98.433889,2265,Puebla,San Martín Texmelucan,18,Río Alto Atoyac,True,True,4606,0.7881587953456537,False
SMTPB,"San Martín Texmelucan, Pue.",19.284167,-98.4175,2235,Puebla,San Martín Texmelucan,18,Río Alto Atoyac,True,True,1580,0.270362765229295,False
C21223,Xalitzintla,19.09,-98.531667,2648,Puebla,San Nicolás de los Ranchos,18,Río Nexapa,True,True,4225,0.7229637234770705,False
XLZPB,"Xalitzintla, Pue.",19.089722,-98.531389,2648,Puebla,San Nicolás de los Ranchos,18,Río Nexapa,True,True,8,0.0013689253935660506,False
C21247,Cholula,19.068611,-98.318056,2155,Puebla,San Pedro Cholula,18,Río Alto Atoyac,True,True,4607,0.7883299110198494,False
CHLPB,"Cholula, Pue.",19.068611,-98.318056,2155,Puebla,San Pedro Cholula,18,Río Alto Atoyac,True,True,5806,0.9934976043805612,True
C21178,Tulcingo del Valle,18.033333,-98.016667,1428,Puebla,San Pedro Yeloixtlahuaca,18,Río Mixteco,True,True,0,0.0,False
C21080,San Salvador El Seco,19.133611,-97.6625,2355,Puebla,San Salvador el Seco,18,Río Libres Oriental,True,True,4358,0.7457221081451061,False
C21206,Santa Catarina Tlaltempan,18.616944,-98.085278,1414,Puebla,Santa Catarina Tlaltempan,18,Río Bajo Atoyac,True,True,0,0.0,False
C21165,Ahuatempan,18.415278,-98.016667,1824,Puebla,Santa Inés Ahuatempan,18,Río Mixteco,True,True,3775,0.6459616700889802,False
C21100,Vista Hermosa,19.129722,-97.733333,2442,Puebla,Soltepec,18,Río Libres Oriental,True,True,4258,0.7286105407255304,False
C21007,Ahuatepec,18.869444,-97.919722,2026,Puebla,Tecali de Herrera,18,Río Bajo Atoyac,True,True,4605,0.7879876796714579,False
AHAPB,"Ahuatepec, Pue.",18.854167,-97.920833,2000,Puebla,Tecali de Herrera,18,Río Bajo Atoyac,True,True,3816,0.6529774127310062,False
C21243,Cemex,18.968889,-97.958333,2225,Puebla,Tecali de Herrera,18,Río Bajo Atoyac,True,True,4607,0.7883299110198494,False
CEMPB,"Cemex, Pue.",18.968889,-97.958333,2225,Puebla,Tecali de Herrera,18,Río Bajo Atoyac,True,True,5607,0.9594455852156057,True
C21082,Tecamachalco,18.898333,-97.728056,2229,Puebla,Tecamachalco,18,Río Bajo Atoyac,True,True,4605,0.7879876796714579,False
TECPB,"Tecamachalco, Pue.",18.878889,-97.7525,2030,Puebla,Tecamachalco,18,Río Bajo Atoyac,True,True,5572,0.9534565366187543,True
C21141,C.R.D.F. Benito Juárez,18.333333,-98.266667,977,Puebla,Tehuitzingo,18,Río Bajo Atoyac,True,True,0,0.0,False
C21234,Presa Boqueroncitos,18.308889,-98.214722,2121,Puebla,Tehuitzingo,18,Río Bajo Atoyac,True,True,0,0.0,False
C21205,Santa Cruz Tejalpa,18.375556,-98.363056,1041,Puebla,Tehuitzingo,18,Río Bajo Atoyac,True,True,4242,0.7258726899383984,False
C21231,Teopantlán,18.7125,-98.2625,1418,Puebla,Teopantlán,18,Río Bajo Atoyac,True,True,3714,0.635523613963039,False
C21189,Teotlalco,18.471111,-98.777778,979,Puebla,Teotlalco,18,Río Nexapa,True,True,4546,0.7778918548939083,False
TELPB,"Teotlalco, Pue.",18.451944,-98.777222,1005,Puebla,Teotlalco,18,Río Nexapa,True,True,4771,0.8163928815879534,True
C21086,Tepeaca,18.981111,-97.896944,2249,Puebla,Tepeaca,18,Río Bajo Atoyac,True,True,0,0.0,False
C21177,Tepexco,18.643333,-98.691111,1089,Puebla,Tepexco,18,Río Nexapa,True,True,4119,0.7048254620123203,False
C21087,Tepexi de Rodríguez,18.596111,-97.93,2171,Puebla,Tepexi de Rodríguez,18,Río Bajo Atoyac,True,True,4259,0.7287816563997263,False
TPJPB,"Tepexi de Rodríguez, Pue.",18.584722,-97.933333,1260,Puebla,Tepexi de Rodríguez,18,Río Bajo Atoyac,True,True,2,0.00034223134839151266,False
ACHPB,"Alchichilca, Pue.",19.45,-97.418056,2340,Puebla,Tepeyahualco,18,Río Libres Oriental,True,True,5799,0.992299794661191,True
C21226,Laguna El Salado,19.478333,-97.470833,2321,Puebla,Tepeyahualco,18,Río Libres Oriental,True,True,0,0.0,False
C21244,Tepeyahualco,19.49,-97.494444,2486,Puebla,Tepeyahualco,18,Río Libres Oriental,True,True,4606,0.7881587953456537,False
TPYPB,"Tepeyahualco, Pue.",19.489167,-97.491944,2924,Puebla,Tepeyahualco,18,Río Libres Oriental,True,True,5601,0.9584188911704312,True
C21095,Tlachichuca,19.142222,-97.42,2780,Puebla,Tlachichuca,18,Río Libres Oriental,True,True,0,0.0,False
C21213,San Martinito,19.271944,-98.593056,2964,Puebla,Tlahuapan,18,Río Alto Atoyac,True,True,0,0.0,False
C21096,Santa Rita Tlahuapan,19.346389,-98.581389,2609,Puebla,Tlahuapan,18,Río Alto Atoyac,True,True,4605,0.7879876796714579,False
SRTPB,"Santa Rita Tlahuapan, Pue.",19.330278,-98.582222,2650,Puebla,Tlahuapan,18,Río Alto Atoyac,True,True,4895,0.8376112251882273,True
C21191,Tlahuapan,19.340278,-98.581667,2609,Puebla,Tlahuapan,18,Río Alto Atoyac,True,True,0,0.0,False
C21192,Huilango E-2,18.858056,-98.595,2025,Puebla,Tochimilco,18,Río Nexapa,True,True,4031,0.6897672826830937,False
C21194,Santa Catarina E-28,18.910278,-98.618333,1450,Puebla,Tochimilco,18,Río Nexapa,True,True,0,0.0,False
C21195,Santa Cruz Cuautomatitla E-3,18.901389,-98.555278,2158,Puebla,Tochimilco,18,Río Nexapa,True,True,0,0.0,False
C21196,Tochimilco D-1,18.851111,-98.558611,1953,Puebla,Tochimilco,18,Río Nexapa,True,True,0,0.0,False
C21197,Tochimilco D-2,18.846667,-98.611944,2163,Puebla,Tochimilco,18,Río Nexapa,True,True,4028,0.6892539356605065,False
C21115,San Cristobal Tulcingo,17.979444,-98.384722,1432,Puebla,Tulcingo,18,Río Tlapaneco,True,True,4607,0.7883299110198494,False
C21016,Balcón Diablo,18.8975,-98.132222,2120,Puebla,Tzicatlacoyan,18,Río Alto Atoyac,True,True,4607,0.7883299110198494,False
CHSPB,"Chila de la Sal, Pue.",18.109722,-98.567778,940,Puebla,Xicotlán,18,Río Bajo Atoyac,True,True,5570,0.9531143052703628,True
C22001,Amealco,20.184722,-100.145556,2629,Querétaro,Amealco de Bonfil,26,Río Galindo,True,True,4138,0.7080766598220397,False
AMLQT,"Amealco, Qro.",20.184722,-100.145556,2640,Querétaro,Amealco de Bonfil,26,Río Galindo,True,True,28,0.004791238877481177,False
C22037,El Rincón,20.183333,-100.15,2670,Querétaro,Amealco de Bonfil,26,Río Galindo,True,True,0,0.0,False
C22044,Galindillo,20.280278,-100.110833,2279,Querétaro,Amealco de Bonfil,26,Río Galindo,True,True,0,0.0,False
C22047,Presa El Capulín,20.129167,-100.009722,2746,Querétaro,Amealco de Bonfil,26,Río Ðado,True,True,3530,0.6040383299110198,False
IDFQT,"San Ildefonso, Qro.",20.198611,-99.9625,0,Querétaro,Amealco de Bonfil,26,Río Ðado,True,True,5829,0.9974332648870636,True
C22033,San Pablo,20.128333,-99.996667,2404,Querétaro,Amealco de Bonfil,26,Río Ðado,True,True,2556,0.43737166324435317,False
C22036,Arroyo Seco,21.548333,-99.688611,996,Querétaro,Arroyo Seco,26,Río Santa María 3,True,True,3807,0.6514373716632443,False
C22002,Ayutla,21.365278,-99.590278,791,Querétaro,Arroyo Seco,26,Río Santa María 3,True,True,4106,0.7026009582477755,False
CCOQT,"Cerrito Colorado, Qro.",20.635833,-102.466389,0,Querétaro,Atotonilco el Alto,12,Río Zula,True,True,27,0.004620123203285421,False
C22021,Cadereyta de Montes,20.693333,-99.813333,2044,Querétaro,Cadereyta de Montes,26,Río  San Juan 2,True,True,2403,0.41119096509240244,False
C22003,Campo Experimental Cadereyta,20.705,-99.813889,2040,Querétaro,Cadereyta de Montes,26,Río  San Juan 2,True,True,2858,0.4890485968514716,False
C22005,El Doctor,20.850556,-99.587778,2728,Querétaro,Cadereyta de Montes,26,Río Extoraz,True,True,2433,0.4163244353182752,False
C22054,El Salitre,20.719167,-99.6925,1981,Querétaro,Cadereyta de Montes,26,Río  San Juan 2,True,True,3182,0.5444900752908967,False
C22056,Higuerillas,20.914444,-99.763056,1597,Querétaro,Cadereyta de Montes,26,Río Extoraz,True,True,2737,0.4683436002737851,False
C22071,Mesa de León,20.6825,-99.5625,1900,Querétaro,Cadereyta de Montes,26,Embalse Zimapán,True,True,0,0.0,False
C22069,Pathé,20.598611,-99.701667,1768,Querétaro,Cadereyta de Montes,26,Río  San Juan 2,True,True,0,0.0,False
C22059,San Juan,20.833333,-99.783333,2107,Querétaro,Cadereyta de Montes,26,Río Extoraz,True,True,0,0.0,False
C22035,Vizarrón,20.833889,-99.703611,1994,Querétaro,Cadereyta de Montes,26,Río Extoraz,True,True,2554,0.43702943189596166,False
C22026,Colon,20.785556,-100.045278,1913,Querétaro,Colón,26,Río Tolimán,True,True,3591,0.614476386036961,False
CYTQT,"Coyotillo, Qro.",20.583333,-100.2,0,Querétaro,Colón,12,Río Querétaro,True,True,25,0.004277891854893908,False
C22053,El Gallo,20.668333,-100.046111,2026,Querétaro,Colón,26,Río San Juan 1,True,True,0,0.0,False
C22049,El Zamorano,20.904167,-100.211667,2568,Querétaro,Colón,26,Río Tolimán,True,True,3161,0.5408966461327858,False
C22068,La Soledad,20.853333,-100.061944,1799,Querétaro,Colón,26,Río Tolimán,True,True,2555,0.4372005475701574,False
C22046,Nogales,20.698611,-100.144167,2053,Querétaro,Colón,12,Río Querétaro,True,True,2585,0.4423340177960301,False
CMIQT,"Campo Militar, Qro.",20.513333,-100.38,0,Querétaro,Corregidora,12,Río Querétaro,True,True,33,0.005646817248459959,False
C22004,El Batan,20.504167,-100.424444,1895,Querétaro,Corregidora,12,Río Querétaro,True,True,4383,0.75,False
BATQT,"El Batán, Qro.",20.504167,-100.412222,1881,Querétaro,Corregidora,12,Río Querétaro,True,True,5342,0.9140999315537304,True
C22006,El Pueblito,20.521944,-100.448056,1840,Querétaro,Corregidora,12,Río Querétaro,True,True,4047,0.6925051334702259,False
EPUQT,"El Pueblito, Qro.",20.535,-100.453333,1826,Querétaro,Corregidora,12,Río Querétaro,True,True,5104,0.8733744010951403,True
C22014,Rancho Vanegas,20.573056,-100.437778,1804,Querétaro,Corregidora,12,Río Querétaro,True,True,0,0.0,False
C22018,Villa Corregidora,20.533333,-100.433333,1816,Querétaro,Corregidora,12,Río Querétaro,True,True,0,0.0,False
C22043,Coyotillos,20.599167,-100.209722,1910,Querétaro,El Marqués,12,Río Querétaro,True,True,0,0.0,False
MARQT,"El Marqués, Qro.",20.62,-100.23,1850,Querétaro,El Marqués,12,Río Querétaro,True,True,4474,0.7655715263518138,False
C22070,Plantel 7,20.605556,-100.343611,1850,Querétaro,El Marqués,12,Río Querétaro,True,True,3954,0.6765913757700205,False
C22052,Ezequiel Montes,20.663889,-99.893611,1981,Querétaro,Ezequiel Montes,26,Río San Juan 1,True,True,0,0.0,False
C22034,Villa Bernal,20.741667,-99.941667,2061,Querétaro,Ezequiel Montes,26,Río San Juan 1,True,True,2101,0.35951403148528405,False
C22050,Ceja de Bravo,20.3825,-100.387222,2181,Querétaro,Huimilpan,12,Río Querétaro,True,True,3529,0.6038672142368241,False
C22029,Huimilpan,20.383889,-100.280556,2271,Querétaro,Huimilpan,12,Río Querétaro,True,True,3532,0.6043805612594113,False
TDMQT,"ITESM Campus Qro., Qro.",20.5,-100.283333,0,Querétaro,Huimilpan,12,Río Querétaro,True,True,26,0.004449007529089665,False
C22058,Santa Teresa,20.491944,-100.303333,2092,Querétaro,Huimilpan,12,Río Querétaro,True,True,2556,0.43737166324435317,False
C22007,Jalpan,21.216667,-99.466667,760,Querétaro,Jalpan de Serra,26,Río Santa María 3,True,True,3653,0.6250855578370978,False
C22008,Jalpan,21.221389,-99.4775,760,Querétaro,Jalpan de Serra,26,Río Santa María 3,True,True,0,0.0,False
JLPQT,"Jalpan, Qro.",21.230278,-99.479722,760,Querétaro,Jalpan de Serra,26,Río Santa María 3,True,True,5060,0.865845311430527,True
C22019,La Lagunita,21.242222,-99.260278,1087,Querétaro,Landa de Matamoros,26,Río Santa María 3,True,True,4100,0.7015742642026009,False
C22010,Matzacintla,21.168333,-99.343333,1145,Querétaro,Landa de Matamoros,26,Río Moctezuma 1,True,True,0,0.0,False
C22024,Tres Lagunas,21.325278,-99.204167,1610,Querétaro,Landa de Matamoros,26,Río Santa María 3,True,True,2282,0.39048596851471595,False
C22040,E.T.A. 210 Pedro Escobedo,20.492778,-100.130556,1915,Querétaro,Pedro Escobedo,26,Río San Juan 1,True,True,0,0.0,False
C22009,La Palma,20.516667,-100.183333,1910,Querétaro,Pedro Escobedo,26,Río San Juan 1,True,True,0,0.0,False
PLMQT,"La Palma, Qro.",20.516389,-100.163333,1962,Querétaro,Pedro Escobedo,26,Río San Juan 1,True,True,26,0.004449007529089665,False
C22067,La Venta,20.486111,-100.1875,1906,Querétaro,Pedro Escobedo,26,Río San Juan 1,True,True,2340,0.4004106776180698,False
VNTQT,"La Venta, Qro.",20.498611,-100.190556,0,Querétaro,Pedro Escobedo,26,Río San Juan 1,True,True,632,0.108145106091718,False
C22011,Pedro Escobedo,20.5,-100.133333,1908,Querétaro,Pedro Escobedo,26,Río San Juan 1,True,True,0,0.0,False
C22051,El Comedero,21.148333,-99.778889,1749,Querétaro,Peñamiller,26,Río Extoraz,True,True,2553,0.4368583162217659,False
C22062,Guillen,21.04,-99.862778,1370,Querétaro,Peñamiller,26,Río Extoraz,True,True,2557,0.4375427789185489,False
C22012,Peñamiller,21.055,-99.814444,1328,Querétaro,Peñamiller,26,Río Extoraz,True,True,0,0.0,False
C22057,Peñamiller,21.05,-99.8,1341,Querétaro,Peñamiller,26,Río Extoraz,True,True,3280,0.5612594113620808,False
PMLQT,"Peñamiller, Qro.",21.055833,-99.815,1325,Querétaro,Peñamiller,26,Río Extoraz,True,True,4817,0.8242642026009582,True
C22064,Pinal de Amoles,21.135278,-99.6275,2355,Querétaro,Pinal de Amoles,26,Río Santa María 3,True,True,3160,0.54072553045859,False
CARQT,"Carrillo, Qro.",20.604167,-100.435556,1806,Querétaro,Querétaro,12,Río Querétaro,True,True,4765,0.8153661875427789,True
C22061,Conafrut Los Cues,20.783333,-100.516667,2328,Querétaro,Querétaro,12,Río Querétaro,True,True,0,0.0,False
C22027,E.T.A. 128 Carrillo,20.6,-100.433333,1806,Querétaro,Querétaro,12,Río Querétaro,True,True,4352,0.7446954140999316,False
GHQQT,"Gerencia Hidalgo, Qro.",20.566667,-100.366667,0,Querétaro,Querétaro,12,Río Querétaro,True,True,5098,0.8723477070499658,True
C22045,Juriquilla,20.704444,-100.459444,1885,Querétaro,Querétaro,12,Río Querétaro,True,True,3407,0.5829911019849419,False
JRQQT,"Juriquilla, Qro.",20.7,-100.45,1885,Querétaro,Querétaro,12,Río Querétaro,True,True,5041,0.8625941136208076,True
C22041,La Joya,20.814722,-100.55,2375,Querétaro,Querétaro,12,Río La Laja 2,True,True,3559,0.6090006844626967,False
OBSQT,"Observatorio de Querétaro, Qro.",20.566667,-100.366667,1861,Querétaro,Querétaro,12,Río Querétaro,True,True,5146,0.8805612594113621,True
C22013,Querétaro,20.583333,-100.4,1861,Querétaro,Querétaro,12,Río Querétaro,True,True,2583,0.4419917864476386,False
C22063,Querétaro,20.570278,-100.369722,1871,Querétaro,Querétaro,12,Río Querétaro,True,True,4170,0.7135523613963038,False
C22072,Universidad de Querétaro,20.626389,-100.359167,1979,Querétaro,Querétaro,12,Río Querétaro,False,False,0,0.0,False
C22016,San Joaquín,20.916111,-99.565,2417,Querétaro,San Joaquín,26,Río Extoraz,True,True,2554,0.43702943189596166,False
CNSQT,"Constitución de 1917, Qro.",20.418611,-100.080278,1295,Querétaro,San Juan del Río,26,Río Galindo,True,True,5829,0.9974332648870636,True
C22028,Galindo,20.393056,-100.094167,1937,Querétaro,San Juan del Río,26,Río Galindo,True,True,2708,0.46338124572210815,False
C22042,La Llave,20.464167,-99.991389,1894,Querétaro,San Juan del Río,26,Río San Juan 1,True,True,1399,0.2393908281998631,False
LLAQT,"La Llave, Qro.",20.461944,-99.994722,0,Querétaro,San Juan del Río,26,Río San Juan 1,True,True,617,0.10557837097878166,False
C22030,Palmillas,20.333611,-99.940556,1944,Querétaro,San Juan del Río,26,Río San Juan 1,True,True,0,0.0,False
C22032,Presa Constitución,20.418889,-100.072222,1925,Querétaro,San Juan del Río,26,Río San Juan 1,True,True,0,0.0,False
SJSQT,"San José, Qro.",20.3625,-100.0,1900,Querétaro,San Juan del Río,26,Río San Juan 1,True,True,5820,0.9958932238193019,True
C22015,San Juan del Rio,20.383333,-100.0,1914,Querétaro,San Juan del Río,26,Río San Juan 1,True,True,0,0.0,False
C22022,San Juan del Rio,20.374167,-99.998333,1933,Querétaro,San Juan del Río,26,Río San Juan 1,True,True,3987,0.6822381930184805,False
SJRQT,"San Juan del Río, Qro.",20.376389,-99.997778,1945,Querétaro,San Juan del Río,26,Río San Juan 1,True,True,21,0.003593429158110883,False
CNTQT,"El Centenario, Qro.",20.513333,-99.897778,1820,Querétaro,Tequisquiapan,26,Río San Juan 1,True,True,491,0.08401779603011636,False
C22025,Presa Centenario,20.513056,-99.9,1889,Querétaro,Tequisquiapan,26,Río San Juan 1,True,True,2556,0.43737166324435317,False
C22031,Presa Paso de Tablas,20.543611,-99.839167,1903,Querétaro,Tequisquiapan,26,Río San Juan 1,True,True,2020,0.3456536618754278,False
C22038,E.T.A. 317 Tolimán,20.908611,-99.928889,1574,Querétaro,Tolimán,26,Río Tolimán,True,True,0,0.0,False
C22017,Tolimán,20.857222,-99.899722,1720,Querétaro,Tolimán,26,Río Tolimán,True,True,3744,0.6406570841889117,False
C24047,Ojo de Agua,22.133889,-99.54,1379,San Luis Potosí,Alaquines,26,Río Gallinas,True,True,2220,0.3798767967145791,False
C24003,Aquismon,21.627778,-99.015833,33,San Luis Potosí,Aquismón,26,Río Coy 1,True,True,4564,0.7809719370294319,False
AQMSL,"Aquismón, S.L.P.",21.627778,-99.015833,220,San Luis Potosí,Aquismón,26,Río Coy 1,True,True,0,0.0,False
C24031,Gallinas,21.905,-99.248611,314,San Luis Potosí,Aquismón,26,Río Tampaón 1,True,True,4494,0.768993839835729,False
GANSL,"Gallinas, S.L.P.",21.906944,-99.239444,280,San Luis Potosí,Aquismón,26,Río Tampaón 1,True,True,5761,0.9857973990417522,True
LCRSL,"La Calera, S.L.P.",21.7,-99.1,0,San Luis Potosí,Aquismón,26,Río Tampaón 1,True,True,12,0.002053388090349076,False
SMGSL,"San Miguel, S.L.P.",21.8,-99.0,0,San Luis Potosí,Aquismón,26,Río Tampaón 1,True,True,13,0.0022245037645448325,False
C24072,Santa Cruz,21.701667,-99.041667,58,San Luis Potosí,Aquismón,26,Río Coy 1,True,True,4563,0.7808008213552361,False
C24082,Tamapatz,21.6125,-99.116667,1071,San Luis Potosí,Aquismón,26,Río Huichihuayán,True,True,4535,0.776009582477755,False
C24004,Armadillo de Los Infante,22.245,-100.655278,1628,San Luis Potosí,Armadillo de los Infante,26,Río Verde 1,True,True,2858,0.4890485968514716,False
C24026,Requetemú,21.418056,-98.883333,88,San Luis Potosí,Axtla de Terrazas,26,Río Huichihuayán,True,True,3194,0.5465434633812457,False
RQTSL,"Requetemu, S.L.P.",21.425,-98.888611,82,San Luis Potosí,Axtla de Terrazas,26,Río Huichihuayán,True,True,5376,0.919917864476386,True
C24084,Tancuilín,21.391667,-98.875,92,San Luis Potosí,Axtla de Terrazas,26,Río Huichihuayán,True,True,4452,0.7618069815195072,False
VTZSL,"Villa Terrazas, S.L.P.",21.4,-98.9,2000,San Luis Potosí,Axtla de Terrazas,26,Río Huichihuayán,True,True,13,0.0022245037645448325,False
C24006,Cardenas,22.004167,-99.646389,1215,San Luis Potosí,Cárdenas,26,Río Verde 3,True,True,3465,0.5929158110882957,False
C24115,Cardenas,21.996667,-99.643889,1208,San Luis Potosí,Cárdenas,26,Río Verde 3,True,True,0,0.0,False
CRDSL,"Cárdenas, S.L.P.",21.997222,-99.643333,1210,San Luis Potosí,Cárdenas,26,Río Verde 3,True,True,8,0.0013689253935660506,False
C24008,Cerritos,22.431944,-100.280833,1149,San Luis Potosí,Cerritos,26,Río Verde 2,True,True,3072,0.5256673511293635,False
CTSSL,"Cerritos, S.L.P.",22.431667,-100.283056,1153,San Luis Potosí,Cerritos,26,Río Verde 2,True,True,4777,0.817419575633128,True
C24195,Las Tablas,22.256111,-99.863056,1030,San Luis Potosí,Ciudad del Maíz,26,Río Verde 3,True,True,2675,0.4577344284736482,False
C24049,Papagayos,22.372222,-99.455,1000,San Luis Potosí,Ciudad del Maíz,26,Río El Salto,True,True,3923,0.671286789869952,False
C24174,Puerto de Lobos,22.485278,-99.562778,1325,San Luis Potosí,Ciudad del Maíz,26,Río El Salto,True,True,2616,0.44763860369609854,False
C24068,San Juan del Meco,22.619444,-99.620556,1149,San Luis Potosí,Ciudad del Maíz,26,Río El Salto,True,True,4321,0.7393908281998631,False
C24029,E.T.A. 131 Ciudad Fernandez,21.95,-100.016667,0,San Luis Potosí,Ciudad Fernández,26,Río Verde 2,True,True,0,0.0,False
BLMSL,"Ballesmi, S.L.P.",21.748889,-98.955833,44,San Luis Potosí,Ciudad Valles,26,Río Coy 1,True,True,5768,0.9869952087611226,True
C24156,Buenavista,22.352222,-99.038611,236,San Luis Potosí,Ciudad Valles,26,Río Valles,True,True,3406,0.582819986310746,False
C24012,Ciudad Valles,21.973611,-99.001389,87,San Luis Potosí,Ciudad Valles,26,Río Tampaón 1,True,True,4501,0.7701916495550992,False
CDVSL,"Ciudad Valles, S.L.P.",21.983333,-99.016667,95,San Luis Potosí,Ciudad Valles,26,Río Tampaón 1,True,True,5127,0.8773100616016427,True
C24025,El Pujal,21.841667,-98.925,41,San Luis Potosí,Ciudad Valles,26,Río Tampaón 2,True,True,3953,0.6764202600958248,False
PUJSL,"El Pujal, S.L.P.",21.847222,-98.939722,43,San Luis Potosí,Ciudad Valles,26,Río Tampaón 1,True,True,5652,0.9671457905544147,True
C24028,El Tigre,22.246944,-99.120833,154,San Luis Potosí,Ciudad Valles,26,Río Valles,True,True,4502,0.770362765229295,False
LUNSL,"La Unión, S.L.P.",22.1,-98.9,0,San Luis Potosí,Ciudad Valles,26,Río Tampaón 1,True,True,0,0.0,False
C24123,Las Garzas,22.027778,-99.046389,83,San Luis Potosí,Ciudad Valles,26,Río Valles,True,True,0,0.0,False
C24037,Las Moritas,21.785,-98.917778,55,San Luis Potosí,Ciudad Valles,26,Río Coy 2,True,True,4383,0.75,False
C24043,Micos,22.118056,-99.166667,235,San Luis Potosí,Ciudad Valles,26,Río Valles,True,True,4590,0.7854209445585215,False
MICSL,"Micos, S.L.P.",22.12,-99.159444,310,San Luis Potosí,Ciudad Valles,26,Río Valles,True,True,5451,0.9327515400410678,True
C24056,Ponciano Arriaga,22.213611,-98.985,304,San Luis Potosí,Ciudad Valles,26,Río Valles,True,True,4512,0.7720739219712526,False
C24080,S.L.C.A. Ponciano Arriaga,22.016667,-98.966667,180,San Luis Potosí,Ciudad Valles,26,Río Tampaón 1,True,True,0,0.0,False
C24064,San Dieguito,22.011944,-99.216389,346,San Luis Potosí,Ciudad Valles,26,Río Tampaón 1,True,True,3986,0.6820670773442847,False
C24065,San Felipe,21.982222,-98.931944,164,San Luis Potosí,Ciudad Valles,26,Río Tampaón 1,True,True,4534,0.7758384668035592,False
C24076,Santa Rosa,22.006389,-99.054444,81,San Luis Potosí,Ciudad Valles,26,Río Tampaón 1,True,True,4385,0.7503422313483915,False
STRSL,"Santa Rosa, S.L.P.",22.02,-99.055833,96,San Luis Potosí,Ciudad Valles,26,Río Valles,True,True,5417,0.926933607118412,True
C24079,Santiaguillo,21.817778,-98.945,90,San Luis Potosí,Ciudad Valles,26,Río Tampaón 1,True,True,4473,0.7654004106776181,False
TCCSL,"Tanchachín, S.L.P.",21.8,-99.1,0,San Luis Potosí,Ciudad Valles,26,Río Tampaón 1,True,True,26,0.004449007529089665,False
C24088,Tantizohuiche,21.805833,-98.991667,43,San Luis Potosí,Ciudad Valles,26,Río Tampaón 1,True,True,4563,0.7808008213552361,False
VATSL,"Valle Alto, S.L.P.",22.0,-99.0,0,San Luis Potosí,Ciudad Valles,26,Río Tampaón 1,True,True,12,0.002053388090349076,False
EBNSL,"Campamento Ébano, S.L.P.",22.210278,-98.390556,55,San Luis Potosí,Ebano,26,Río Pánuco 1,True,True,12,0.002053388090349076,False
C24015,Ébano,22.210278,-98.390556,55,San Luis Potosí,Ebano,26,Río Pánuco 1,True,True,4390,0.7511978097193703,False
C24108,El Tulillo,22.23,-98.412222,0,San Luis Potosí,Ebano,26,Río Pánuco 1,True,True,2767,0.47347707049965776,False
C24104,Vichinchijol,22.003611,-98.460556,24,San Luis Potosí,Ebano,26,Río Pánuco 1,True,True,0,0.0,False
C24016,Abritas,22.493333,-99.428889,987,San Luis Potosí,El Naranjo,26,Río El Salto,True,True,4501,0.7701916495550992,False
C24132,E.T.A. 055 El Naranjo,22.533333,-99.333333,1168,San Luis Potosí,El Naranjo,26,Río El Salto,True,True,2246,0.38432580424366874,False
C24199,El Estribo,22.43,-99.306667,256,San Luis Potosí,El Naranjo,26,Río El Salto,True,True,3375,0.5775154004106776,False
C24023,El Naranjo,22.518056,-99.330556,285,San Luis Potosí,El Naranjo,26,Río El Salto,True,True,0,0.0,False
C24027,El Salto,22.583611,-99.436667,558,San Luis Potosí,El Naranjo,26,Río El Salto,True,True,3194,0.5465434633812457,False
C24039,Maitínez,22.372222,-99.2875,287,San Luis Potosí,El Naranjo,26,Río El Salto,True,True,4258,0.7286105407255304,False
NRJSL,"Naranjos, S.L.P.",22.523333,-99.32,330,San Luis Potosí,El Naranjo,26,Río El Salto,True,True,5475,0.936858316221766,True
C24032,Guadalcazar,22.6175,-100.398056,1655,San Luis Potosí,Guadalcázar,26,Río Verde 2,True,True,2252,0.38535249828884327,False
GDLSL,"Guadalcázar, S.L.P.",22.6175,-100.398056,1673,San Luis Potosí,Guadalcázar,26,Río Verde 2,True,True,0,0.0,False
C24186,Huichihuayan,21.471667,-98.971667,91,San Luis Potosí,Huehuetlán,26,Río Huichihuayán,True,True,3406,0.582819986310746,False
TZBSL,"Tanzabaca, S.L.P.",21.663889,-99.213333,196,San Luis Potosí,Jalpan de Serra,26,Río Santa María 3,True,True,40,0.006844626967830253,False
C24035,Lagunillas,21.586111,-99.566667,924,San Luis Potosí,Lagunillas,26,Río Santa María 3,True,True,2677,0.4580766598220397,False
C24167,Matlapa,21.326667,-98.838889,442,San Luis Potosí,Matlapa,26,Río Tancuilín,True,True,3086,0.528062970568104,False
MTPSL,"Observatorio de Matlapa, S.L.P.",21.333333,-98.8,133,San Luis Potosí,Matlapa,26,Río Moctezuma 3,True,True,5559,0.9512320328542094,True
C24060,Rayón,21.841944,-99.640833,972,San Luis Potosí,Rayón,26,Río Verde 3,True,True,2976,0.5092402464065708,False
C24170,El Charco,22.016667,-100.331667,1220,San Luis Potosí,Rioverde,26,Río Verde 1,True,True,2646,0.4527720739219713,False
C24030,Faro Gallinas,22.024722,-100.204444,1069,San Luis Potosí,Rioverde,26,Río Verde 1,True,True,0,0.0,False
C24171,Huizachal,21.770833,-99.914722,951,San Luis Potosí,Rioverde,26,Río Verde 3,True,True,2613,0.4471252566735113,False
C24172,Manantial de Media Luna,21.863611,-100.028056,1006,San Luis Potosí,Rioverde,26,Río Verde 2,True,True,3407,0.5829911019849419,False
C24045,Nogal Oscuro,22.025833,-100.177778,1135,San Luis Potosí,Rioverde,26,Río Verde 1,True,True,3316,0.567419575633128,False
RVDSL,"Observatorio de Río Verde, S.L.P.",21.931389,-99.995,987,San Luis Potosí,Rioverde,26,Río Verde 2,True,True,5587,0.9560232717316907,True
C24110,Ojo de Agua Seco,21.859722,-100.076389,1063,San Luis Potosí,Rioverde,26,Río Verde 2,True,True,3560,0.6091718001368925,False
C24050,Paredes,21.708333,-100.009722,1059,San Luis Potosí,Rioverde,26,Río Verde 3,True,True,973,0.1664955509924709,False
C24051,Paso de San Antonio,22.016944,-100.375,1240,San Luis Potosí,Rioverde,26,Río Verde 1,True,True,3226,0.55201916495551,False
C24052,Pastora,22.132778,-100.057778,1018,San Luis Potosí,Rioverde,26,Río Verde 2,True,True,3189,0.545687885010267,False
C24129,Prom.Agrop. 023 La Brigada,21.973889,-99.9825,994,San Luis Potosí,Rioverde,26,Río Verde 2,True,True,0,0.0,False
C24062,Ríoverde,21.921389,-99.996389,992,San Luis Potosí,Rioverde,26,Río Verde 2,True,True,2709,0.4635523613963039,False
C24114,Ríoverde,21.954722,-99.996389,991,San Luis Potosí,Rioverde,26,Río Verde 2,True,True,3905,0.6682067077344285,False
C24066,San Francisco,22.075556,-99.865278,1013,San Luis Potosí,Rioverde,26,Río Verde 2,True,True,2708,0.46338124572210815,False
C24193,San José de Tapanco,21.768056,-99.906944,907,San Luis Potosí,Rioverde,26,Río Verde 3,True,True,2891,0.49469541409993156,False
C24097,Vigas,21.809444,-99.854444,995,San Luis Potosí,Rioverde,26,Río Verde 3,True,True,2635,0.4508898015058179,False
C24054,Pedro Montoya,21.651111,-99.830556,920,San Luis Potosí,San Ciro de Acosta,26,Río Verde 3,True,True,3194,0.5465434633812457,False
PMYSL,"Pedro Montoya, S.L.P.",21.651111,-99.830556,830,San Luis Potosí,San Ciro de Acosta,26,Río Verde 3,True,True,5250,0.8983572895277208,True
C24053,Ciudad Santos,21.504167,-98.564722,94,San Luis Potosí,San Martín Chalchicuautla,26,Río Moctezuma 3,True,True,4222,0.7224503764544832,False
C24009,San Martin Chalchicuautla,21.372778,-98.655278,212,San Luis Potosí,San Martín Chalchicuautla,26,Río San Pedro,True,True,4319,0.7390485968514716,False
SMASL,"San Martín, S.L.P.",21.366667,-98.65,1877,San Luis Potosí,San Martín Chalchicuautla,26,Río San Pedro,True,True,12,0.002053388090349076,False
C24200,Tepemiche,21.491667,-98.649167,94,San Luis Potosí,San Martín Chalchicuautla,26,Río Moctezuma 3,True,True,2432,0.4161533196440794,False
C24201,Golondrinas,22.159167,-100.401944,1172,San Luis Potosí,San Nicolás Tolentino,26,Río Verde 1,True,True,717,0.12268993839835729,False
C24071,San Nicolás Tolentino,22.247778,-100.553056,1460,San Luis Potosí,San Nicolás Tolentino,26,Río Verde 1,True,True,3133,0.5361054072553045,False
C24177,Santa Catarina,22.053056,-100.458889,1233,San Luis Potosí,San Nicolás Tolentino,26,Río Verde 1,True,True,2493,0.42659137577002054,False
C24141,E.T.A. 214 San Vicente Tancuayalab,21.8,-98.6,30,San Luis Potosí,San Vicente Tancuayalab,26,Río Moctezuma 5,True,True,0,0.0,False
C24020,El Fiscal,21.87,-98.683333,70,San Luis Potosí,San Vicente Tancuayalab,26,Río Moctezuma 5,True,True,4595,0.7862765229295003,False
C24113,San Vicente,21.689167,-98.609167,45,San Luis Potosí,San Vicente Tancuayalab,26,Río Moctezuma 3,True,True,3294,0.5636550308008214,False
C24063,San Antonio de Guayabos,21.689167,-99.471667,439,San Luis Potosí,Santa Catarina,26,Río Verde 3,True,True,2648,0.4531143052703628,False
C24086,Tanlacut,21.675,-99.291667,489,San Luis Potosí,Santa Catarina,26,Río Verde 3,True,True,30,0.00513347022587269,False
TANSL,"Tanlacut, S.L.P.",21.683333,-99.316667,100,San Luis Potosí,Santa Catarina,26,Río Verde 3,True,True,12,0.002053388090349076,False
C24136,Tanlú,21.633333,-99.258333,386,San Luis Potosí,Santa Catarina,26,Río Santa María 3,True,True,2647,0.45294318959616703,False
C24134,E.T.A. 156 Santa María del Rio,21.8,-100.733333,1875,San Luis Potosí,Santa María del Río,26,Río Santa María 1,True,True,0,0.0,False
C24046,Ojo Caliente,21.849722,-100.762222,1759,San Luis Potosí,Santa María del Río,26,Arroyo Altamira,True,True,3524,0.6030116358658453,False
OCTSL,"Ojo Caliente, S.L.P.",21.849722,-100.762222,1790,San Luis Potosí,Santa María del Río,26,Arroyo Altamira,True,True,5710,0.9770704996577686,True
C24067,San José Alburquerque,21.845,-100.486667,1860,San Luis Potosí,Santa María del Río,26,Río Santa María 1,True,True,2189,0.3745722108145106,False
C24075,Santa María del Rio,21.7975,-100.736111,1722,San Luis Potosí,Santa María del Río,26,Río Santa María 1,True,True,3114,0.5328542094455853,False
C24112,Santa María del Rio,21.8,-100.733333,1718,San Luis Potosí,Santa María del Río,26,Río Santa María 1,True,True,0,0.0,False
SMRSL,"Santa María del Río, S.L.P.",21.8,-100.733333,2001,San Luis Potosí,Santa María del Río,26,Río Santa María 1,True,True,24,0.004106776180698152,False
C24001,Agua Buena,21.8525,-99.379722,777,San Luis Potosí,Tamasopo,26,Río Tamasopo 2,True,True,2477,0.4238535249828884,False
C24117,Agua Buena,21.95,-99.4,1220,San Luis Potosí,Tamasopo,26,Río Tamasopo 2,True,True,0,0.0,False
C24014,Damián Carmona,22.11,-99.286667,491,San Luis Potosí,Tamasopo,26,Río Gallinas,True,True,2984,0.5106091718001369,False
C24090,Tanzabaca,21.660278,-99.219444,650,San Luis Potosí,Tamasopo,26,Río Santa María 3,True,True,0,0.0,False
C24137,Veinte de Noviembre,21.76,-99.27,276,San Luis Potosí,Tamasopo,26,Río Santa María 3,True,True,2828,0.4839151266255989,False
C24122,Chapuluacanito,21.220278,-98.674444,132,San Luis Potosí,Tamazunchale,26,Río San Pedro,True,True,3222,0.5513347022587269,False
C24138,Tamazunchale,21.297222,-98.788333,318,San Luis Potosí,Tamazunchale,26,Río Moctezuma 3,True,True,0,0.0,False
C24091,Temamatla,21.241111,-98.758889,187,San Luis Potosí,Tamazunchale,26,Río Moctezuma 3,True,True,3627,0.6206365503080082,False
TMTSL,"Temamatla, S.L.P.",21.241111,-98.758889,125,San Luis Potosí,Tamazunchale,26,Río Moctezuma 3,True,True,5077,0.8687542778918549,True
C24092,Tierra Blanca,21.225,-98.891667,398,San Luis Potosí,Tamazunchale,26,Río Moctezuma 3,True,True,4002,0.6848049281314168,False
TBLSL,"Tierra Blanca, S.L.P.",21.246667,-98.857222,155,San Luis Potosí,Tamazunchale,26,Río Moctezuma 3,True,True,5437,0.9303559206023272,True
C24182,Tampamolón,21.560833,-98.819167,91,San Luis Potosí,Tampamolón Corona,26,Río Moctezuma 3,True,True,3218,0.5506502395619439,False
TMOSL,"Tampamolón, S.L.P.",21.55,-98.816667,91,San Luis Potosí,Tampamolón Corona,26,Río Moctezuma 3,True,True,2268,0.38809034907597534,False
C24018,El Choy,21.966667,-98.866667,37,San Luis Potosí,Tamuín,26,Río Tampaón 2,True,True,0,0.0,False
C24017,El Coco,22.125833,-98.73,59,San Luis Potosí,Tamuín,26,Río Moctezuma 5,True,True,4558,0.7799452429842574,False
C24107,El Peñón,22.321944,-98.87,108,San Luis Potosí,Tamuín,26,Río Tantoán,True,True,3195,0.5467145790554415,False
C24036,Las Adjuntas,21.975,-98.566667,18,San Luis Potosí,Tamuín,26,Río Moctezuma 5,True,True,4562,0.7806297056810404,False
AJTSL,"Las Adjuntas, S.L.P.",21.972222,-98.558333,18,San Luis Potosí,Tamuín,26,Río Moctezuma 5,True,True,5536,0.947296372347707,True
TMISL,"Observatorio de Tamuín, S.L.P.",22.003611,-98.773333,22,San Luis Potosí,Tamuín,26,Río Tampaón 2,True,True,5714,0.9777549623545517,True
C24124,San José de Limón,22.021944,-98.636389,25,San Luis Potosí,Tamuín,26,Río Moctezuma 5,True,True,0,0.0,False
LIMSL,"San José de Limón, S.L.P.",22.021944,-98.636389,25,San Luis Potosí,Tamuín,26,Río Moctezuma 5,True,True,0,0.0,False
C24149,Santa Elena,21.890278,-98.854167,33,San Luis Potosí,Tamuín,26,Río Tampaón 2,True,True,1329,0.22741273100616016,False
C24139,Tamuín,22.076944,-98.811944,48,San Luis Potosí,Tamuín,26,Río Moctezuma 5,True,True,2069,0.35403832991101986,False
C24140,Tamuín,22.016667,-98.783611,29,San Luis Potosí,Tamuín,26,Río Choy,True,True,1824,0.31211498973305957,False
C24095,Velazco,22.183333,-98.561111,47,San Luis Potosí,Tamuín,26,Río Pánuco 1,True,True,4564,0.7809719370294319,False
C24002,Altamira,21.666667,-98.973333,60,San Luis Potosí,Tancanhuitz,26,Río Coy 2,True,True,4473,0.7654004106776181,False
C24005,Ballesmi,21.734722,-98.95,45,San Luis Potosí,Tanlajás,26,Río Coy 2,True,True,4561,0.7804585900068446,False
C24133,La Gloria,21.835833,-98.816667,33,San Luis Potosí,Tanlajás,26,Río Coy 2,True,True,3192,0.5462012320328542,False
C24087,Tanlajas,21.666667,-98.884444,124,San Luis Potosí,Tanlajás,26,Río Coy 2,True,True,4562,0.7806297056810404,False
C24135,E.T.A. 170 Tanquián de Escobedo,21.583333,-98.683333,66,San Luis Potosí,Tanquián de Escobedo,26,Río Moctezuma 3,True,True,0,0.0,False
C24085,Tanquián de Escobedo,21.617222,-98.652778,48,San Luis Potosí,Tanquián de Escobedo,26,Río Moctezuma 3,True,True,4531,0.775325119780972,False
TIESL,"La Muñeca, S.L.P.",21.629444,-100.548333,1778,San Luis Potosí,Tierra Nueva,26,Río Santa María 1,True,True,3928,0.6721423682409309,False
C24093,Tierra Nueva,21.666944,-100.572778,1780,San Luis Potosí,Tierra Nueva,26,Río Santa María 1,True,True,2508,0.42915811088295686,False
C24078,Santiago,21.873611,-101.267778,2221,San Luis Potosí,Villa de Arriaga,26,Arroyo Altamira,True,True,2236,0.38261464750171115,False
C24163,Bledos,21.838056,-101.115833,1954,San Luis Potosí,Villa de Reyes,26,Arroyo Altamira,True,True,1035,0.1771047227926078,False
PBCSL,"Peña Blanca, S.L.P.",21.879722,-100.820556,2100,San Luis Potosí,Villa de Reyes,26,Arroyo Altamira,True,True,12,0.002053388090349076,False
C24128,Pronapade,21.762222,-100.974722,1829,San Luis Potosí,Villa de Reyes,26,Arroyo El Puerquito o San Bartolo,True,True,0,0.0,False
C24101,Villa de Reyes,21.803889,-100.933333,1820,San Luis Potosí,Villa de Reyes,26,Arroyo Altamira,True,True,3770,0.6451060917180014,False
VRYSL,"Villa de Reyes, S.L.P.",21.8,-100.933333,1819,San Luis Potosí,Villa de Reyes,26,Arroyo Altamira,True,True,1533,0.26232032854209447,False
C24130,Granjenal,22.392222,-100.066111,1090,San Luis Potosí,Villa Juárez,26,Río Verde 2,True,True,3681,0.6298767967145791,False
C24103,Villa Juárez,22.325278,-100.27,1109,San Luis Potosí,Villa Juárez,26,Río Verde 2,True,True,3191,0.5460301163586585,False
VJRSL,"Villa Juárez, S.L.P.",22.325556,-100.27,1060,San Luis Potosí,Villa Juárez,26,Río Verde 2,True,True,12,0.002053388090349076,False
AHUSL,"Ahuacatlán, S.L.P.",21.3,-99.0,0,San Luis Potosí,Xilitla,26,Río Tancuilín,True,True,22,0.0037645448323066393,False
BARSL,"Buenos Aires, S.L.P.",21.4,-99.0,0,San Luis Potosí,Xilitla,26,Río Huichihuayán,True,True,13,0.0022245037645448325,False
C24125,Tlamaya,21.430833,-99.008333,619,San Luis Potosí,Xilitla,26,Río Huichihuayán,True,True,3116,0.5331964407939768,False
C24105,Xilitla,21.385556,-98.990556,676,San Luis Potosí,Xilitla,26,Río Huichihuayán,True,True,3010,0.5150581793292266,False
C24034,La Salitrera,21.937778,-100.584444,1893,San Luis Potosí,Zaragoza,26,Río Verde 1,True,True,2800,0.4791238877481177,False
C24106,Zaragoza,22.0375,-100.731944,1983,San Luis Potosí,Zaragoza,26,Arroyo Altamira,True,True,3591,0.614476386036961,False
C28004,Altamira,22.4,-97.933333,17,Tamaulipas,Altamira,26,Río Tamesí,True,True,0,0.0,False
C28175,Altamira,22.423056,-97.945,25,Tamaulipas,Altamira,26,Río Tamesí,True,True,2151,0.36806981519507187,False
BALTP,"Bombas Altamira, Tamps.",22.386111,-97.926944,2,Tamaulipas,Altamira,26,Río Tamesí,True,True,5571,0.9532854209445585,True
C28016,Campo Experimental Cuauhtémoc,22.543056,-98.151389,14,Tamaulipas,Altamira,26,Río Tamesí,True,True,2705,0.4628678986995209,False
C28025,Ejido Tres de Mayo,22.4,-98.016667,78,Tamaulipas,Altamira,26,Río Tamesí,True,True,0,0.0,False
C28054,Esteros,22.520556,-98.126944,26,Tamaulipas,Altamira,26,Río Tamesí,True,True,0,0.0,False
C28055,Los Tomates,22.452778,-98.197222,4,Tamaulipas,Altamira,26,Río Tamesí,True,True,2618,0.4479808350444901,False
C28031,El Oyul,22.55,-99.086667,90,Tamaulipas,Antiguo Morelos,26,Río Comandante 1,True,True,2193,0.37525667351129366,False
C28005,El Refugio,22.466667,-99.083333,271,Tamaulipas,Antiguo Morelos,26,Río Comandante 1,True,True,0,0.0,False
C28032,El Refugio,22.571667,-99.021389,60,Tamaulipas,Antiguo Morelos,26,Río Comandante 1,True,True,2801,0.47929500342231346,False
C28098,Santa María de Los Nogales,23.208333,-98.349444,927,Tamaulipas,Casas,26,Arroyo el Cojo,True,True,0,0.0,False
MDRTP,"Madero, Tamps.",22.283889,-97.844167,0,Tamaulipas,Ciudad Madero,26,Río Pánuco 2,True,True,5292,0.9055441478439425,True
AZTTP,"Aztecas, Tamps.",22.498611,-98.614722,26,Tamaulipas,El Mante,26,Río Guayalejo 4,True,True,12,0.002053388090349076,False
C28008,Bellavista,22.827778,-99.051389,78,Tamaulipas,El Mante,26,Río Comandante 2,True,True,2763,0.47279260780287474,False
C28012,C.E.I. Ciudad Mante,22.716667,-98.966667,77,Tamaulipas,El Mante,26,Río Guayalejo 3,True,True,0,0.0,False
C28156,E.T.A. 067 Ciudad Mante,22.7425,-98.972222,91,Tamaulipas,El Mante,26,Río Guayalejo 3,True,True,2553,0.4368583162217659,False
C28139,El Refugio,22.500833,-98.917222,75,Tamaulipas,El Mante,26,Río Guayalejo 4,True,True,2859,0.48921971252566737,False
C28064,Lázaro Cardenas,22.498889,-98.825,72,Tamaulipas,El Mante,26,Río Guayalejo 4,True,True,2671,0.4570499657768652,False
C28125,Nueva Apolonia,22.503333,-98.617222,27,Tamaulipas,El Mante,26,Río Guayalejo 4,True,True,365,0.06245722108145106,False
C28080,Rio Frio,22.828611,-99.020833,60,Tamaulipas,El Mante,26,Río Guayalejo 3,True,True,2311,0.3954483230663929,False
C28405,Saca de Agua,22.783611,-98.864722,55,Tamaulipas,El Mante,26,Río Guayalejo 3,True,True,1459,0.2496577686516085,False
C28085,San Felipe,22.635278,-98.916389,76,Tamaulipas,El Mante,26,Río Guayalejo 4,True,True,2436,0.41683778234086244,False
C28097,Santa Elena,22.533333,-98.933333,101,Tamaulipas,El Mante,26,Río Guayalejo 4,True,True,0,0.0,False
C28002,Ahualulco,22.988611,-99.145,0,Tamaulipas,Gómez Farías,26,Río Comandante 2,True,True,2917,0.49914442162902123,False
AHLTP,"Ahualulco, Tamps.",22.986944,-99.145556,82,Tamaulipas,Gómez Farías,26,Río Comandante 2,True,True,2102,0.3596851471594798,False
C28136,Gómez Farías,23.028611,-99.145833,327,Tamaulipas,Gómez Farías,26,Río Comandante 1,True,True,2801,0.47929500342231346,False
C28049,La Servilleta,22.852222,-99.12,104,Tamaulipas,Gómez Farías,26,Río Comandante 2,True,True,2713,0.4642368240930869,False
C28083,Sabinas,23.022778,-99.094444,100,Tamaulipas,Gómez Farías,26,Río Sabinas,True,True,2648,0.4531143052703628,False
C28135,Atotonilco,22.661667,-98.455,46,Tamaulipas,González,26,Río Guayalejo 4,True,True,2126,0.36379192334017796,False
C28017,Campo Experimental Manuel Gonzalez,22.712778,-98.851944,60,Tamaulipas,González,26,Río Guayalejo 3,True,True,2572,0.4401095140314853,False
C28026,El Aguacate,22.633333,-98.583333,163,Tamaulipas,González,26,Río Guayalejo 4,True,True,0,0.0,False
C28200,El Lajal,22.846111,-98.729444,62,Tamaulipas,González,26,Río Guayalejo 3,True,True,1910,0.3268309377138946,False
ERCTP,"Estudiante Ramiro Caballero Dorantes, Tamps.",22.605,-98.691667,50,Tamaulipas,González,26,Río Guayalejo 4,True,True,5689,0.9734770704996578,True
C28035,Gonzalez,22.814167,-98.419722,60,Tamaulipas,González,26,Arroyo el Cojo,True,True,909,0.1555441478439425,False
C28137,Las Animas,22.658611,-98.690833,60,Tamaulipas,González,26,Río Guayalejo 4,True,True,1610,0.2754962354551677,False
C28133,Las Norias,22.635833,-98.449722,61,Tamaulipas,González,26,Río Guayalejo 4,True,True,0,0.0,False
C28167,Lopez Rayón,22.615,-98.461667,54,Tamaulipas,González,26,Río Guayalejo 4,True,True,1425,0.24383983572895276,False
C28057,Magiscatzín,22.8,-98.7,50,Tamaulipas,González,26,Río Guayalejo 4,True,True,0,0.0,False
C28058,Magiscatzín,22.794167,-98.716111,44,Tamaulipas,González,26,Río Guayalejo 4,True,True,2413,0.41290212183436004,False
MGSTP,"Magiscatzín Dos, Tamps.",22.795833,-98.705556,0,Tamaulipas,González,26,Río Guayalejo 4,True,True,5608,0.9596167008898016,True
MGZTP,"Magiscatzín, Tamps.",22.797222,-98.713611,40,Tamaulipas,González,26,Río Guayalejo 4,True,True,1047,0.17915811088295688,False
C28076,Pretil,23.0,-98.716667,158,Tamaulipas,González,26,Río Guayalejo 3,True,True,0,0.0,False
C28081,Rosillo,22.916667,-98.5975,98,Tamaulipas,González,26,Río Guayalejo 4,True,True,2543,0.43514715947980837,False
RSLTP,"Rosillos, Tamps.",22.933333,-98.616667,92,Tamaulipas,González,26,Río Guayalejo 4,True,True,12,0.002053388090349076,False
SDATP,"Saca de Agua, Tamps.",22.784444,-98.869444,130,Tamaulipas,González,26,Río Guayalejo 3,True,True,5556,0.9507186858316222,True
C28147,Tamesí,22.423889,-98.422778,12,Tamaulipas,González,26,Río Tamesí,True,True,2736,0.4681724845995893,False
TMSTP,"Tamesí, Tamps.",22.413611,-98.421944,12,Tamaulipas,González,26,Río Tamesí,True,True,5693,0.9741615331964408,True
C28112,Tancasneque,22.563889,-98.531944,18,Tamaulipas,González,26,Río Guayalejo 4,True,True,0,0.0,False
C28034,Francisco Zorrilla,23.470278,-99.343333,14,Tamaulipas,Jaumave,26,Río Jaumave-Chihue,True,True,1296,0.22176591375770022,False
C28039,Jaumave,23.4,-99.366667,141,Tamaulipas,Jaumave,26,Río Jaumave-Chihue,True,True,0,0.0,False
C28040,Jaumave,23.4075,-99.375278,324,Tamaulipas,Jaumave,26,Río Jaumave-Chihue,True,True,1104,0.188911704312115,False
C28042,Joya de Salas,23.175833,-99.274444,1568,Tamaulipas,Jaumave,26,Río Comandante 1,True,True,790,0.1351813826146475,False
C28193,La Reforma,23.629167,-99.304444,777,Tamaulipas,Jaumave,26,Río Jaumave-Chihue,True,True,718,0.12286105407255304,False
C28053,La Vega,23.466667,-99.433333,864,Tamaulipas,Jaumave,26,Río Jaumave-Chihue,True,True,0,0.0,False
C28183,Magdaleno Aguilar,23.453611,-99.509167,1198,Tamaulipas,Jaumave,26,Río Jaumave-Chihue,True,True,946,0.16187542778918548,False
C28073,Paso Real de Guerrero,23.178056,-99.461389,1295,Tamaulipas,Jaumave,26,Río Comandante 1,True,True,1307,0.2236481861738535,False
C28075,Plan de Ayala,23.569167,-99.415,840,Tamaulipas,Jaumave,26,Río Jaumave-Chihue,True,True,1189,0.2034565366187543,False
C28096,San Vicente,23.423333,-99.314444,642,Tamaulipas,Jaumave,26,Río Jaumave-Chihue,True,True,502,0.08590006844626968,False
C28056,C.A.E. Llera,23.316667,-99.016667,270,Tamaulipas,Llera,26,Río Guayalejo 2,True,True,0,0.0,False
C28015,Capitán Emilio Carranza,23.255,-98.833333,193,Tamaulipas,Llera,26,Río Guayalejo 2,True,True,1641,0.28080082135523615,False
C28219,El Encino,23.140833,-99.115,173,Tamaulipas,Llera,26,Río Sabinas,True,True,1002,0.17145790554414783,False
C28033,Francisco Castellanos,23.2575,-98.608333,193,Tamaulipas,Llera,26,Río Guayalejo 2,True,True,1760,0.30116358658453113,False
C28220,General Felipe Ángeles,23.238889,-99.096111,90,Tamaulipas,Llera,26,Río Guayalejo 3,True,True,412,0.07049965776865161,False
C28164,La Angostura,23.366667,-99.011111,500,Tamaulipas,Llera,26,Río Guayalejo 2,True,True,566,0.09685147159479808,False
C28178,La Cañada,23.144444,-98.751111,170,Tamaulipas,Llera,26,Río Guayalejo 2,True,True,885,0.15143737166324436,False
C28044,La Encantada,23.216667,-99.076667,360,Tamaulipas,Llera,26,Río Sabinas,True,True,1002,0.17145790554414783,False
ENNTP,"La Encantada, Tamps.",23.384444,-99.078611,375,Tamaulipas,Llera,26,Río Guayalejo 2,True,True,4890,0.8367556468172485,True
C28066,Nuevo Morelos,22.528333,-99.213889,260,Tamaulipas,Nuevo Morelos,26,Río Valles,True,True,2605,0.44575633127994524,False
C28023,Chamal Nuevo,22.840833,-99.191389,141,Tamaulipas,Ocampo,26,Río Comandante 1,True,True,2586,0.44250513347022585,False
C28011,Fraccionamiento Callejones,22.8525,-99.492778,1371,Tamaulipas,Ocampo,26,Río Valles,True,True,2738,0.46851471594798083,False
C28043,La Boquilla,22.772222,-99.279167,263,Tamaulipas,Ocampo,26,Río Comandante 1,True,True,2710,0.46372347707049966,False
LSRTP,"La Servilleta, Tamps.",22.852778,-99.120556,210,Tamaulipas,Ocampo,26,Río Comandante 2,True,True,5690,0.9736481861738535,True
C28069,Ocampo,22.844444,-99.331667,347,Tamaulipas,Ocampo,26,Río Comandante 1,True,True,1823,0.3119438740588638,False
C28071,Palmillas,23.302222,-99.548333,1264,Tamaulipas,Palmillas,26,Río Jaumave-Chihue,True,True,1146,0.19609856262833675,False
C28110,Tampico,22.216667,-97.856111,6,Tamaulipas,Tampico,26,Río Pánuco 2,True,True,2212,0.378507871321013,False
C28111,Tampico,22.238611,-97.878889,3,Tamaulipas,Tampico,26,Río Tamesí,True,True,2432,0.4161533196440794,False
TMPTP,"Tampico, Tamps.",22.238333,-97.876111,40,Tamaulipas,Tampico,26,Río Tamesí,True,True,5574,0.9537987679671458,True
C28138,Tancol,22.294167,-97.886111,25,Tamaulipas,Tampico,26,Río Tamesí,True,True,335,0.05732375085557837,False
C28400,Gallos Grandes,22.728889,-99.600556,1040,Tamaulipas,Tula,26,Río El Salto,True,True,246,0.04209445585215606,False
SLZTP,"Lic. Emilio Portes Gil, Tamps.",22.943889,-98.791389,140,Tamaulipas,Xicoténcatl,26,Río Guayalejo 3,True,True,5619,0.9614989733059548,True
C28087,San Gabriel,23.084167,-98.7875,135,Tamaulipas,Xicoténcatl,26,Río Guayalejo 3,True,True,2741,0.4690280629705681,False
SGBTP,"San Gabriel, Tamps.",23.085556,-98.7875,140,Tamaulipas,Xicoténcatl,26,Río Guayalejo 3,True,True,5677,0.9714236824093087,True
C28195,San Lorenzo,22.948333,-98.8,113,Tamaulipas,Xicoténcatl,26,Río Guayalejo 3,True,True,820,0.1403148528405202,False
C28120,Xicoténcatl,22.993333,-98.991389,85,Tamaulipas,Xicoténcatl,26,Río Guayalejo 3,True,True,993,0.16991786447638604,False
XCTTP,"Xicoténcatl, Tamps.",23.0,-98.95,100,Tamaulipas,Xicoténcatl,26,Río Guayalejo 3,True,True,12,0.002053388090349076,False
C29042,Amaxac de Guerrero,19.342778,-98.160556,2320,Tlaxcala,Amaxac de Guerrero,18,Río Alto Atoyac,True,True,2387,0.40845311430527037,False
C29002,Apizaco,19.415556,-98.14,2423,Tlaxcala,Apizaco,18,Río Alto Atoyac,True,True,3253,0.5566392881587954,False
C29003,Atlanga San José,19.555556,-98.202778,2489,Tlaxcala,Atlangatepec,18,Río Alto Atoyac,True,True,3283,0.561772758384668,False
ATLTL,"Canal principal presa Atlanga, Tlax.",19.55,-98.2,2498,Tlaxcala,Atlangatepec,18,Río Alto Atoyac,False,False,0,0.0,False
SJATL,"San José Atlanga, Tlax.",19.556111,-98.200556,2498,Tlaxcala,Atlangatepec,18,Río Alto Atoyac,True,True,5835,0.9984599589322382,True
C29151,Altzayanca,19.428056,-97.798889,2611,Tlaxcala,Atltzayanca,18,Río Libres Oriental,True,True,3208,0.5489390828199863,False
C29162,Benito Juárez,19.586667,-98.4275,2537,Tlaxcala,Benito Juárez,26,Tochac-Tecocomulco,True,True,3209,0.5491101984941821,False
C29001,Achichapa,19.55,-98.65,2808,Tlaxcala,Calpulalpan,26,Río de Las Avenidas de Pachuca,True,True,0,0.0,False
C29035,Calpulalpan,19.586111,-98.563889,2587,Tlaxcala,Calpulalpan,26,Río de Las Avenidas de Pachuca,True,True,3122,0.5342231348391513,False
CPPTL,"Calpulalpan, Tlax.",19.586111,-98.563889,2578,Tlaxcala,Calpulalpan,26,Río de Las Avenidas de Pachuca,True,True,5780,0.9890485968514716,True
C29006,Cuaula,19.6,-98.65,2550,Tlaxcala,Calpulalpan,26,Río de Las Avenidas de Pachuca,True,True,0,0.0,False
C29008,Estoyito,19.566667,-98.633333,2720,Tlaxcala,Calpulalpan,26,Río de Las Avenidas de Pachuca,True,True,0,0.0,False
C29013,La Venta,19.566667,-98.683333,2790,Tlaxcala,Calpulalpan,26,Río de Las Avenidas de Pachuca,True,True,0,0.0,False
C29014,Limites,19.55,-98.533333,2627,Tlaxcala,Calpulalpan,26,Río de Las Avenidas de Pachuca,True,True,31,0.0053045859000684465,False
C29015,Mazapa,19.55,-98.566667,2663,Tlaxcala,Calpulalpan,26,Río de Las Avenidas de Pachuca,True,True,0,0.0,False
C29019,San Antonio Calpulalapan,19.554722,-98.568056,2615,Tlaxcala,Calpulalpan,26,Río de Las Avenidas de Pachuca,True,True,0,0.0,False
C29023,San Cristobal,19.568333,-98.661944,2694,Tlaxcala,Calpulalpan,26,Río de Las Avenidas de Pachuca,True,True,0,0.0,False
C29025,San Marcos Huaquilpan,19.596944,-98.631944,2601,Tlaxcala,Calpulalpan,26,Río de Las Avenidas de Pachuca,True,True,3221,0.5511635865845311,False
C29028,Sombreriro,19.533333,-98.65,2907,Tlaxcala,Calpulalpan,26,Río de Las Avenidas de Pachuca,True,True,0,0.0,False
C29029,Temontitla,19.566667,-98.466667,2564,Tlaxcala,Calpulalpan,26,Tochac-Tecocomulco,True,True,0,0.0,False
C29034,Zoquiapán,19.584722,-98.478056,2532,Tlaxcala,Calpulalpan,26,Tochac-Tecocomulco,True,True,1566,0.2679671457905544,False
AMATL,"Amaxac, Tlax.",19.3,-98.1,2320,Tlaxcala,Chiautempan,18,Río Alto Atoyac,True,True,7,0.0011978097193702942,False
PANTL,"Panotla, Tlax.",19.3,-98.2,2400,Tlaxcala,Chiautempan,18,Río Alto Atoyac,True,True,10,0.0017111567419575632,False
C29005,Cuapiaxtla,19.298889,-97.769722,2468,Tlaxcala,Cuapiaxtla,18,Río Libres Oriental,True,True,3268,0.5592060232717317,False
CUATL,"Cuapiaxtla, Tlax.",19.298889,-97.769722,2483,Tlaxcala,Cuapiaxtla,18,Río Libres Oriental,True,True,5736,0.9815195071868583,True
C29007,El Carmen,19.318056,-97.647222,2350,Tlaxcala,El Carmen Tequexquitla,18,Río Libres Oriental,True,True,3274,0.5602327173169063,False
ECTTL,"El Carmen Tequexquitla, Tlax.",19.318056,-97.6475,2170,Tlaxcala,El Carmen Tequexquitla,18,Río Libres Oriental,True,True,5512,0.9431895961670089,True
C29047,Españita,19.457778,-98.422222,2624,Tlaxcala,Españita,18,Río Alto Atoyac,True,True,3236,0.5537303216974675,False
C29011,Huamantla,19.315833,-97.911111,2475,Tlaxcala,Huamantla,18,Río Libres Oriental,True,True,3050,0.5219028062970568,False
HMTTL,"Huamantla, Tlax.",19.315833,-97.911111,2553,Tlaxcala,Huamantla,18,Río Libres Oriental,True,True,3937,0.6736824093086927,False
TRITL,"La Trinidad, Tlax.",19.3,-98.0,0,Tlaxcala,Huamantla,18,Río Libres Oriental,True,True,10,0.0017111567419575632,False
BRETL,"B. Recoba, Tlax.",19.481667,-98.376111,0,Tlaxcala,Hueyotlipan,18,Río Alto Atoyac,True,True,11,0.0018822724161533196,False
GUYTL,"Guridi y Alcocer, Tlax.",19.533056,-98.368333,0,Tlaxcala,Hueyotlipan,26,Tochac-Tecocomulco,True,True,11,0.0018822724161533196,False
C29010,Hueyotlipan,19.471944,-98.345278,2590,Tlaxcala,Hueyotlipan,18,Río Alto Atoyac,True,True,1975,0.33795345653661873,False
C29043,E.T.A. 161 Xocoyucan,19.307222,-98.372778,2225,Tlaxcala,Ixtacuixtla de Mariano Matamoros,18,Río Alto Atoyac,True,True,3172,0.5427789185489391,False
C29172,I.T.A. 029 Xocoyucan,19.307222,-98.372778,2220,Tlaxcala,Ixtacuixtla de Mariano Matamoros,18,Río Alto Atoyac,True,True,0,0.0,False
C29040,Ixtacuixtla,19.326667,-98.366111,2230,Tlaxcala,Ixtacuixtla de Mariano Matamoros,18,Río Alto Atoyac,True,True,2909,0.4977754962354552,False
IHXTL,"Ixtlahuixtla, Tlax.",19.326667,-98.366111,2300,Tlaxcala,Ixtacuixtla de Mariano Matamoros,18,Río Alto Atoyac,True,True,11,0.0018822724161533196,False
MM2TL,"Mariano Matamoros, Tlax.",19.383056,-98.3825,0,Tlaxcala,Ixtacuixtla de Mariano Matamoros,18,Río Alto Atoyac,True,True,223,0.03815879534565366,False
XOCTL,"Xocoyucan, Tlax.",19.307222,-98.382778,2330,Tlaxcala,Ixtacuixtla de Mariano Matamoros,18,Río Alto Atoyac,True,True,21,0.003593429158110883,False
C29004,Cuamantzingo,19.519722,-98.269167,2563,Tlaxcala,Muñoz de Domingo Arenas,18,Río Alto Atoyac,True,True,2280,0.39014373716632444,False
C29039,Escuela Agropecuaria Nanacamilpa,19.498056,-98.524722,2690,Tlaxcala,Nanacamilpa de Mariano Arista,26,Tochac-Tecocomulco,True,True,0,0.0,False
C29016,Nanacamilpa,19.4925,-98.535278,2720,Tlaxcala,Nanacamilpa de Mariano Arista,26,Tochac-Tecocomulco,True,True,2218,0.3795345653661875,False
C29017,Nanacamilpa,19.483333,-98.533333,2653,Tlaxcala,Nanacamilpa de Mariano Arista,26,Tochac-Tecocomulco,True,True,0,0.0,False
C29048,C.E.E.S.T.M. Ixtacuixtla,19.333333,-98.3,2364,Tlaxcala,Panotla,18,Río Alto Atoyac,True,True,0,0.0,False
C29061,Panotla,19.313889,-98.267222,2240,Tlaxcala,Panotla,18,Río Alto Atoyac,True,True,0,0.0,False
C29049,Panzacola,19.166667,-98.2,2260,Tlaxcala,Papalotla de Xicohténcatl,18,Río Alto Atoyac,True,True,0,0.0,False
C29060,Centro Vacacional Malitzín,19.283333,-98.041667,3074,Tlaxcala,San Francisco Tetlanohcan,18,Río Alto Atoyac,True,True,0,0.0,False
C29170,San Pablo del Monte,19.115,-98.175278,2276,Tlaxcala,San Pablo del Monte,18,Río Alto Atoyac,True,True,3256,0.5571526351813826,False
SPMTL,"San Pablo del Monte, Tlax.",19.115,-98.175278,2276,Tlaxcala,San Pablo del Monte,18,Río Alto Atoyac,True,True,2725,0.466290212183436,False
C29024,Sanctorum,19.4925,-98.471944,2740,Tlaxcala,Sanctórum de Lázaro Cárdenas,26,Tochac-Tecocomulco,True,True,0,0.0,False
C29056,Tenancingo,19.145833,-98.201389,2262,Tlaxcala,Tenancingo,18,Río Alto Atoyac,True,True,0,0.0,False
TENTL,"Tenancingo, Tlax.",19.145833,-98.201389,2300,Tlaxcala,Tenancingo,18,Río Alto Atoyac,True,True,10,0.0017111567419575632,False
C29161,Acxotla del Monte,19.237778,-98.159167,2443,Tlaxcala,Teolocholco,18,Río Alto Atoyac,True,True,3286,0.5622861054072553,False
AXOTL,"Axotla, Tlax.",19.237778,-98.159167,2382,Tlaxcala,Teolocholco,18,Río Alto Atoyac,True,True,9,0.001540041067761807,False
SLTTL,"San Luis Teolocholco, Tlax.",19.244167,-98.19,2382,Tlaxcala,Teolocholco,18,Río Alto Atoyac,True,True,10,0.0017111567419575632,False
C29050,Teolocholco,19.243333,-98.190833,2320,Tlaxcala,Teolocholco,18,Río Alto Atoyac,True,True,3096,0.5297741273100616,False
C29041,Tepetitla,19.261389,-98.370556,2227,Tlaxcala,Tepetitla de Lardizábal,18,Río Alto Atoyac,True,True,2913,0.4984599589322382,False
C29053,Terrenate,19.476944,-97.917222,2694,Tlaxcala,Terrenate,18,Río Libres Oriental,True,True,2440,0.41752224503764546,False
C29051,Toluca de Guadalupe,19.464722,-97.958056,2640,Tlaxcala,Terrenate,18,Río Libres Oriental,True,True,3280,0.5612594113620808,False
C29045,Santiago Tetla,19.440556,-98.103333,2440,Tlaxcala,Tetla de la Solidaridad,18,Río Alto Atoyac,True,True,0,0.0,False
C29038,E.T.A. 072 Nativitas,19.233333,-98.3,2200,Tlaxcala,Tetlatlahuca,18,Río Alto Atoyac,True,True,0,0.0,False
IUJTL,"La Ahualaja, Tlax.",19.3,-98.6,0,Tlaxcala,Tlahuapan,18,Río Alto Atoyac,True,True,9,0.001540041067761807,False
OBSTL,"Observatorio de Tlaxcala, Tlax.",19.324722,-98.246944,2240,Tlaxcala,Tlaxcala,18,Río Alto Atoyac,True,True,5806,0.9934976043805612,True
C29030,Tlaxcala de Xicoténcatl,19.323889,-98.246667,2230,Tlaxcala,Tlaxcala,18,Río Alto Atoyac,True,True,3255,0.5569815195071869,False
C29031,Tlaxcala de Xicoténcatl,19.311944,-98.244167,2281,Tlaxcala,Tlaxcala,18,Río Alto Atoyac,True,True,2036,0.3483915126625599,False
TLXTL,"Tlaxcala, Tlax.",19.320833,-98.241667,2250,Tlaxcala,Tlaxcala,18,Río Alto Atoyac,True,True,189,0.03234086242299795,False
CENTL,"El Centenario, Tlax.",19.531667,-98.250833,0,Tlaxcala,Tlaxco,18,Río Alto Atoyac,True,True,11,0.0018822724161533196,False
C29052,El Rosario,19.655278,-98.228889,2678,Tlaxcala,Tlaxco,26,Tochac-Tecocomulco,True,True,3215,0.5501368925393566,False
C29020,San Andrés Buenavista,19.583333,-98.283333,2536,Tlaxcala,Tlaxco,26,Tochac-Tecocomulco,True,True,0,0.0,False
C29022,San Buenaventura,19.6,-98.316667,2524,Tlaxcala,Tlaxco,26,Tochac-Tecocomulco,True,True,0,0.0,False
C29032,Tlaxco,19.5925,-98.125556,2530,Tlaxcala,Tlaxco,18,Río Alto Atoyac,True,True,3284,0.5619438740588638,False
C29027,Tocatlán,19.388611,-98.021389,2557,Tlaxcala,Tocatlán,18,Río Alto Atoyac,True,True,3256,0.5571526351813826,False
ZMITL,"Veintitres Zona Militar, Tlax.",19.321944,-98.267778,2220,Tlaxcala,Totolac,18,Río Alto Atoyac,True,True,10,0.0017111567419575632,False
APITL,"Apizaco, Tlax.",19.4,-98.1,2408,Tlaxcala,Tzompantepec,18,Río Alto Atoyac,True,True,3433,0.5874401095140315,False
C29166,San Simón,19.396667,-98.224167,2555,Tlaxcala,Xaltocan,18,Río Alto Atoyac,True,True,0,0.0,False
C29169,Zacatelco,19.219444,-98.243056,2215,Tlaxcala,Zacatelco,18,Río Alto Atoyac,True,True,3201,0.547741273100616,False
ZACTL,"Zacatelco, Tlax.",19.219444,-98.243056,2208,Tlaxcala,Zacatelco,18,Río Alto Atoyac,True,True,5420,0.9274469541409993,True
C29026,Zitlaltepec,19.199722,-97.9075,2565,Tlaxcala,Ziltlaltépec de Trinidad Sánchez Santos,18,Río Libres Oriental,True,True,2907,0.49743326488706363,False
ZITTL,"Zitlaltepec, Tlax.",19.200278,-97.908056,2665,Tlaxcala,Ziltlaltépec de Trinidad Sánchez Santos,18,Río Libres Oriental,True,True,5766,0.9866529774127311,True
C30016,Benito Juárez,20.886667,-98.201111,2202,Veracruz de Ignacio de la Llave,Benito Juárez,26,Río Calabozo,True,True,1453,0.24863107460643394,False
C30098,Los Hules,21.170833,-98.279167,75,Veracruz de Ignacio de la Llave,Chalma,26,Río Tempoal 1,True,True,1191,0.2037987679671458,False
HLSVC,"Los Hules, Ver.",21.194444,-98.2875,75,Veracruz de Ignacio de la Llave,Chalma,26,Río Tempoal 1,True,True,5560,0.9514031485284052,True
C30041,Chicontepec de Tejeda,20.993333,-98.163889,291,Veracruz de Ignacio de la Llave,Chicontepec,26,Río Calabozo,True,True,1703,0.291409993155373,False
C30207,Chicontepec de Tejeda,20.969444,-98.168333,611,Veracruz de Ignacio de la Llave,Chicontepec,26,Río Calabozo,True,True,0,0.0,False
C30261,E.T.A. 175 Tlacolula,20.916667,-98.166667,640,Veracruz de Ignacio de la Llave,Chicontepec,26,Río Calabozo,True,True,0,0.0,False
C30180,Terrerillos,21.038056,-98.141111,138,Veracruz de Ignacio de la Llave,Chicontepec,26,Río Tempoal 1,True,True,1063,0.18189596167008898,False
TRRVC,"Terrerillos, Ver.",21.039722,-98.153056,106,Veracruz de Ignacio de la Llave,Chicontepec,26,Río Calabozo,True,True,5126,0.8771389459274469,True
C30049,El Higo,21.777222,-98.443889,29,Veracruz de Ignacio de la Llave,El Higo,26,Río Moctezuma 4,True,True,1794,0.3069815195071869,False
HGOVC,"El Higo, Ver.",21.773611,-98.459167,50,Veracruz de Ignacio de la Llave,El Higo,26,Río Moctezuma 4,True,True,5518,0.9442162902121835,True
C30240,Las Badeas,21.74,-98.411389,278,Veracruz de Ignacio de la Llave,El Higo,26,Río Moctezuma 4,True,True,0,0.0,False
C30071,Ixcatepec,21.239444,-98.003333,173,Veracruz de Ignacio de la Llave,Ixcatepec,26,Río Chicayán 1,True,True,1458,0.24948665297741274,False
C30325,La Puente,21.814167,-98.014167,25,Veracruz de Ignacio de la Llave,Ozuluama de Mascareñas,26,Río Chicayán 2,True,True,1824,0.31211498973305957,False
C30245,San Luciano,21.855,-97.771111,56,Veracruz de Ignacio de la Llave,Ozuluama de Mascareñas,26,Arroyo Tamacuil o La Llave,True,True,0,0.0,False
C30203,Cacalilao,22.152778,-98.172778,35,Veracruz de Ignacio de la Llave,Pánuco,26,Río Pánuco 2,True,True,0,0.0,False
C30255,El Mirador,22.332222,-98.410556,29,Veracruz de Ignacio de la Llave,Pánuco,26,Río Tamesí,True,True,0,0.0,False
C30051,El Olivo,21.832222,-98.503889,23,Veracruz de Ignacio de la Llave,Pánuco,26,Río Moctezuma 4,True,True,1796,0.3073237508555784,False
OLVVC,"El Olivo, Ver.",21.832222,-98.503889,25,Veracruz de Ignacio de la Llave,Pánuco,26,Río Moctezuma 4,True,True,5698,0.9750171115674195,True
C30084,La Michoacana,22.355,-98.2675,25,Veracruz de Ignacio de la Llave,Pánuco,26,Río Tamesí,True,True,1393,0.23836413415468857,False
C30268,La Potosina,22.324444,-98.1475,2,Veracruz de Ignacio de la Llave,Pánuco,26,Río Tamesí,True,True,1703,0.291409993155373,False
C30059,Paija,22.04,-98.411111,12,Veracruz de Ignacio de la Llave,Pánuco,26,Río Pánuco 1,True,True,1782,0.3049281314168378,False
C30124,Panuco,22.066667,-98.183333,11,Veracruz de Ignacio de la Llave,Pánuco,26,Río Pánuco 1,True,True,0,0.0,False
C30285,Panuco,22.059167,-98.175556,11,Veracruz de Ignacio de la Llave,Pánuco,26,Río Pánuco 1,True,True,1794,0.3069815195071869,False
PNCVC,"Pánuco, Ver.",22.06,-98.176667,10,Veracruz de Ignacio de la Llave,Pánuco,26,Río Pánuco 1,True,True,5649,0.9666324435318275,True
CHYVC,"Paso de Piedras, Ver.",21.7375,-98.155833,40,Veracruz de Ignacio de la Llave,Pánuco,26,Río Chicayán 1,True,True,5691,0.9738193018480493,True
C30304,Presa Paso de Piedras Chicayán,21.7425,-98.160833,40,Veracruz de Ignacio de la Llave,Pánuco,26,Río Chicayán 1,True,True,1825,0.3122861054072553,False
C30160,Santa Trinidad,21.8925,-98.29,18,Veracruz de Ignacio de la Llave,Pánuco,26,Río Chicayán 2,True,True,1182,0.20225872689938398,False
C30166,Tamos,22.216111,-97.998611,8,Veracruz de Ignacio de la Llave,Pánuco,26,Río Pánuco 2,True,True,874,0.14955509924709104,False
C30301,Vichinchijol,22.025,-98.336111,15,Veracruz de Ignacio de la Llave,Pánuco,26,Río Pánuco 1,True,True,1361,0.23288843258042435,False
C30366,Frijol Colorado,19.504167,-97.335833,2354,Veracruz de Ignacio de la Llave,Perote,18,Río Libres Oriental,True,True,0,0.0,False
C30178,Tenextepec,19.486111,-97.264167,2539,Veracruz de Ignacio de la Llave,Perote,18,Río Libres Oriental,True,True,3640,0.6228610540725531,False
TENVC,"Tenextepec, Ver.",19.485833,-97.262222,2557,Veracruz de Ignacio de la Llave,Perote,18,Río Libres Oriental,True,True,172,0.02943189596167009,False
C30186,Totalco,19.504167,-97.338056,2354,Veracruz de Ignacio de la Llave,Perote,18,Río Libres Oriental,True,True,0,0.0,False
C30198,Zalayeta,19.413889,-97.388889,2350,Veracruz de Ignacio de la Llave,Perote,18,Río Libres Oriental,True,True,3833,0.6558863791923341,False
ZALVC,"Zalayeta, Ver.",19.413889,-97.388889,2350,Veracruz de Ignacio de la Llave,Perote,18,Río Libres Oriental,True,True,4130,0.7067077344284737,False
C30130,Platón Sanchez,21.271944,-98.373056,57,Veracruz de Ignacio de la Llave,Platón Sánchez,26,Río Tempoal 2,True,True,1307,0.2236481861738535,False
C30194,Villa Cuauhtémoc,22.183333,-97.85,4,Veracruz de Ignacio de la Llave,Pueblo Viejo,26,Río Pánuco 2,True,True,0,0.0,False
C30242,Mata de Chavez,22.109167,-97.8425,3,Veracruz de Ignacio de la Llave,Tampico Alto,26,Río Pánuco 2,True,True,0,0.0,False
C30220,Quebrache,21.976667,-97.990833,16,Veracruz de Ignacio de la Llave,Tampico Alto,26,Río Chicayán 2,True,True,1795,0.30715263518138264,False
C30278,E.T.A. 075 Ixcanelco,21.138611,-98.194722,243,Veracruz de Ignacio de la Llave,Tantoyuca,26,Río Tempoal 1,True,True,0,0.0,False
C30346,El Coyol,21.429167,-98.115,100,Veracruz de Ignacio de la Llave,Tantoyuca,26,Río Chicayán 1,True,True,0,0.0,False
PSNVC,"Platón Sánchez, Ver.",21.297778,-98.356667,80,Veracruz de Ignacio de la Llave,Tantoyuca,26,Río Tempoal 2,True,True,5692,0.973990417522245,True
C30345,Rancho Santa Rosa,21.513333,-98.1775,98,Veracruz de Ignacio de la Llave,Tantoyuca,26,Río Chicayán 1,True,True,1610,0.2754962354551677,False
C30169,Tantoyuca,21.345,-98.226111,77,Veracruz de Ignacio de la Llave,Tantoyuca,26,Río Chicayán 1,True,True,1239,0.2120123203285421,False
C30020,Cañada Rica,21.684722,-98.16,34,Veracruz de Ignacio de la Llave,Tempoal,26,Río Chicayán 1,True,True,0,0.0,False
C30046,Cardón,21.413889,-98.483333,101,Veracruz de Ignacio de la Llave,Tempoal,26,Río San Pedro,True,True,1764,0.30184804928131415,False
C30039,Chicayán,21.626944,-98.124167,37,Veracruz de Ignacio de la Llave,Tempoal,26,Río Chicayán 1,True,True,0,0.0,False
C30347,El Corozal,21.555556,-98.556667,124,Veracruz de Ignacio de la Llave,Tempoal,26,Río Moctezuma 3,True,True,0,0.0,False
C30244,Placetas,21.596667,-98.363889,64,Veracruz de Ignacio de la Llave,Tempoal,26,Río Moctezuma 4,True,True,0,0.0,False
C30260,Tantavil,21.449167,-98.41,45,Veracruz de Ignacio de la Llave,Tempoal,26,Río Tempoal 2,True,True,0,0.0,False
C30176,Tempoal de Sanchez,21.518889,-98.410278,34,Veracruz de Ignacio de la Llave,Tempoal,26,Río Tempoal 2,True,True,1095,0.18737166324435317,False
TMPVC,"Tempoal, Ver.",21.499722,-98.409444,38,Veracruz de Ignacio de la Llave,Tempoal,26,Río Tempoal 2,True,True,5689,0.9734770704996578,True
C30382,Zontecomatlán,20.761667,-98.343611,1612,Veracruz de Ignacio de la Llave,Zontecomatlán de López y Fuentes,26,Río Calabozo,True,True,927,0.15862422997946612,False
C32152,Apozol,21.461667,-103.086667,1354,Zacatecas,Apozol,12,Río Juchipila 2,False,False,0,0.0,False
C32182,Palma Cuata,21.486389,-103.020833,1444,Zacatecas,Apozol,12,Río Juchipila 2,False,False,0,0.0,False
C32097,Tenayuca,21.502778,-102.6525,1865,Zacatecas,Apulco,12,Río Verde 1,False,False,0,0.0,False
C32183,Atolinga,21.811389,-103.459167,2145,Zacatecas,Atolinga,12,Río Bolaños 2,False,False,0,0.0,False
ATGZC,"Atolinga, Zac.",21.811389,-103.459167,2145,Zacatecas,Atolinga,12,Río Bolaños 2,True,True,5666,0.9695414099931554,True
C32153,Florencia de Benito Juárez,21.499444,-103.550556,2190,Zacatecas,Benito Juárez,12,Río Tlaltenango,False,False,0,0.0,False
CUAZC,"Ciudad Cuauhtémoc, Zac.",22.453056,-102.347222,2053,Zacatecas,Cuauhtémoc,12,Río San Pedro,True,True,4924,0.8425735797399042,True
C32051,San Pedro Piedra Gorda -Ciudad Cuauhtémoc-,22.453056,-102.347222,2053,Zacatecas,Cuauhtémoc,12,Río San Pedro,False,False,0,0.0,False
C32180,General Joaquín Amaro,21.933333,-103.093333,2393,Zacatecas,El Plateado de Joaquín Amaro,12,Río Tlaltenango,False,False,0,0.0,False
C32138,Canoas,22.508056,-102.474444,2256,Zacatecas,Genaro Codina,12,Río San Pedro,False,False,0,0.0,False
C32120,Genaro Codina,22.4875,-102.46,2176,Zacatecas,Genaro Codina,12,Río San Pedro,False,False,0,0.0,False
GRCZC,"Genaro Codina, Zac.",22.4875,-102.46,2176,Zacatecas,Genaro Codina,12,Río San Pedro,True,True,5429,0.9289869952087612,True
AREZC,"Arellano, Zac.",21.766944,-102.968611,1495,Zacatecas,Huanusco,12,Río Juchipila 1,True,True,36,0.006160164271047228,False
C32025,Huanusco,21.7675,-102.968889,1490,Zacatecas,Huanusco,12,Río Juchipila 1,False,False,0,0.0,False
C32157,Presa Moraleños,21.723889,-102.8975,1479,Zacatecas,Huanusco,12,Río Juchipila 1,False,False,0,0.0,False
C32017,El Tecomate,21.75,-103.05,2294,Zacatecas,Jalpa,12,Río Juchipila 1,True,True,0,0.0,False
C32111,Jalpa,21.652222,-102.981389,1418,Zacatecas,Jalpa,12,Río Juchipila 1,False,False,0,0.0,False
C32181,La Pitahaya,21.553611,-103.027778,1340,Zacatecas,Jalpa,12,Río Juchipila 1,False,False,0,0.0,False
PMOZC,"Moraleños, Zac.",21.711111,-102.903611,1479,Zacatecas,Jalpa,12,Río Juchipila 1,True,True,5697,0.9748459958932238,True
TECZC,"Tecomate, Zac.",21.543611,-103.041944,1463,Zacatecas,Jalpa,12,Río Juchipila 1,True,True,34,0.005817932922655715,False
C32002,Boca del Tesorero,22.823611,-102.951667,2108,Zacatecas,Jerez,12,Río Tepetongo,True,True,3589,0.6141341546885695,False
C32009,Jerez de García Salinas,22.65,-103.0,2108,Zacatecas,Jerez,12,Río Tepetongo,True,True,0,0.0,False
C32026,Jerez de García Salinas,22.642778,-103.001944,2000,Zacatecas,Jerez,12,Río Tepetongo,False,False,0,0.0,False
JERZC,"Jerez, Zac.",22.642778,-103.001944,2000,Zacatecas,Jerez,12,Río Tepetongo,True,True,5278,0.9031485284052019,True
BTEZC,"Ramón López Velarde, Zac.",22.824167,-102.953333,2166,Zacatecas,Jerez,12,Río Tepetongo,True,True,5301,0.9070841889117043,True
JTUZC,"Jiménez de Teul, Zac.",23.248611,-103.804722,1924,Zacatecas,Jiménez del Teul,12,Río San Juan,True,True,55,0.009411362080766598,False
C32027,Jimenez del Teúl,23.248889,-103.804722,1924,Zacatecas,Jiménez del Teul,12,Río San Juan,False,False,0,0.0,False
C32029,Juchipila,21.404722,-103.114167,1259,Zacatecas,Juchipila,12,Río Juchipila 2,False,False,0,0.0,False
C32067,Juchipila,21.4075,-103.113889,1252,Zacatecas,Juchipila,12,Río Juchipila 2,False,False,0,0.0,False
JCHZC,"Juchipila, Zac.",21.404722,-103.114167,1259,Zacatecas,Juchipila,12,Río Juchipila 2,True,True,5524,0.945242984257358,True
C32122,Luis Moya,22.438889,-102.251667,2017,Zacatecas,Luis Moya,12,Río San Pedro,False,False,0,0.0,False
LMOZC,"Luis Moya, Zac.",22.438611,-102.251667,2017,Zacatecas,Luis Moya,12,Río San Pedro,True,True,5357,0.9166666666666666,True
C32140,Mezquital del Oro,21.2125,-103.363889,1208,Zacatecas,Mezquital del Oro,12,Río Juchipila 2,False,False,0,0.0,False
MORZC,"Mezquital del Oro, Zac.",21.2125,-103.363889,1208,Zacatecas,Mezquital del Oro,12,Río Juchipila 2,True,True,5511,0.9430184804928131,True
C32124,Momax,21.923333,-103.316389,1649,Zacatecas,Momax,12,Río Tlaltenango,False,False,0,0.0,False
C32116,Adjuntas del Refugio,22.623611,-103.411667,1952,Zacatecas,Monte Escobedo,12,Río Bolaños 1,False,False,0,0.0,False
C32037,Monte Escobedo,22.306944,-103.561667,2182,Zacatecas,Monte Escobedo,12,Río Bolaños 1,False,False,0,0.0,False
MRSZC,"Monte Escobedo, Zac.",22.306944,-103.561667,2182,Zacatecas,Monte Escobedo,12,Río Bolaños 1,True,True,5435,0.9300136892539357,True
C32113,Pastoría,22.544444,-103.566389,1867,Zacatecas,Monte Escobedo,12,Río Bolaños 1,False,False,0,0.0,False
C32189,Presa Santa Teresa,22.333056,-103.493333,1980,Zacatecas,Monte Escobedo,12,Río Bolaños 1,False,False,0,0.0,False
C32104,Rancho de En Medio,22.555833,-103.519444,1812,Zacatecas,Monte Escobedo,12,Río Bolaños 1,False,False,0,0.0,False
RENZC,"Rancho de Enmedio, Zac.",22.555833,-103.519444,1812,Zacatecas,Monte Escobedo,12,Río Bolaños 1,True,True,34,0.005817932922655715,False
STEZC,"Santa Teresa, Zac.",22.326667,-103.495833,1960,Zacatecas,Monte Escobedo,12,Río Bolaños 1,True,True,5670,0.9702258726899384,True
C32136,Vicente Guerrero,22.315833,-103.44,1925,Zacatecas,Monte Escobedo,12,Río Bolaños 1,False,False,0,0.0,False
VGRZC,"Vicente Guerrero, Zac.",22.315833,-103.44,1925,Zacatecas,Monte Escobedo,12,Río Bolaños 1,True,True,679,0.11618754277891855,False
C32125,Moyahua de Estrada,21.258889,-103.156944,1180,Zacatecas,Moyahua de Estrada,12,Río Juchipila 2,False,False,0,0.0,False
C32039,Nochistlán,21.3575,-102.845556,1853,Zacatecas,Nochistlán de Mejía,12,Río Verde 1,False,False,0,0.0,False
NCTZC,"Nochistlán, Zac.",21.3575,-102.845556,1853,Zacatecas,Nochistlán de Mejía,12,Río Verde 1,True,True,5659,0.9683436002737851,True
C32105,Tlachichila,21.560556,-102.786389,2202,Zacatecas,Nochistlán de Mejía,12,Río Verde 1,False,False,0,0.0,False
TLAZC,"Tlalchichila, Zac.",21.560556,-102.786389,2202,Zacatecas,Nochistlán de Mejía,12,Río Verde 1,True,True,5187,0.8875770020533881,True
OCAZC,"Ojo Caliente, Zac.",22.577778,-102.269444,2062,Zacatecas,Ojocaliente,12,Río San Pedro,True,True,5346,0.9147843942505134,True
C32041,Ojocaliente,22.577778,-102.269444,2062,Zacatecas,Ojocaliente,12,Río San Pedro,False,False,0,0.0,False
C32126,Palmillas,22.653333,-102.355,2169,Zacatecas,Ojocaliente,12,Río San Pedro,False,False,0,0.0,False
C32118,Los Campos,22.018333,-101.854722,2103,Zacatecas,Ojuelos de Jalisco,12,Presa El Niágara,False,False,0,0.0,False
C32108,Corrales,23.231667,-103.643889,2256,Zacatecas,Sombrerete,12,Río San Juan,False,False,0,0.0,False
C32129,Presa Susticacán,22.609722,-103.0975,2030,Zacatecas,Susticacán,12,Río Tepetongo,False,False,0,0.0,False
C32013,El Chiqué,22.000278,-102.889167,1648,Zacatecas,Tabasco,12,Río Juchipila 1,True,True,3642,0.6232032854209446,False
CHIZC,"El Chique, Zac.",21.997222,-102.896111,1648,Zacatecas,Tabasco,12,Río Juchipila 1,True,True,5685,0.9727926078028748,True
C32019,Excamé,21.649444,-103.339722,1740,Zacatecas,Tepechitlán,12,Río Tlaltenango,True,True,3599,0.615845311430527,False
VILZC,"José María Morelos, Zac.",21.588889,-103.3375,1786,Zacatecas,Tepechitlán,12,Río Tlaltenango,True,True,5696,0.974674880219028,True
C32032,La Villita,21.604722,-103.337778,1786,Zacatecas,Tepechitlán,12,Río Tlaltenango,False,False,0,0.0,False
EXCZC,"Miguel Alemán, Zac.",21.645833,-103.35,1740,Zacatecas,Tepechitlán,12,Río Tlaltenango,True,True,5708,0.9767282683093771,True
C32132,Tepetongo,22.454722,-103.153611,1944,Zacatecas,Tepetongo,12,Río Tepetongo,False,False,0,0.0,False
C32139,Huitzila,21.223889,-103.605833,1680,Zacatecas,Teúl de González Ortega,12,Presa Santa Rosa,False,False,0,0.0,False
HITZC,"Huitzila, Zac.",21.223889,-103.605556,1680,Zacatecas,Teúl de González Ortega,12,Presa Santa Rosa,True,True,4069,0.6962696783025325,False
C32112,Milpillas de Allende,21.329722,-103.614167,1919,Zacatecas,Teúl de González Ortega,12,Presa Santa Rosa,False,False,0,0.0,False
C32056,Teúl de Gonzalez Ortega,21.466667,-103.45,1936,Zacatecas,Teúl de González Ortega,12,Río Tlaltenango,False,False,0,0.0,False
C32070,Teúl de Gonzalez Ortega,21.468611,-103.461944,1909,Zacatecas,Teúl de González Ortega,12,Río Tlaltenango,False,False,0,0.0,False
TGOZC,"Teúl de González Ortega, Zac.",21.468611,-103.461944,1909,Zacatecas,Teúl de González Ortega,12,Río Tlaltenango,True,True,5617,0.9611567419575633,True
C32184,Los Fresnos,21.7325,-103.214722,2072,Zacatecas,Tlaltenango de Sánchez Román,12,Río Tlaltenango,False,False,0,0.0,False
C32057,Tlaltenango Sanchez Roman,21.773611,-103.309444,1685,Zacatecas,Tlaltenango de Sánchez Román,12,Río Tlaltenango,False,False,0,0.0,False
TLLZC,"Tlaltenango, Zac.",21.773611,-103.309444,1685,Zacatecas,Tlaltenango de Sánchez Román,12,Río Tlaltenango,True,True,5658,0.9681724845995893,True
C32143,García de La Cadena,21.206944,-103.458889,1712,Zacatecas,Trinidad García de la Cadena,12,Presa Santa Rosa,False,False,0,0.0,False
C32103,Ameca La Vieja,22.918889,-104.008611,1800,Zacatecas,Valparaíso,12,Río San Juan,False,False,0,0.0,False
C32106,Cueva Grande,22.6625,-103.3575,2043,Zacatecas,Valparaíso,12,Río Bolaños 1,False,False,0,0.0,False
C32016,El Platanito,22.611389,-104.050833,1030,Zacatecas,Valparaíso,12,Río San Juan,True,True,3481,0.5956536618754278,False
ELPZC,"El Platanito, Zac.",22.611389,-104.050833,1030,Zacatecas,Valparaíso,12,Río San Juan,True,True,3813,0.6524640657084189,False
C32130,El Romerillo,22.620278,-103.653056,2085,Zacatecas,Valparaíso,12,Río Bolaños 1,False,False,0,0.0,False
C32030,La Florida,22.686111,-103.6025,1870,Zacatecas,Valparaíso,12,Arroyo Lobatos,False,False,0,0.0,False
LFLZC,"La Florida, Zac.",22.686944,-103.603056,1840,Zacatecas,Valparaíso,12,Arroyo Lobatos,True,True,5690,0.9736481861738535,True
C32117,Las Animas,22.490556,-103.838889,1947,Zacatecas,Valparaíso,12,Río Atengo,False,False,0,0.0,False
LOBZC,"Manuel Felgueres, Zac.",22.845278,-103.382778,1989,Zacatecas,Valparaíso,12,Arroyo Lobatos,True,True,5707,0.9765571526351814,True
C32134,Milpillas de La Sierra,23.091944,-103.671111,2371,Zacatecas,Valparaíso,12,Río San Juan,False,False,0,0.0,False
C32095,Pajaritos de La Sierra,22.520833,-104.318611,2596,Zacatecas,Valparaíso,12,Río Atengo,False,False,0,0.0,False
C32135,Potrero de Gallegos,22.649722,-103.699722,2017,Zacatecas,Valparaíso,12,Río Bolaños 1,False,False,0,0.0,False
C32100,San Isidro de Los Gonzalez,22.844722,-103.3825,2037,Zacatecas,Valparaíso,12,Arroyo Lobatos,False,False,0,0.0,False
C32101,San José de Los Llanetes,22.911667,-103.278056,2184,Zacatecas,Valparaíso,12,Arroyo Lobatos,False,False,0,0.0,False
C32069,San Juan Capistrano,22.645278,-104.100556,1197,Zacatecas,Valparaíso,12,Río San Juan,False,False,0,0.0,False
C32109,San Pedro de La Sierra,22.771944,-103.944167,1893,Zacatecas,Valparaíso,12,Río San Juan,False,False,0,0.0,False
C32085,Santa Lucia,22.468056,-104.216667,2203,Zacatecas,Valparaíso,12,Río Atengo,False,False,0,0.0,False
C32102,Tonalá,22.716667,-103.55,1961,Zacatecas,Valparaíso,12,Arroyo Lobatos,False,False,0,0.0,False
C32098,Valparaíso,22.772778,-103.568611,1915,Zacatecas,Valparaíso,12,Arroyo Lobatos,False,False,0,0.0,False
C32060,Villa García,22.15,-101.95,2087,Zacatecas,Villa García,12,Presa El Niágara,False,False,0,0.0,False
C32072,Villa García,22.166389,-101.951944,2110,Zacatecas,Villa García,12,Presa El Niágara,False,False,0,0.0,False
C32119,Felipe Ángeles,22.548056,-102.790833,2092,Zacatecas,Villanueva,12,Presa El Chique,False,False,0,0.0,False
TAYZC,"Ing. Julián Adame Alatorre, Zac.",22.120556,-102.864167,1729,Zacatecas,Villanueva,12,Presa El Chique,True,True,5706,0.9763860369609856,True
C32099,Malpaso,22.616944,-102.767222,2119,Zacatecas,Villanueva,12,Presa El Chique,False,False,0,0.0,False
C32042,Palomas,22.347222,-102.796667,2025,Zacatecas,Villanueva,12,Río Palomas,False,False,0,0.0,False
PALZC,"Palomas, Zac.",22.347778,-102.798056,2025,Zacatecas,Villanueva,12,Río Palomas,True,True,5659,0.9683436002737851,True
C32175,Presa Julián Adame,22.120833,-102.859167,1810,Zacatecas,Villanueva,12,Presa El Chique,False,False,0,0.0,False
C32055,Tayahua,22.097778,-102.871944,1729,Zacatecas,Villanueva,12,Presa El Chique,False,False,0,0.0,False
C32062,Villanueva,22.35,-102.883333,1893,Zacatecas,Villanueva,12,Presa El Chique,False,False,0,0.0,False
C32073,Villanueva,22.362778,-102.889167,1935,Zacatecas,Villanueva,12,Presa El Chique,False,False,0,0.0,False
C32044,Escuela de Agronomía Uaz,22.721111,-102.686667,2224,Zacatecas,Zacatecas,12,Presa El Chique,False,False,0,0.0,False
